id;numCavite;indiceBSS;designationBSS;natureCavite;typeCavite;typeCaviteAppauvri;nomCavite;statut;confidentialite;raisonConfidentialite;organismeChxConfidentialite;reperageGeographique;positionnement;positionnementAppauvri;sourceCoordonnees;precisionXY;dateValidite;auteurDescription;dateMajCavite;lambertOuvrage;xOuvrage;yOuvrage;zOuvrage;xouvl2e;youvl2e;numInsee;commentaires;caviteAssociee;cUserSaisie;cDateSaisie;cUserModif;dateValidationSaisie;dateValidationDiffusion;userValidationSaisie;userValidationDiffusion;statutValidation;dangerosite;
"107549";"AQIAA0020001";;;"galeries filantes";"carrière";"carriere";"Clottet_La_Boye";"abandon";"public";;;"centre cavité";"approché";"approche";"plan au 1/2500";"25";"2009-03-02";"M.BORDONNE";"2009-05-26";"5";"392725.000000";"1965670.000000";;"392725";"1965670";"33008";;;"gironde@brgm.fr";"2009-12-09";"gironde@brgm.fr";"2009-01-01";"2011-08-22";"S.BesdeBerc@brgm.fr";"sbdbAdministrateur@brgm.fr";"2";;
"108175";"AQIAA0020002";;;"chambres et piliers";"carrière";"carriere";"La_Boye";"abandon";"public";;;"centre cavité";"approché";"approche";"plan au 1/2500";"25";"2009-03-02";"M.BORDONNE";"2009-03-17";"5";"392600.000000";"1965732.000000";;"392600";"1965732";"33008";;;"gironde@brgm.fr";"2009-12-09";"gironde@brgm.fr";"2009-01-01";"2011-08-22";"S.BesdeBerc@brgm.fr";"sbdbAdministrateur@brgm.fr";"2";;
"104150";"AQIAA0020003";;;"chambres et piliers";"carrière";"carriere";"Talusson_Ouest_02";"abandon";"public";;;"centre cavité";"approché";"approche";"GPS";"0";"2009-03-02";"M.BORDONNE";"2009-05-27";"5";"393912.000000";"1967354.000000";;"393912";"1967354";"33008";;;"gironde@brgm.fr";"2009-12-09";"gironde@brgm.fr";"2009-01-01";"2011-08-22";"S.BesdeBerc@brgm.fr";"sbdbAdministrateur@brgm.fr";"2";;
"104629";"AQIAA0020004";;;"chambres et piliers";"carrière";"carriere";"Talusson_Ouest_01";"abandon";"public";;;"centre cavité";"approché";"approche";"GPS";"0";"3009-03-02";"M.BORDONNE";"2009-05-27";"5";"393878.000000";"1967321.000000";;"393878";"1967321";"33008";;;"gironde@brgm.fr";"2009-12-09";"gironde@brgm.fr";"2009-01-01";"2011-08-22";"S.BesdeBerc@brgm.fr";"sbdbAdministrateur@brgm.fr";"2";;
"106978";"AQIAA0020005";;;"chambres et piliers";"carrière";"carriere";"Chateau_de_Benauge_01";"abandon";"public";;;"centre cavité";"précis";"precis";"plan au 1/500";"5";"2009-03-02";"M.BORDONNE";"2009-03-16";"5";"392553.000000";"1966399.000000";;"392553";"1966399";"33008";;;"gironde@brgm.fr";"2009-12-09";"gironde@brgm.fr";"2009-01-01";"2011-08-22";"S.BesdeBerc@brgm.fr";"sbdbAdministrateur@brgm.fr";"2";;
"104203";"AQIAA0020006";;;"chambres et piliers";"carrière";"carriere";"Chateau_de_Benauge_02_RD";"abandon";"public";;;"centre cavité";"précis";"precis";"carte au 1/25000";"5";"2009-03-02";"M.BORDONNE";"2009-03-12";"5";"392642.000000";"1966409.000000";;"392642";"1966409";"33008";;;"gironde@brgm.fr";"2009-12-09";"gironde@brgm.fr";"2009-01-01";"2011-08-22";"S.BesdeBerc@brgm.fr";"sbdbAdministrateur@brgm.fr";"2";;
"107345";"AQIAA0020007";;;"chambres et piliers";"carrière";"carriere";"La_Nougarède_02";"abandon";"public";;;"centre cavité";"approché";"approche";"carte au 1/25000";"25";"2009-03-02";"M.BORDONNE";"2009-03-12";"5";"382894.000000";"1998647.000000";;"382894";"1998647";"33016";;;"gironde@brgm.fr";"2009-12-09";"gironde@brgm.fr";"2009-01-01";"2011-08-22";"S.BesdeBerc@brgm.fr";"sbdbAdministrateur@brgm.fr";"2";;
"104907";"AQIAA0020009";;;"chambres et piliers";"carrière";"carriere";"La_Nougarède_01";"abandon";"public";;;"centre cavité";"approché";"approche";"carte au 1/25000";"25";"2009-03-02";"M.BORDONNE";"2009-03-12";"5";"382976.000000";"1998619.000000";;"382976";"1998619";"33016";;;"gironde@brgm.fr";"2009-12-09";"gironde@brgm.fr";"2009-01-01";"2011-08-22";"S.BesdeBerc@brgm.fr";"sbdbAdministrateur@brgm.fr";"2";;
"107691";"AQIAA0020010";;;"chambres et piliers";"carrière";"carriere";"Le_Bourg";"abandon";"public";;;"centre cavité";"approché";"approche";"plan au 1/200";"25";"2009-03-02";"M.BORDONNE";"2009-03-12";"5";"382979.000000";"1998248.000000";;"382979";"1998248";"33016";;;"gironde@brgm.fr";"2009-12-09";"gironde@brgm.fr";"2009-01-01";"2011-08-22";"S.BesdeBerc@brgm.fr";"sbdbAdministrateur@brgm.fr";"2";;
"105486";"AQIAA0020011";;;"chambres et piliers";"carrière";"carriere";"Le_Luc";"abandon";"public";;;"centre cavité";"approché";"approche";"plan au 1/2500";"25";"2009-03-02";"M.BORDONNE";"2009-03-12";"5";"400539.000000";"1973470.000000";;"400539";"1973470";"33025";;;"gironde@brgm.fr";"2009-12-09";"gironde@brgm.fr";"2009-01-01";"2011-08-22";"S.BesdeBerc@brgm.fr";"sbdbAdministrateur@brgm.fr";"2";;
"107843";"AQIAA0020012";;;"chambres et piliers";"carrière";"carriere";"Sacremont_01";"abandon";"public";;;"centre cavité";"approché";"approche";"plan au 1/2500";"25";"2009-03-02";"M.BORDONNE";"2009-03-12";"5";"400890.000000";"1973282.000000";;"400890";"1973282";"33025";;;"gironde@brgm.fr";"2009-12-09";"gironde@brgm.fr";"2009-01-01";"2011-08-22";"S.BesdeBerc@brgm.fr";"sbdbAdministrateur@brgm.fr";"2";;
"107979";"AQIAA0020013";;;"chambres et piliers";"carrière";"carriere";"Sacremont_02";"abandon";"public";;;"centre cavité";"approché";"approche";"plan au 1/2500";"25";"2009-03-02";"M.BORDONNE";"2009-03-12";"5";"400824.000000";"1973203.000000";;"400824";"1973203";"33025";;;"gironde@brgm.fr";"2009-12-09";"gironde@brgm.fr";"2009-01-01";"2011-08-22";"S.BesdeBerc@brgm.fr";"sbdbAdministrateur@brgm.fr";"2";;
"107859";"AQIAA0020014";;;"chambres et piliers";"carrière";"carriere";"Sacremont_03";"abandon";"public";;;"centre cavité";"approché";"approche";"carte au 1/25000";"25";"2009-03-02";"M.BORDONNE";"2009-03-12";"5";"400824.000000";"1973127.000000";;"400824";"1973127";"33025";;;"gironde@brgm.fr";"2009-12-09";"gironde@brgm.fr";"2009-01-01";"2011-08-22";"S.BesdeBerc@brgm.fr";"sbdbAdministrateur@brgm.fr";"2";;
"107386";"AQIAA0020015";;;"chambres et piliers";"carrière";"carriere";"Sacremont_04";"abandon";"public";;;"centre cavité";"approché";"approche";"plan au 1/2500";"25";"2009-03-02";"M.BORDONNE";"2009-03-12";"5";"400802.000000";"1973069.000000";;"400802";"1973069";"33025";;;"gironde@brgm.fr";"2009-12-09";"gironde@brgm.fr";"2009-01-01";"2011-08-22";"S.BesdeBerc@brgm.fr";"sbdbAdministrateur@brgm.fr";"2";;
"104846";"AQIAA0020016";;;"chambres et piliers";"carrière";"carriere";"La_Salace";"abandon";"public";;;"centre cavité";"approché";"approche";"carte au 1/10000";"50";"2009-03-02";"M.BORDONNE";"2010-01-07";"5";"388797.000000";"1958196.000000";;"388797";"1958196";"33030";;;"gironde@brgm.fr";"2009-12-09";"gironde@brgm.fr";"2009-01-01";"2011-08-22";"S.BesdeBerc@brgm.fr";"sbdbAdministrateur@brgm.fr";"2";;
"107614";"AQIAA0020017";;;"chambres et piliers";"carrière";"carriere";"Saint_James";"abandon";"public";;;"centre cavité";"approché";"approche";"plan au 1/2000";"25";"2009-03-02";"M.BORDONNE";"2009-03-12";"5";"374507.000000";"1994785.000000";;"374507";"1994785";"33032";;;"gironde@brgm.fr";"2009-12-09";"gironde@brgm.fr";"2009-01-01";"2011-08-22";"S.BesdeBerc@brgm.fr";"sbdbAdministrateur@brgm.fr";"2";;
"104518";"AQIAA0020018";;;"galeries filantes";"carrière";"carriere";"Le_Roc_01";"abandon";"public";;;"centre cavité";"approché";"approche";"plan au 1/2000";"25";"2009-03-02";"M.BORDONNE";"2009-03-17";"5";"397210.000000";"1939744.000000";;"397210";"1939744";"33036";;;"gironde@brgm.fr";"2009-12-09";"gironde@brgm.fr";"2009-01-01";"2011-08-22";"S.BesdeBerc@brgm.fr";"sbdbAdministrateur@brgm.fr";"2";;
"104835";"AQIAA0020019";;;"galeries filantes";"carrière";"carriere";"Clottet_Le_Roc_02_Haoua";"abandon";"public";;;"centre cavité";"approché";"approche";"plan au 1/2000";"25";"2009-03-02";"M.BORDONNE";"2009-03-17";"5";"397486.000000";"1939685.000000";;"397486";"1939685";"33036";;;"gironde@brgm.fr";"2009-12-09";"gironde@brgm.fr";"2009-01-01";"2011-08-22";"S.BesdeBerc@brgm.fr";"sbdbAdministrateur@brgm.fr";"2";;
"104690";"AQIAA0020020";;;"galeries filantes";"carrière";"carriere";"Clottet_Le_Roc_03_Haoua";"abandon";"public";;;"centre cavité";"approché";"approche";"plan au 1/2000";"25";"2009-03-02";"M.BORDONNE";"2009-03-17";"5";"397578.000000";"1939777.000000";;"397578";"1939777";"33036";;;"gironde@brgm.fr";"2009-12-09";"gironde@brgm.fr";"2009-01-01";"2011-08-22";"S.BesdeBerc@brgm.fr";"sbdbAdministrateur@brgm.fr";"2";;
"2589";"AQIAA0020021";;;"chambres et piliers";"carrière";"carriere";"Le Roc_04";"abandon";"public";;;"centre cavité";"approché";"approche";"plan au 1/2000";"25";"2009-03-02";"M.BORDONNE";"2009-03-19";"5";"397614.000000";"1939807.000000";;"397614";"1939807";"33036";;;"gironde@brgm.fr";"2009-12-09";"gironde@brgm.fr";"2009-01-01";"2011-08-22";"S.BesdeBerc@brgm.fr";"sbdbAdministrateur@brgm.fr";"2";;
"104350";"AQIAA0020022";;;"chambres et galeries";"carrière";"carriere";"Boisson";"abandon";"public";;;"centre cavité";"approché";"approche";"plan au 1/2000";"25";"2009-03-03";"M.BORDONNE";"2009-03-17";"5";"388027.000000";"1964687.000000";;"388027";"1964687";"33040";;;"gironde@brgm.fr";"2009-12-09";"gironde@brgm.fr";"2009-01-01";"2011-08-22";"S.BesdeBerc@brgm.fr";"sbdbAdministrateur@brgm.fr";"2";;
"104914";"AQIAA0020023";;;"chambres et piliers";"carrière";"carriere";"Palette";"abandon";"public";;;"centre cavité";"précis";"precis";"plan au 1/1000";"10";"2009-03-03";"M.BORDONNE";"2009-03-17";"5";"389275.000000";"1964156.000000";;"389275";"1964156";"33040";;;"gironde@brgm.fr";"2009-12-09";"gironde@brgm.fr";"2009-01-01";"2011-08-22";"S.BesdeBerc@brgm.fr";"sbdbAdministrateur@brgm.fr";"2";;
"107976";"AQIAA0020024";;;"salle";"cave";"cave";"Les_Capots_01_La_Fabrique";"abandon";"public";;;"centre cavité";"précis";"precis";"plan au 1/1000";"10";"2009-03-03";"M.BORDONNE";"2009-03-17";"5";"389053.000000";"1963476.000000";;"389053";"1963476";"33040";;;"gironde@brgm.fr";"2009-12-09";"gironde@brgm.fr";"2009-01-01";"2011-08-22";"S.BesdeBerc@brgm.fr";"sbdbAdministrateur@brgm.fr";"2";;
"107387";"AQIAA0020025";;;"galeries filantes";"carrière";"carriere";"Clottet_Les_Capots_02_Le_Parc";"abandon";"public";;;"centre cavité";"précis";"precis";"plan au 1/1000";"10";"2009-03-03";"M.BORDONNE";"2009-03-17";"5";"389002.000000";"1963447.000000";;"389002";"1963447";"33040";;;"gironde@brgm.fr";"2009-12-09";"gironde@brgm.fr";"2009-01-01";"2011-08-22";"S.BesdeBerc@brgm.fr";"sbdbAdministrateur@brgm.fr";"2";;
"104419";"AQIAA0020026";;;"chambres et galeries";"carrière";"carriere";"Clottet_Le_Bourg_01";"abandon";"public";;;"centre cavité";"précis";"precis";"GPS";"0";"2009-03-03";"M.BORDONNE";"2009-03-17";"5";"401323.000000";"1977345.000000";;"401323";"1977345";"33044";;;"gironde@brgm.fr";"2009-12-09";"gironde@brgm.fr";"2009-01-01";"2011-08-22";"S.BesdeBerc@brgm.fr";"sbdbAdministrateur@brgm.fr";"2";;
"104890";"AQIAA0020027";;;"chambres et galeries";"carrière";"carriere";"Clottet_Le_Bourg_02";"abandon";"public";;;"centre cavité";"précis";"precis";"GPS";"0";"2009-03-03";"M.BORDONNE";"2009-03-17";"5";"401346.000000";"1977304.000000";;"401346";"1977304";"33044";;;"gironde@brgm.fr";"2009-12-09";"gironde@brgm.fr";"2009-01-01";"2011-08-22";"S.BesdeBerc@brgm.fr";"sbdbAdministrateur@brgm.fr";"2";;
"118669";"AQIAA0020028";;;"galeries filantes";"carrière";"carriere";"Mirambeau_01";"abandon";"public";;;"centre cavité";"précis";"precis";"plan au 1/500";"10";"2009-03-03";"M.BORDONNE";"2009-10-07";"5";"400794.000000";"1977163.000000";;"400794";"1977163";"33044";;;"gironde@brgm.fr";"2009-12-09";"gironde@brgm.fr";"2009-01-01";"2011-08-22";"S.BesdeBerc@brgm.fr";"sbdbAdministrateur@brgm.fr";"2";;
"107335";"AQIAA0020029";;;"galeries filantes";"carrière";"carriere";"Clottet_Mirambeau_02";"abandon";"public";;;"centre cavité";"précis";"precis";"GPS";"0";"2009-03-03";"M.BORDONNE";"2009-03-17";"5";"400804.000000";"1977106.000000";;"400804";"1977106";"33044";;;"gironde@brgm.fr";"2009-12-09";"gironde@brgm.fr";"2009-01-01";"2011-08-22";"S.BesdeBerc@brgm.fr";"sbdbAdministrateur@brgm.fr";"2";;
"107699";"AQIAA0020030";;;"galeries filantes";"carrière";"carriere";"Clottet_La_Goilane_03";"abandon";"public";;;"centre cavité";"précis";"precis";"GPS";"0";"2009-03-03";"M.BORDONNE";"2009-03-17";"5";"400228.000000";"1976665.000000";;"400228";"1976665";"33044";;;"gironde@brgm.fr";"2009-12-09";"gironde@brgm.fr";"2009-01-01";"2011-08-22";"S.BesdeBerc@brgm.fr";"sbdbAdministrateur@brgm.fr";"2";;
"2823";"AQIAA0020031";;;"chambres et piliers";"carrière";"carriere";"La_Goilane_02";"abandon";"public";;;"centre cavité";"précis";"precis";"GPS";"0";"2009-03-03";"M.BORDONNE";"2009-03-17";"5";"400171.000000";"1976704.000000";;"400171";"1976704";"33044";;;"gironde@brgm.fr";"2009-12-09";"gironde@brgm.fr";"2009-01-01";"2011-08-22";"S.BesdeBerc@brgm.fr";"sbdbAdministrateur@brgm.fr";"2";;
"104847";"AQIAA0020032";;;"galeries filantes";"carrière";"carriere";"La_Goilane_01";"abandon";"public";;;"centre cavité";"précis";"precis";"GPS";"0";"2009-03-03";"M.BORDONNE";"2009-10-07";"5";"400129.000000";"1976689.000000";;"400129";"1976689";"33044";;;"gironde@brgm.fr";"2009-12-09";"gironde@brgm.fr";"2009-01-01";"2011-08-22";"S.BesdeBerc@brgm.fr";"sbdbAdministrateur@brgm.fr";"2";;
"104906";"AQIAA0020035";;;"galeries filantes";"carrière";"carriere";"Balette";"abandon";"public";;;"centre cavité";"approché";"approche";"plan au 1/5000";"25";"2009-03-03";"M.BORDONNE";"2009-04-06";"5";"412733.000000";"1989124.000000";;"412733";"1989124";"33045";;;"gironde@brgm.fr";"2009-12-09";"gironde@brgm.fr";"2009-01-01";"2011-08-22";"S.BesdeBerc@brgm.fr";"sbdbAdministrateur@brgm.fr";"2";;
"104198";"AQIAA0020036";;;"chambres et galeries";"carrière";"carriere";"Guilhembouey";"abandon";"public";;;"centre cavité";"approché";"approche";"carte au 1/25000";"25";"2009-03-03";"M.BORDONNE";"2009-10-14";"5";"408589.000000";"1975416.000000";;"408589";"1975416";"33057";;;"gironde@brgm.fr";"2009-12-09";"gironde@brgm.fr";"2009-01-01";"2011-08-22";"S.BesdeBerc@brgm.fr";"sbdbAdministrateur@brgm.fr";"2";;
"2602";"AQIAA0020037";;;"galeries filantes";"carrière";"carriere";"Clottet_Laridelle_02";"abandon";"public";;;"centre cavité";"précis";"precis";"plan au 1/200";"5";"2009-03-03";"M.BORDONNE";"2009-03-17";"5";"394593.000000";"1979505.000000";;"394593";"1979505";"33059";;;"gironde@brgm.fr";"2009-12-09";"gironde@brgm.fr";"2009-01-01";"2011-08-22";"S.BesdeBerc@brgm.fr";"sbdbAdministrateur@brgm.fr";"2";;
"107350";"AQIAA0020038";;;"galeries filantes";"carrière";"carriere";"Clottet_Laridelle_01";"abandon";"public";;;"centre cavité";"précis";"precis";"plan au 1/200";"10";"2009-03-03";"M.BORDONNE";"2009-03-17";"5";"394620.000000";"1979515.000000";;"394620";"1979515";"33059";;;"gironde@brgm.fr";"2009-12-09";"gironde@brgm.fr";"2009-01-01";"2011-08-22";"S.BesdeBerc@brgm.fr";"sbdbAdministrateur@brgm.fr";"2";;
"105551";"AQIAA0020039";;;"galeries filantes";"carrière";"carriere";"Clottet_Pont_Traoucat_06";"abandon";"public";;;"centre cavité";"approché";"approche";"plan au 1/200";"5";"2009-03-03";"M.BORDONNE";"2009-03-17";"5";"394693.000000";"1979510.000000";;"394693";"1979510";"33059";;;"gironde@brgm.fr";"2009-12-09";"gironde@brgm.fr";"2009-01-01";"2011-08-22";"S.BesdeBerc@brgm.fr";"sbdbAdministrateur@brgm.fr";"2";;
"104628";"AQIAA0020040";;;"galeries filantes";"carrière";"carriere";"Clottet_Pont_Traoucat_05";"abandon";"public";;;"centre cavité";"approché";"approche";"plan au 1/1000";"25";"2009-03-03";"M.BORDONNE";"2009-03-23";"5";"394698.000000";"1979524.000000";;"394698";"1979524";"33059";;;"gironde@brgm.fr";"2009-12-09";"gironde@brgm.fr";"2009-01-01";"2011-08-22";"S.BesdeBerc@brgm.fr";"sbdbAdministrateur@brgm.fr";"2";;
"104338";"AQIAA0020041";;;"galeries filantes";"carrière";"carriere";"Clottet_Pont_Traoucat_04";"abandon";"public";;;"centre cavité";"approché";"approche";"plan au 1/1000";"25";"2009-03-03";"M.BORDONNE";"2009-03-17";"5";"394715.000000";"1979527.000000";;"394715";"1979527";"33059";;;"gironde@brgm.fr";"2009-12-09";"gironde@brgm.fr";"2009-01-01";"2011-08-22";"S.BesdeBerc@brgm.fr";"sbdbAdministrateur@brgm.fr";"2";;
"107561";"AQIAA0020042";;;"chambres et piliers";"carrière";"carriere";"Pont_Traoucat_03";"abandon";"public";;;"centre cavité";"approché";"approche";"plan au 1/1000";"25";"2009-03-03";"M.BORDONNE";"2009-05-27";"5";"394782.000000";"1979548.000000";;"394782";"1979548";"33059";;;"gironde@brgm.fr";"2009-12-09";"gironde@brgm.fr";"2009-01-01";"2011-08-22";"S.BesdeBerc@brgm.fr";"sbdbAdministrateur@brgm.fr";"2";;
"2877";"AQIAA0020043";;;"galeries filantes";"carrière";"carriere";"Clottet_Pont_Traoucat_02";"abandon";"public";;;"centre cavité";"précis";"precis";"plan au 1/200";"10";"2009-03-03";"M.BORDONNE";"2009-03-17";"5";"394748.000000";"1979651.000000";;"394748";"1979651";"33059";;;"gironde@brgm.fr";"2009-12-09";"gironde@brgm.fr";"2009-01-01";"2011-08-22";"S.BesdeBerc@brgm.fr";"sbdbAdministrateur@brgm.fr";"2";;
"104689";"AQIAA0020044";;;"galeries filantes";"carrière";"carriere";"Clottet_Pont_Traoucat_01";"abandon";"public";;;"centre cavité";"approché";"approche";"plan au 1/1000";"25";"2009-03-03";"M.BORDONNE";"2009-03-17";"5";"394808.000000";"1979680.000000";;"394808";"1979680";"33059";;;"gironde@brgm.fr";"2009-12-09";"gironde@brgm.fr";"2009-01-01";"2011-08-22";"S.BesdeBerc@brgm.fr";"sbdbAdministrateur@brgm.fr";"2";;
"2758";"AQIAA0020045";;;"galeries filantes";"carrière";"carriere";"Clottet_Le_Temple_02";"abandon";"public";;;"centre cavité";"précis";"precis";"plan au 1/500";"10";"2009-03-03";"M.BORDONNE";"2009-03-17";"5";"395093.000000";"1979735.000000";;"395093";"1979735";"33059";;;"gironde@brgm.fr";"2009-12-09";"gironde@brgm.fr";"2009-01-01";"2011-08-22";"S.BesdeBerc@brgm.fr";"sbdbAdministrateur@brgm.fr";"2";;
"104328";"AQIAA0020046";;;"chambres et piliers";"carrière";"carriere";"Le_Temple_01";"abandon";"public";;;"centre cavité";"précis";"precis";"GPS";"0";"2009-03-03";"M.BORDONNE";"2009-03-17";"5";"395217.000000";"1979692.000000";;"395217";"1979692";"33059";;;"gironde@brgm.fr";"2009-12-09";"gironde@brgm.fr";"2009-01-01";"2011-08-22";"S.BesdeBerc@brgm.fr";"sbdbAdministrateur@brgm.fr";"2";;
"108099";"AQIAA0020047";;;"chambres et piliers";"carrière";"carriere";"Le_Bourg_de_Bonnetan_01";"abandon";"public";;;"centre cavité";"précis";"precis";"plan au 1/2500";"10";"2009-03-03";"M.BORDONNE";"2009-03-17";"5";"382589.000000";"1983853.000000";;"382589";"1983853";"33061";;;"gironde@brgm.fr";"2009-12-09";"gironde@brgm.fr";"2009-01-01";"2011-08-22";"S.BesdeBerc@brgm.fr";"sbdbAdministrateur@brgm.fr";"2";;
"2617";"AQIAA0020048";;;"chambres et piliers";"carrière";"carriere";"Le_Bourg_de Bonnetan_03";"abandon";"public";;;"centre cavité";"approché";"approche";"plan au 1/5000";"25";"2009-03-03";"M.BORDONNE";"2009-03-17";"5";"382564.000000";"1983804.000000";;"382564";"1983804";"33061";;;"gironde@brgm.fr";"2009-12-09";"gironde@brgm.fr";"2009-01-01";"2011-08-22";"S.BesdeBerc@brgm.fr";"sbdbAdministrateur@brgm.fr";"2";;
"104331";"AQIAA0020049";;;"orifice_naturel_horizontal";"naturelle";"naturelle";"Puits_Le_Bourg_de_Bonnetan_02";"abandon";"public";;;"orifice visible";"approché";"approche";"plan au 1/2500";"25";"2009-03-03";"M.BORDONNE";"2009-03-23";"5";"382612.000000";"1983819.000000";;"382612";"1983819";"33061";;;"gironde@brgm.fr";"2009-12-09";"gironde@brgm.fr";"2009-01-01";"2011-08-22";"S.BesdeBerc@brgm.fr";"sbdbAdministrateur@brgm.fr";"2";;
"111195";"AQIAA0020050";;;"chambres et piliers";"carrière";"carriere";"Le_Bourg_Sud_de_Bonnetan";"abandon";"public";;;"centre cavité";"approché";"approche";"plan au 1/2500";"50";"2009-03-03";"M.BORDONNE";"2010-01-07";"5";"382777.000000";"1983806.000000";;"382777";"1983806";"33061";;;"gironde@brgm.fr";"2009-12-09";"gironde@brgm.fr";"2009-01-01";"2011-08-22";"S.BesdeBerc@brgm.fr";"sbdbAdministrateur@brgm.fr";"2";;
"2621";"AQIAA0020052";;;"chambres et piliers";"carrière";"carriere";"Serbeau_01";"abandon";"public";;;"centre cavité";"précis";"precis";"GPS";"5";"2009-03-03";"M.BORDONNE";"2009-03-20";"5";"382358.000000";"1983314.000000";;"382358";"1983314";"33061";;;"gironde@brgm.fr";"2009-12-09";"gironde@brgm.fr";"2009-01-01";"2011-08-22";"S.BesdeBerc@brgm.fr";"sbdbAdministrateur@brgm.fr";"2";;
"111194";"AQIAA0020053";;;"chambres et piliers";"carrière";"carriere";"Serbeau_02";"abandon";"public";;;"centre cavité";"précis";"precis";"GPS";"5";"2009-03-03";"M.BORDONNE";"2009-03-23";"5";"382396.000000";"1983306.000000";;"382396";"1983306";"33061";;;"gironde@brgm.fr";"2009-12-09";"gironde@brgm.fr";"2009-01-01";"2011-08-22";"S.BesdeBerc@brgm.fr";"sbdbAdministrateur@brgm.fr";"2";;
"105591";"AQIAA0020054";;;"chambres et piliers";"carrière";"carriere";"Serbeau_03";"abandon";"public";;;"centre cavité";"précis";"precis";"GPS";"5";"2009-03-03";"M.BORDONNE";"2009-03-20";"5";"382427.000000";"1983276.000000";;"382427";"1983276";"33061";;;"gironde@brgm.fr";"2009-12-09";"gironde@brgm.fr";"2009-01-01";"2011-08-22";"S.BesdeBerc@brgm.fr";"sbdbAdministrateur@brgm.fr";"2";;
"104877";"AQIAA0020055";;;"chambres et piliers";"carrière";"carriere";"Serbeau_05";"abandon";"public";;;"centre cavité";"précis";"precis";"GPS";"5";"2009-03-03";"M.BORDONNE";"2009-03-20";"5";"382436.000000";"1983259.000000";;"382436";"1983259";"33061";;;"gironde@brgm.fr";"2009-12-09";"gironde@brgm.fr";"2009-01-01";"2011-08-22";"S.BesdeBerc@brgm.fr";"sbdbAdministrateur@brgm.fr";"2";;
"761";"AQIAA0020056";;;"chambres et piliers";"carrière";"carriere";"Serbeau_06";"abandon";"public";;;"centre cavité";"précis";"precis";"GPS";"5";"2009-03-03";"M.BORDONNE";"2009-03-23";"5";"382467.000000";"1983263.000000";;"382467";"1983263";"33061";;;"gironde@brgm.fr";"2009-12-09";"gironde@brgm.fr";"2009-01-01";"2011-08-22";"S.BesdeBerc@brgm.fr";"sbdbAdministrateur@brgm.fr";"2";;
"104524";"AQIAA0020057";;;"chambres et piliers";"carrière";"carriere";"Serbeau_04";"abandon";"public";;;"centre cavité";"précis";"precis";"GPS";"5";"2009-03-03";"M.BORDONNE";"2009-03-20";"5";"382478.000000";"1983264.000000";;"382478";"1983264";"33061";;;"gironde@brgm.fr";"2009-12-09";"gironde@brgm.fr";"2009-01-01";"2011-08-22";"S.BesdeBerc@brgm.fr";"sbdbAdministrateur@brgm.fr";"2";;
"106723";"AQIAA0020058";;;"chambres et piliers";"carrière";"carriere";"Plantier";"abandon";"public";;;"centre cavité";"approché";"approche";"plan au 1/1000";"25";"2009-03-03";"M.BORDONNE";"2009-03-20";"5";"382398.000000";"1983145.000000";;"382398";"1983145";"33061";;;"gironde@brgm.fr";"2009-12-09";"gironde@brgm.fr";"2009-01-01";"2011-08-22";"S.BesdeBerc@brgm.fr";"sbdbAdministrateur@brgm.fr";"2";;
"107510";"AQIAA0020059";;;"chambres et piliers";"carrière";"carriere";"Serbeau_07";"abandon";"public";;;"centre cavité";"précis";"precis";"GPS";"5";"2009-03-03";"M.BORDONNE";"2009-05-27";"5";"382371.000000";"1983302.000000";;"382371";"1983302";"33061";;;"gironde@brgm.fr";"2009-12-09";"gironde@brgm.fr";"2009-01-01";"2011-08-22";"S.BesdeBerc@brgm.fr";"sbdbAdministrateur@brgm.fr";"2";;
"4762";"AQIAA0020060";;;"chambres et piliers";"carrière";"carriere";"Citon_Graves_RD";"abandon";"public";;;"centre cavité";"approché";"approche";"plan au 1/5000";"50";"2011-03-16";"M.BORDONNE";"2011-07-27";"5";"378679.000000";"1980720.000000";"45";"378679";"1980720";"33118";"Cavité  localement affaissée, effondrement évolutif.3 Evenements sont rapportés sur cette cavité :- Fiche BDMVT 633 00110 : Un effondrement partiel par rupture des piliers avait provoqué le 18 février 1970  (L2e ; X : 378 286 ; Y : 1 981 032 ; z = 45 m) des affaissements important dans le hameau de CIton. Ce hameau avait été évacué, il est depuis à l'abandon. - Fiche BDMVT 203 00102 : Fissures rapportées vers 1960  au nord de Citon (WGS84 ; X : -0,46400° ; Y : 44,79555°; coordonnées aproximatives)- Fiche BDMVT 203 00104 : affaissement de1,5 m rapporté en 1003 au Sud Est de Citon de part et d'autre du Chemin des Morts (WGS84 ; X : -0,46240° ; Y : 44,79329° ; coordonnées aproximatives) La carrière souterraine presente des piliers en mauvais états en de nombreux points : Panneaux de pilliers effondrés, pilliers en ""diabolo"",  tassements du toit sur quelques centimètres.Le point est situé au centroide de l'emprise connue de la carrières (115 Ha). Il existe de très nombreuses entrées horizontales et puits (appelé ""aplomb"" en Gironde). On compte jusqu'a 4 niveaux de carrières dans le Calcaire à Asteries exploités pour la pierre de taille (source principale de pierre pour la construction de Bordeaux), avec une profondeur variable (jusqu'a 45 m de profondeur).
Risque d'effondrement";;"gironde@brgm.fr";"2009-12-09";"gironde@brgm.fr";"2009-01-01";"2011-08-22";"S.BesdeBerc@brgm.fr";"sbdbAdministrateur@brgm.fr";"2";;
"107418";"AQIAA0020061";;;"chambres et piliers";"carrière";"carriere";"Clottet_Brignon_03";"abandon";"public";;;"centre cavité";"approché";"approche";"plan au 1/2000";"25";"2009-03-03";"M.BORDONNE";"2009-07-17";"5";"378007.000000";"1980756.000000";;"378007";"1980756";"33118";;;"gironde@brgm.fr";"2009-12-09";"gironde@brgm.fr";"2009-01-01";"2011-08-22";"S.BesdeBerc@brgm.fr";"sbdbAdministrateur@brgm.fr";"2";;
"2584";"AQIAA0020062";;;"chambres et piliers";"carrière";"carriere";"Brignon_02";"abandon";"public";;;"centre cavité";"approché";"approche";"plan au 1/2000";"50";"2009-03-03";"M.BORDONNE";"2010-01-07";"5";"378044.000000";"1980714.000000";;"378044";"1980714";"33118";;;"gironde@brgm.fr";"2009-12-09";"gironde@brgm.fr";"2009-01-01";"2011-08-22";"S.BesdeBerc@brgm.fr";"sbdbAdministrateur@brgm.fr";"2";;
"107608";"AQIAA0020063";;;"chambres et piliers";"carrière";"carriere";"Brignon_01";"abandon";"public";;;"centre cavité";"approché";"approche";"plan au 1/2000";"50";"2009-03-03";"M.BORDONNE";"2010-01-07";"5";"377972.000000";"1980534.000000";;"377972";"1980534";"33118";;;"gironde@brgm.fr";"2009-12-09";"gironde@brgm.fr";"2009-01-01";"2011-08-22";"S.BesdeBerc@brgm.fr";"sbdbAdministrateur@brgm.fr";"2";;
"106777";"AQIAA0020064";;;"galeries filantes";"carrière";"carriere";"Clottet_Le Petit_Macon_01";"abandon";"public";;;"centre cavité";"approché";"approche";"plan au 1/2000";"50";"2009-03-03";"M.BORDONNE";"2010-01-07";"5";"377982.000000";"1980389.000000";;"377982";"1980389";"33118";;;"gironde@brgm.fr";"2009-12-09";"gironde@brgm.fr";"2009-01-01";"2011-08-22";"S.BesdeBerc@brgm.fr";"sbdbAdministrateur@brgm.fr";"2";;
"104833";"AQIAA0020065";;;"galeries filantes";"carrière";"carriere";"Brice_01";"abandon";"public";;;"centre cavité";"approché";"approche";"plan au 1/2000";"50";"2009-03-03";"M.BORDONNE";"2010-01-07";"5";"378019.000000";"1980121.000000";;"378019";"1980121";"33118";;;"gironde@brgm.fr";"2009-12-09";"gironde@brgm.fr";"2009-01-01";"2011-08-22";"S.BesdeBerc@brgm.fr";"sbdbAdministrateur@brgm.fr";"2";;
"107353";"AQIAA0020066";;;"galeries filantes";"carrière";"carriere";"Clottet_Brice_02";"abandon";"public";;;"centre cavité";"approché";"approche";"plan au 1/2000";"25";"2009-03-04";"M.BORDONNE";"2009-03-17";"5";"377809.000000";"1980172.000000";;"377809";"1980172";"33118";;;"gironde@brgm.fr";"2009-12-09";"gironde@brgm.fr";"2009-01-01";"2011-08-22";"S.BesdeBerc@brgm.fr";"sbdbAdministrateur@brgm.fr";"2";;
"104515";"AQIAA0020067";;;"chambres et piliers";"carrière";"carriere";"Lamothe_03";"abandon";"public";;;"centre cavité";"approché";"approche";"plan au 1/1000";"25";"2009-03-04";"M.BORDONNE";"2009-05-27";"5";"377469.000000";"1979945.000000";;"377469";"1979945";"33118";;;"gironde@brgm.fr";"2009-12-09";"gironde@brgm.fr";"2009-01-01";"2011-08-22";"S.BesdeBerc@brgm.fr";"sbdbAdministrateur@brgm.fr";"2";;
"104445";"AQIAA0020068";;;"chambres et piliers";"carrière";"carriere";"Clottet_Lamothe_01";"abandon";"public";;;"centre cavité";"approché";"approche";"plan au 1/1000";"25";"2009-03-04";"M.BORDONNE";"2009-03-17";"5";"377286.000000";"1980055.000000";;"377286";"1980055";"33118";;;"gironde@brgm.fr";"2009-12-09";"gironde@brgm.fr";"2009-01-01";"2011-08-22";"S.BesdeBerc@brgm.fr";"sbdbAdministrateur@brgm.fr";"2";;
"104968";"AQIAA0020069";;;"chambres et piliers";"carrière";"carriere";"Lamothe_02";"abandon";"public";;;"centre cavité";"approché";"approche";"plan au 1/1000";"25";"2009-03-04";"M.BORDONNE";"2009-05-27";"5";"377250.000000";"1979995.000000";;"377250";"1979995";"33118";;;"gironde@brgm.fr";"2009-12-09";"gironde@brgm.fr";"2009-01-01";"2011-08-22";"S.BesdeBerc@brgm.fr";"sbdbAdministrateur@brgm.fr";"2";;
"107693";"AQIAA0020070";;;"chambres et piliers";"carrière";"carriere";"Lamothe_04_Bernadotte";"abandon";"public";;;"centre cavité";"approché";"approche";"plan au 1/500";"25";"2009-03-04";"M.BORDONNE";"2009-07-17";"5";"377627.000000";"1979498.000000";;"377627";"1979498";"33118";;;"gironde@brgm.fr";"2009-12-09";"gironde@brgm.fr";"2009-01-01";"2011-08-22";"S.BesdeBerc@brgm.fr";"sbdbAdministrateur@brgm.fr";"2";;
"104631";"AQIAA0020071";;;"chambres et piliers";"carrière";"carriere";"Clos_Montagne_01_Caudeyran";"abandon";"public";;;"centre cavité";"approché";"approche";"plan au 1/500";"50";"2009-03-04";"M.BORDONNE";"2010-01-07";"5";"377905.000000";"1979541.000000";;"377905";"1979541";"33118";;;"gironde@brgm.fr";"2009-12-09";"gironde@brgm.fr";"2009-01-01";"2011-08-22";"S.BesdeBerc@brgm.fr";"sbdbAdministrateur@brgm.fr";"2";;
"106946";"AQIAA0020072";;;"chambres et piliers";"carrière";"carriere";"Clos_Montagne_02_Caudeyran";"abandon";"public";;;"centre cavité";"approché";"approche";"plan au 1/2000";"25";"2009-03-04";"M.BORDONNE";"2009-07-17";"5";"377918.000000";"1979457.000000";;"377918";"1979457";"33118";;;"gironde@brgm.fr";"2009-12-09";"gironde@brgm.fr";"2009-01-01";"2011-08-22";"S.BesdeBerc@brgm.fr";"sbdbAdministrateur@brgm.fr";"2";;
"107520";"AQIAA0020073";;;"chambres et piliers";"carrière";"carriere";"Clottet_Les_Rochers";"abandon";"public";;;"centre cavité";"approché";"approche";"plan au 1/1000";"25";"2009-03-04";"M.BORDONNE";"2009-03-20";"5";"379152.000000";"1979942.000000";;"379152";"1979942";"33118";;;"gironde@brgm.fr";"2009-12-09";"gironde@brgm.fr";"2009-01-01";"2011-08-22";"S.BesdeBerc@brgm.fr";"sbdbAdministrateur@brgm.fr";"2";;
"104475";"AQIAA0020074";;;"chambres et galeries";"carrière";"carriere";"Roumagoux_01";"abandon";"public";;;"centre cavité";"approché";"approche";"plan au 1/2000";"25";"2009-03-04";"M.BORDONNE";"2009-11-23";"5";"379158.000000";"1979789.000000";;"379158";"1979789";"33118";;;"gironde@brgm.fr";"2009-12-09";"gironde@brgm.fr";"2009-01-01";"2011-08-22";"S.BesdeBerc@brgm.fr";"sbdbAdministrateur@brgm.fr";"2";;
"104917";"AQIAA0020075";;;"chambres et piliers";"carrière";"carriere";"Roumagoux_02";"abandon";"public";;;"centre cavité";"approché";"approche";"plan au 1/2000";"25";"2009-03-04";"M.BORDONNE";"2009-03-20";"5";"379191.000000";"1979777.000000";;"379191";"1979777";"33118";;;"gironde@brgm.fr";"2009-12-09";"gironde@brgm.fr";"2009-01-01";"2011-08-22";"S.BesdeBerc@brgm.fr";"sbdbAdministrateur@brgm.fr";"2";;
"107471";"AQIAA0020076";;;"chambres et piliers";"carrière";"carriere";"Roumagoux_05";"abandon";"public";;;"centre cavité";"approché";"approche";"plan au 1/2000";"25";"2009-03-04";"M.BORDONNE";"2009-03-20";"5";"379207.000000";"1979737.000000";;"379207";"1979737";"33118";;;"gironde@brgm.fr";"2009-12-09";"gironde@brgm.fr";"2009-01-01";"2011-08-22";"S.BesdeBerc@brgm.fr";"sbdbAdministrateur@brgm.fr";"2";;
"107421";"AQIAA0020077";;;"chambres et piliers";"carrière";"carriere";"Roumagoux_06";"abandon";"public";;;"centre cavité";"approché";"approche";"plan au 1/2000";"50";"2009-03-04";"M.BORDONNE";"2010-01-07";"5";"379288.000000";"1979734.000000";;"379288";"1979734";"33118";;;"gironde@brgm.fr";"2009-12-09";"gironde@brgm.fr";"2009-01-01";"2011-08-22";"S.BesdeBerc@brgm.fr";"sbdbAdministrateur@brgm.fr";"2";;
"105532";"AQIAA0020078";;;"chambres et piliers";"carrière";"carriere";"Roumagoux_04";"abandon";"public";;;"centre cavité";"approché";"approche";"plan au 1/2000";"25";"2009-03-04";"M.BORDONNE";"2009-03-20";"5";"379269.000000";"1979690.000000";;"379269";"1979690";"33118";;;"gironde@brgm.fr";"2009-12-09";"gironde@brgm.fr";"2009-01-01";"2011-08-22";"S.BesdeBerc@brgm.fr";"sbdbAdministrateur@brgm.fr";"2";;
"107692";"AQIAA0020079";;;"chambres et piliers";"carrière";"carriere";"Roumagoux_07";"abandon";"public";;;"centre cavité";"approché";"approche";"plan au 1/2000";"50";"2009-03-04";"M.BORDONNE";"2010-01-07";"5";"379426.000000";"1979719.000000";;"379426";"1979719";"33118";;;"gironde@brgm.fr";"2009-12-09";"gironde@brgm.fr";"2009-01-01";"2011-08-22";"S.BesdeBerc@brgm.fr";"sbdbAdministrateur@brgm.fr";"2";;
"107909";"AQIAA0020080";;;"chambres et piliers";"carrière";"carriere";"Clottet_Mouline_02";"abandon";"public";;;"centre cavité";"approché";"approche";"plan au 1/1000";"25";"2009-03-04";"M.BORDONNE";"2009-03-20";"5";"379328.000000";"1979593.000000";;"379328";"1979593";"33118";;;"gironde@brgm.fr";"2009-12-09";"gironde@brgm.fr";"2009-01-01";"2011-08-22";"S.BesdeBerc@brgm.fr";"sbdbAdministrateur@brgm.fr";"2";;
"107127";"AQIAA0020081";;;"chambres et piliers";"carrière";"carriere";"Clottet_Mouline_01";"abandon";"public";;;"centre cavité";"approché";"approche";"plan au 1/1000";"25";"2009-03-04";"M.BORDONNE";"2009-09-14";"5";"379238.000000";"1979530.000000";;"379238";"1979530";"33118";;;"gironde@brgm.fr";"2009-12-09";"gironde@brgm.fr";"2009-01-01";"2011-08-22";"S.BesdeBerc@brgm.fr";"sbdbAdministrateur@brgm.fr";"2";;
"2662";"AQIAA0020083";;;"galeries filantes";"carrière";"carriere";"Rauzé_02";"abandon";"public";;;"centre cavité";"approché";"approche";"plan au 1/2000";"25";"2009-03-04";"M.BORDONNE";"2009-03-20";"5";"379933.000000";"1979129.000000";;"379933";"1979129";"33118";;;"gironde@brgm.fr";"2009-12-09";"gironde@brgm.fr";"2009-01-01";"2011-08-22";"S.BesdeBerc@brgm.fr";"sbdbAdministrateur@brgm.fr";"2";;
"107657";"AQIAA0020085";;;"chambres et piliers";"carrière";"carriere";"Fillet";"abandon";"public";;;"centre cavité";"approché";"approche";"plan au 1/500";"50";"2009-03-04";"M.BORDONNE";"2010-01-07";"5";"386675.000000";"1984944.000000";;"386675";"1984944";"33083";;;"gironde@brgm.fr";"2009-12-09";"gironde@brgm.fr";"2009-01-01";"2011-08-22";"S.BesdeBerc@brgm.fr";"sbdbAdministrateur@brgm.fr";"2";;
"105543";"AQIAA0020086";;;"chambres et piliers";"carrière";"carriere";"Le_Bourg_de_Camarsac_Sayes_RD";"abandon";"public";;;"centre cavité";"approché";"approche";"plan au 1/2000";"25";"2009-03-04";"M.BORDONNE";"2009-03-24";"5";"386446.000000";"1984749.000000";;"386446";"1984749";"33083";;;"gironde@brgm.fr";"2009-12-09";"gironde@brgm.fr";"2009-01-01";"2011-08-22";"S.BesdeBerc@brgm.fr";"sbdbAdministrateur@brgm.fr";"2";;
"729";"AQIAA0020087";;;"galeries filantes";"carrière";"carriere";"Brochard";"abandon";"public";;;"centre cavité";"approché";"approche";"plan au 1/2000";"50";"2009-03-04";"M.BORDONNE";"2010-01-07";"5";"385321.000000";"1984463.000000";;"385321";"1984463";"33083";;;"gironde@brgm.fr";"2009-12-09";"gironde@brgm.fr";"2009-01-01";"2011-08-22";"S.BesdeBerc@brgm.fr";"sbdbAdministrateur@brgm.fr";"2";;
"104510";"AQIAA0020088";;;"chambres et piliers";"carrière";"carriere";"La_Rivière_01";"abandon";"public";;;"centre cavité";"approché";"approche";"plan au 1/500";"50";"2009-03-04";"M.BORDONNE";"2010-01-07";"5";"386387.000000";"1984246.000000";;"386387";"1984246";"33083";;;"gironde@brgm.fr";"2009-12-09";"gironde@brgm.fr";"2009-01-01";"2011-08-22";"S.BesdeBerc@brgm.fr";"sbdbAdministrateur@brgm.fr";"2";;
"107406";"AQIAA0020089";;;"chambres et piliers";"carrière";"carriere";"La_Rivière_02_RD";"abandon";"public";;;"centre cavité";"approché";"approche";"plan au 1/500";"50";"2009-03-05";"M.BORDONNE";"2010-01-07";"5";"386435.000000";"1984247.000000";;"386435";"1984247";"33083";;;"gironde@brgm.fr";"2009-12-09";"gironde@brgm.fr";"2009-01-01";"2011-08-22";"S.BesdeBerc@brgm.fr";"sbdbAdministrateur@brgm.fr";"2";;
"104371";"AQIAA0020090";;;"chambres et piliers";"carrière";"carriere";"Sauret_RD";"abandon";"public";;;"centre cavité";"précis";"precis";"plan au 1/500";"10";"2009-03-05";"M.BORDONNE";"2009-05-29";"5";"386609.000000";"1983657.000000";;"386609";"1983657";"33083";;;"gironde@brgm.fr";"2009-12-09";"gironde@brgm.fr";"2009-01-01";"2011-08-22";"S.BesdeBerc@brgm.fr";"sbdbAdministrateur@brgm.fr";"2";;
"107395";"AQIAA0020091";;;"chambres et piliers";"carrière";"carriere";"Le_Bouchon";"abandon";"public";;;"centre cavité";"approché";"approche";"plan au 1/500";"25";"2009-03-05";"M.BORDONNE";"2009-03-24";"5";"386639.000000";"1983286.000000";;"386639";"1983286";"33083";;;"gironde@brgm.fr";"2009-12-09";"gironde@brgm.fr";"2009-01-01";"2011-08-22";"S.BesdeBerc@brgm.fr";"sbdbAdministrateur@brgm.fr";"2";;
"107913";"AQIAA0020093";;;"chambres et piliers";"carrière";"carriere";"Guimberteau_02";"abandon";"public";;;"centre cavité";"approché";"approche";"plan au 1/500";"50";"2009-03-05";"M.BORDONNE";"2010-01-07";"5";"393594.000000";"1981601.000000";;"393594";"1981601";"33086";;;"gironde@brgm.fr";"2009-12-09";"gironde@brgm.fr";"2009-01-01";"2011-08-22";"S.BesdeBerc@brgm.fr";"sbdbAdministrateur@brgm.fr";"2";;
"104411";"AQIAA0020095";;;"chambres et piliers";"carrière";"carriere";"Eglise_de_Camiac";"abandon";"public";;;"centre cavité";"approché";"approche";"plan au 1/2000";"25";"2009-03-05";"M.BORDONNE";"2009-09-30";"5";"393335.000000";"1980569.000000";;"393335";"1980569";"33086";;;"gironde@brgm.fr";"2009-12-09";"gironde@brgm.fr";"2009-01-01";"2011-08-22";"S.BesdeBerc@brgm.fr";"sbdbAdministrateur@brgm.fr";"2";;
"107626";"AQIAA0020096";;;"galeries filantes";"carrière";"carriere";"Darnac";"abandon";"public";;;"centre cavité";"approché";"approche";"plan au 1/500";"25";"2009-03-05";"M.BORDONNE";"2009-03-24";"5";"393301.000000";"1980482.000000";;"393301";"1980482";"33086";;;"gironde@brgm.fr";"2009-12-09";"gironde@brgm.fr";"2009-01-01";"2011-08-22";"S.BesdeBerc@brgm.fr";"sbdbAdministrateur@brgm.fr";"2";;
"108192";"AQIAA0020099";;;"galeries filantes";"carrière";"carriere";"Clottet_German _01";"abandon";"public";;;"centre cavité";"approché";"approche";"plan au 1/1000";"25";"2009-03-05";"M.BORDONNE";"2009-03-24";"5";"387851.000000";"1972742.000000";;"387851";"1972742";"33093";;;"gironde@brgm.fr";"2009-12-09";"gironde@brgm.fr";"2009-01-01";"2011-08-22";"S.BesdeBerc@brgm.fr";"sbdbAdministrateur@brgm.fr";"2";;
"107785";"AQIAA0020100";;;"galeries filantes";"carrière";"carriere";"Clottet_German_02";"abandon";"public";;;"centre cavité";"approché";"approche";"plan au 1/1000";"25";"2009-03-05";"M.BORDONNE";"2009-10-07";"5";"387861.000000";"1972742.000000";;"387861";"1972742";"33093";;;"gironde@brgm.fr";"2009-12-09";"gironde@brgm.fr";"2009-01-01";"2011-08-22";"S.BesdeBerc@brgm.fr";"sbdbAdministrateur@brgm.fr";"2";;
"104656";"AQIAA0020101";;;"galeries filantes";"carrière";"carriere";"Clottet_German_03";"abandon";"public";;;"centre cavité";"approché";"approche";"plan au 1/1000";"25";"2009-03-05";"M.BORDONNE";"2009-03-24";"5";"387892.000000";"1972694.000000";;"387892";"1972694";"33093";;;"gironde@brgm.fr";"2009-12-09";"gironde@brgm.fr";"2009-01-01";"2011-08-22";"S.BesdeBerc@brgm.fr";"sbdbAdministrateur@brgm.fr";"2";;
"107616";"AQIAA0020102";;;"galeries filantes";"carrière";"carriere";"Clottet_Sadran_02";"abandon";"public";;;"centre cavité";"précis";"precis";"plan au 1/200";"10";"2009-03-05";"M.BORDONNE";"2009-03-24";"5";"386469.000000";"1969589.000000";;"386469";"1969589";"33093";;;"gironde@brgm.fr";"2009-12-09";"gironde@brgm.fr";"2009-01-01";"2011-08-22";"S.BesdeBerc@brgm.fr";"sbdbAdministrateur@brgm.fr";"2";;
"118683";"AQIAA0020104";;;"galeries filantes";"carrière";"carriere";"Clottet_Canteloup_01";"abandon";"public";;;"centre cavité";"approché";"approche";"plan au 1/1000";"25";"2009-03-05";"M.BORDONNE";"2009-03-24";"5";"377758.000000";"1980990.000000";;"377758";"1980990";"33099";;;"gironde@brgm.fr";"2009-12-09";"gironde@brgm.fr";"2009-01-01";"2011-08-22";"S.BesdeBerc@brgm.fr";"sbdbAdministrateur@brgm.fr";"2";;
"107454";"AQIAA0020105";;;"chambres et piliers";"carrière";"carriere";"Canteloup_02";"abandon";"public";;;"centre cavité";"approché";"approche";"plan au 1/1000";"50";"2009-03-05";"M.BORDONNE";"2010-01-07";"5";"377815.000000";"1981155.000000";;"377815";"1981155";"33099";;;"gironde@brgm.fr";"2009-12-09";"gironde@brgm.fr";"2009-01-01";"2011-08-22";"S.BesdeBerc@brgm.fr";"sbdbAdministrateur@brgm.fr";"2";;
"154627";"AQIAA0020106";;;"chambres et piliers";"carrière";"carriere";"Cabiracs";"abandon";"public";;;"centre cavité";"approché";"approche";"plan au 1/500";"25";"2009-03-05";"M.BORDONNE";"2024-02-08";"5";"376894.000000";"1982189.000000";;"376894";"1982189";"33099";"Effondrement de 2024 : le bord du puits (côté sud) est effondré. Les autres faces du puits de section carré (1,20 m de côté) sont en bon état.";"";"gironde@brgm.fr";"2009-12-09";"a.fondin@brgm.fr";"2009-01-01";"2011-08-22";"S.BesdeBerc@brgm.fr";"sbdbAdministrateur@brgm.fr";"2";;
"106727";"AQIAA0020107";;;"chambres et piliers";"carrière";"carriere";"Vignac";"abandon";"public";;;"centre cavité";"approché";"approche";"plan au 1/500";"50";"2009-03-05";"M.BORDONNE";"2010-01-07";"5";"376102.000000";"1982064.000000";;"376102";"1982064";"33099";;;"gironde@brgm.fr";"2009-12-09";"gironde@brgm.fr";"2009-01-01";"2011-08-22";"S.BesdeBerc@brgm.fr";"sbdbAdministrateur@brgm.fr";"2";;
"106996";"AQIAA0020108";;;"galeries filantes";"carrière";"carriere";"Clottet_Fitta_03";"abandon";"public";;;"centre cavité";"approché";"approche";"plan au 1/500";"25";"2009-03-05";"M.BORDONNE";"2009-10-07";"5";"376032.000000";"1982135.000000";;"376032";"1982135";"33099";;;"gironde@brgm.fr";"2009-12-09";"gironde@brgm.fr";"2009-01-01";"2011-08-22";"S.BesdeBerc@brgm.fr";"sbdbAdministrateur@brgm.fr";"2";;
"104905";"AQIAA0020109";;;"galeries filantes";"carrière";"carriere";"Clottet_Fitta_02";"abandon";"public";;;"centre cavité";"approché";"approche";"plan au 1/500";"25";"2009-03-05";"M.BORDONNE";"2009-03-24";"5";"375813.000000";"1982282.000000";;"375813";"1982282";"33099";;;"gironde@brgm.fr";"2009-12-09";"gironde@brgm.fr";"2009-01-01";"2011-08-22";"S.BesdeBerc@brgm.fr";"sbdbAdministrateur@brgm.fr";"2";;
"107354";"AQIAA0020110";;;"galeries filantes";"carrière";"carriere";"Clottet_Fitta_01";"abandon";"public";;;"centre cavité";"approché";"approche";"carte au 1/25000";"25";"2009-03-05";"M.BORDONNE";"2009-03-25";"5";"375768.000000";"1982280.000000";;"375768";"1982280";"33099";;;"gironde@brgm.fr";"2009-12-09";"gironde@brgm.fr";"2009-01-01";"2011-08-22";"S.BesdeBerc@brgm.fr";"sbdbAdministrateur@brgm.fr";"2";;
"108040";"AQIAA0020111";;;"galeries filantes";"carrière";"carriere";"Clottet_La_Peyrine_02";"abandon";"public";;;"centre cavité";"approché";"approche";"plan au 1/1000";"25";"2009-03-05";"M.BORDONNE";"2009-03-25";"5";"376362.000000";"1982620.000000";;"376362";"1982620";"33099";;;"gironde@brgm.fr";"2009-12-09";"gironde@brgm.fr";"2009-01-01";"2011-08-22";"S.BesdeBerc@brgm.fr";"sbdbAdministrateur@brgm.fr";"2";;
"107563";"AQIAA0020112";;;"chambres et piliers";"carrière";"carriere";"Clottet_La_Tuilerie_01";"abandon";"public";;;"centre cavité";"précis";"precis";"plan au 1/200";"10";"2009-03-05";"M.BORDONNE";"2009-03-24";"5";"406537.000000";"1956913.000000";;"406537";"1956913";"33102";;;"gironde@brgm.fr";"2009-12-09";"gironde@brgm.fr";"2009-01-01";"2011-08-22";"S.BesdeBerc@brgm.fr";"sbdbAdministrateur@brgm.fr";"2";;
"104795";"AQIAA0020113";;;"chambres et piliers";"carrière";"carriere";"La_Tuilerie_02";"abandon";"public";;;"centre cavité";"précis";"precis";"plan au 1/200";"10";"2009-03-05";"M.BORDONNE";"2009-03-24";"5";"406564.000000";"1956934.000000";;"406564";"1956934";"33102";;;"gironde@brgm.fr";"2009-12-09";"gironde@brgm.fr";"2009-01-01";"2011-08-22";"S.BesdeBerc@brgm.fr";"sbdbAdministrateur@brgm.fr";"2";;
"104952";"AQIAA0020114";;;"chambres et piliers";"carrière";"carriere";"A_Morice";"abandon";"public";;;"centre cavité";"approché";"approche";"plan au 1/1000";"50";"2009-03-05";"M.BORDONNE";"2010-01-07";"5";"392868.000000";"1965420.000000";;"392868";"1965420";"33152";;;"gironde@brgm.fr";"2009-12-09";"gironde@brgm.fr";"2009-01-01";"2011-08-22";"S.BesdeBerc@brgm.fr";"sbdbAdministrateur@brgm.fr";"2";;
"107385";"AQIAA0020115";;;"chambres et piliers";"carrière";"carriere";"Clottet_Laubès_01";"abandon";"public";;;"centre cavité";"précis";"precis";"GPS";"10";"2009-03-05";"M.BORDONNE";"2009-03-24";"5";"392105.000000";"1966290.000000";;"392105";"1966290";"33156";;;"gironde@brgm.fr";"2009-12-09";"gironde@brgm.fr";"2009-01-01";"2011-08-22";"S.BesdeBerc@brgm.fr";"sbdbAdministrateur@brgm.fr";"2";;
"104933";"AQIAA0020116";;;"chambres et piliers";"carrière";"carriere";"Clottet_Laubès_02";"abandon";"public";;;"centre cavité";"précis";"precis";"GPS";"5";"2009-03-05";"M.BORDONNE";"2009-03-24";"5";"392126.000000";"1966345.000000";;"392126";"1966345";"33156";;;"gironde@brgm.fr";"2009-12-09";"gironde@brgm.fr";"2009-01-01";"2011-08-22";"S.BesdeBerc@brgm.fr";"sbdbAdministrateur@brgm.fr";"2";;
"106765";"AQIAA0020117";;;"chambres et piliers";"carrière";"carriere";"Clottet_Naudonnet_01";"abandon";"public";;;"centre cavité";"approché";"approche";"plan au 1/1000";"25";"2009-03-05";"M.BORDONNE";"2009-03-24";"5";"392365.000000";"1966617.000000";;"392365";"1966617";"33156";;;"gironde@brgm.fr";"2009-12-09";"gironde@brgm.fr";"2009-01-01";"2011-08-22";"S.BesdeBerc@brgm.fr";"sbdbAdministrateur@brgm.fr";"2";;
"104623";"AQIAA0020118";;;"chambres et piliers";"carrière";"carriere";"La_Mique";"abandon";"public";;;"centre cavité";"approché";"approche";"plan au 1/1000";"50";"2009-03-05";"M.BORDONNE";"2010-01-07";"5";"392575.000000";"1966608.000000";;"392575";"1966608";"33156";;;"gironde@brgm.fr";"2009-12-09";"gironde@brgm.fr";"2009-01-01";"2011-08-22";"S.BesdeBerc@brgm.fr";"sbdbAdministrateur@brgm.fr";"2";;
"107610";"AQIAA0020119";;;"chambres et piliers";"carrière";"carriere";"Clottet_Naudonnet_02";"abandon";"public";;;"centre cavité";"précis";"precis";"plan au 1/1000";"10";"2009-03-09";"M.BORDONNE";"2009-03-24";"5";"392373.000000";"1966630.000000";;"392373";"1966630";"33156";;;"gironde@brgm.fr";"2009-12-09";"gironde@brgm.fr";"2009-01-01";"2011-08-22";"S.BesdeBerc@brgm.fr";"sbdbAdministrateur@brgm.fr";"2";;
"104180";"AQIAA0020120";;;"chambres et piliers";"carrière";"carriere";"Guimberteau_01";"abandon";"public";;;"centre cavité";"approché";"approche";"plan au 1/1000";"50";"2009-03-12";"M.BORDONNE";"2010-01-07";"5";"393627.000000";"1981622.000000";;"393627";"1981622";"33086";;;"gironde@brgm.fr";"2009-12-09";"gironde@brgm.fr";"2009-01-01";"2011-08-22";"S.BesdeBerc@brgm.fr";"sbdbAdministrateur@brgm.fr";"2";;
"104425";"AQIAA0020121";;;"galeries filantes";"carrière";"carriere";"Rauzé_01";"abandon";"public";;;"centre cavité";"approché";"approche";"plan au 1/2000";"25";"2009-03-20";"M.BORDONNE";"2010-01-07";"5";"380015.000000";"1979142.000000";;"380015";"1979142";"33118";;;"gironde@brgm.fr";"2009-12-09";"gironde@brgm.fr";"2009-01-01";"2011-08-22";"S.BesdeBerc@brgm.fr";"sbdbAdministrateur@brgm.fr";"2";;
"104532";"AQIAA0020122";;;"galeries filantes";"carrière";"carriere";"Rauzé_03";"abandon";"public";;;"centre cavité";"approché";"approche";"plan au 1/2000";"25";"2009-03-20";"M.BORDONNE";"2009-03-20";"5";"379947.000000";"1979053.000000";;"379947";"1979053";"33118";;;"gironde@brgm.fr";"2009-12-09";"gironde@brgm.fr";"2009-01-01";"2011-08-22";"S.BesdeBerc@brgm.fr";"sbdbAdministrateur@brgm.fr";"2";;
"107931";"AQIAA0020123";;;"chambres et galeries";"carrière";"carriere";"Clottet_Le_Petit_Maçon_O2";"abandon";"public";;;"centre cavité";"précis";"precis";"plan au 1/500";"10";"2009-03-20";"M.BORDONNE";"2009-03-20";"5";"377954.000000";"1980367.000000";;"377954";"1980367";"33118";;;"gironde@brgm.fr";"2009-12-09";"gironde@brgm.fr";"2009-01-01";"2011-08-22";"S.BesdeBerc@brgm.fr";"sbdbAdministrateur@brgm.fr";"2";;
"107528";"AQIAA0020124";;;"galeries filantes";"carrière";"carriere";"Clottet_Aux_Allants_01";"abandon";"public";;;"centre cavité";"précis";"precis";"plan au 1/2500";"10";"2009-03-20";"M.BORDONNE";"2009-03-20";"5";"366408.000000";"2013156.000000";;"366408";"2013156";"33551";;;"gironde@brgm.fr";"2009-12-09";"gironde@brgm.fr";"2009-01-01";"2011-08-22";"S.BesdeBerc@brgm.fr";"sbdbAdministrateur@brgm.fr";"2";;
"104887";"AQIAA0020125";;;"galeries filantes";"carrière";"carriere";"Aux_Allants_02";"abandon";"public";;;"centre cavité";"précis";"precis";"plan au 1/2500";"10";"2009-03-20";"M.BORDONNE";"2009-03-20";"5";"366423.000000";"2013162.000000";;"366423";"2013162";"33551";;;"gironde@brgm.fr";"2009-12-09";"gironde@brgm.fr";"2009-01-01";"2011-08-22";"S.BesdeBerc@brgm.fr";"sbdbAdministrateur@brgm.fr";"2";;
"107627";"AQIAA0020126";;;"galeries filantes";"carrière";"carriere";"Aux_Allants_03";"abandon";"public";;;"centre cavité";"précis";"precis";"plan au 1/2500";"10";"2009-03-20";"M.BORDONNE";"2009-03-20";"5";"366443.000000";"2013173.000000";;"366443";"2013173";"33551";;;"gironde@brgm.fr";"2009-12-09";"gironde@brgm.fr";"2009-01-01";"2011-08-22";"S.BesdeBerc@brgm.fr";"sbdbAdministrateur@brgm.fr";"2";;
"107771";"AQIAA0020128";;;"ouvrage linéaire";"ouvrage civil";"ouvrage civil";"Le_Ferreau_01";"abandon";"public";;;"centre cavité";"approché";"approche";"plan au 1/2500";"25";"2009-03-20";"M.BORDONNE";"2009-03-20";"5";"366470.000000";"2013177.000000";;"366470";"2013177";"33551";;;"gironde@brgm.fr";"2009-12-09";"gironde@brgm.fr";"2009-01-01";"2011-08-22";"S.BesdeBerc@brgm.fr";"sbdbAdministrateur@brgm.fr";"2";;
"106993";"AQIAA0020129";;;"chambres et galeries";"carrière";"carriere";"Clottet_Le_Ferreau_02";"abandon";"public";;;"centre cavité";"approché";"approche";"carte au 1/10000";"25";"2009-03-20";"M.BORDONNE";"2009-03-20";"5";"366491.000000";"2013167.000000";;"366491";"2013167";"33551";;;"gironde@brgm.fr";"2009-12-09";"gironde@brgm.fr";"2009-01-01";"2011-08-22";"S.BesdeBerc@brgm.fr";"sbdbAdministrateur@brgm.fr";"2";;
"104318";"AQIAA0020130";;;"galeries filantes";"carrière";"carriere";"Le_Ferreau_03";"abandon";"public";;;"centre cavité";"approché";"approche";"plan au 1/2500";"25";"2009-03-20";"M.BORDONNE";"2009-03-20";"5";"366515.000000";"2013181.000000";;"366515";"2013181";"33551";;;"gironde@brgm.fr";"2009-12-09";"gironde@brgm.fr";"2009-01-01";"2011-08-22";"S.BesdeBerc@brgm.fr";"sbdbAdministrateur@brgm.fr";"2";;
"106888";"AQIAA0020131";;;"chambres et galeries";"carrière";"carriere";"Clottet_Le_Ferreau_04";"abandon";"public";;;"centre cavité";"approché";"approche";"plan au 1/1000";"25";"2009-03-20";"M.BORDONNE";"2009-03-20";"5";"366535.000000";"2013177.000000";;"366535";"2013177";"33551";;;"gironde@brgm.fr";"2009-12-09";"gironde@brgm.fr";"2009-01-01";"2011-08-22";"S.BesdeBerc@brgm.fr";"sbdbAdministrateur@brgm.fr";"2";;
"107448";"AQIAA0020132";;;"galeries filantes";"carrière";"carriere";"Escalette_02";"abandon";"public";;;"centre cavité";"approché";"approche";"plan au 1/2500";"25";"2009-03-20";"M.BORDONNE";"2009-03-20";"5";"366621.000000";"2013123.000000";;"366621";"2013123";"33551";;;"gironde@brgm.fr";"2009-12-09";"gironde@brgm.fr";"2009-01-01";"2011-08-22";"S.BesdeBerc@brgm.fr";"sbdbAdministrateur@brgm.fr";"2";;
"104861";"AQIAA0020133";;;"chambres et piliers";"carrière";"carriere";"Escalette_01_La_Bastarderie";"abandon";"public";;;"centre cavité";"précis";"precis";"plan au 1/200";"5";"2009-03-20";"M.BORDONNE";"2009-03-20";"5";"366860.000000";"2013267.000000";;"366860";"2013267";"33551";;;"gironde@brgm.fr";"2009-12-09";"gironde@brgm.fr";"2009-01-01";"2011-08-22";"S.BesdeBerc@brgm.fr";"sbdbAdministrateur@brgm.fr";"2";;
"107469";"AQIAA0020134";;;"galeries filantes";"carrière";"carriere";"Laborde_01";"abandon";"public";;;"centre cavité";"précis";"precis";"plan au 1/500";"10";"2009-03-20";"M.BORDONNE";"2009-03-20";"5";"367090.000000";"2012956.000000";;"367090";"2012956";"33551";;;"gironde@brgm.fr";"2009-12-09";"gironde@brgm.fr";"2009-01-01";"2011-08-22";"S.BesdeBerc@brgm.fr";"sbdbAdministrateur@brgm.fr";"2";;
"104412";"AQIAA0020135";;;"chambres et piliers";"carrière";"carriere";"Laborde_02";"abandon";"public";;;"autre";"précis";"precis";"plan au 1/500";"10";"2009-03-20";"M.BORDONNE";"2009-03-20";"5";"367123.000000";"2012923.000000";;"367123";"2012923";"33551";;;"gironde@brgm.fr";"2009-12-09";"gironde@brgm.fr";"2009-01-01";"2011-08-22";"S.BesdeBerc@brgm.fr";"sbdbAdministrateur@brgm.fr";"2";;
"104913";"AQIAA0020136";;;"chambres et piliers";"carrière";"carriere";"Laborde_03";"abandon";"public";;;"centre cavité";"précis";"precis";"plan au 1/500";"10";"2009-03-20";"M.BORDONNE";"2009-03-20";"5";"367077.000000";"2012909.000000";;"367077";"2012909";"33551";;;"gironde@brgm.fr";"2009-12-09";"gironde@brgm.fr";"2009-01-01";"2011-08-22";"S.BesdeBerc@brgm.fr";"sbdbAdministrateur@brgm.fr";"2";;
"104190";"AQIAA0020137";;;"galeries filantes";"carrière";"carriere";"Aux_Allants_04";"abandon";"public";;;"centre cavité";"approché";"approche";"carte au 1/25000";"25";"2009-03-20";"M.BORDONNE";"2009-03-20";"5";"366417.000000";"2013194.000000";;"366417";"2013194";"33551";;;"gironde@brgm.fr";"2009-12-09";"gironde@brgm.fr";"2009-01-01";"2011-08-22";"S.BesdeBerc@brgm.fr";"sbdbAdministrateur@brgm.fr";"2";;
"104677";"AQIAA0020138";;;"chambres et piliers";"carrière";"carriere";"Bidou_01";"abandon";"public";;;"centre cavité";"précis";"precis";"plan au 1/2500";"10";"2009-03-20";"M.BORDONNE";"2009-03-20";"5";"366999.000000";"2013107.000000";;"366999";"2013107";"33551";;;"gironde@brgm.fr";"2009-12-09";"gironde@brgm.fr";"2009-01-01";"2011-08-22";"S.BesdeBerc@brgm.fr";"sbdbAdministrateur@brgm.fr";"2";;
"104200";"AQIAA0020139";;;"orifice_naturel_horizontal";"naturelle";"naturelle";"Clottet_Sadran_01";"abandon";"public";;;"orifice visible";"précis";"precis";"plan au 1/500";"5";"2009-03-24";"M.BORDONNE";"2009-03-24";"5";"386465.000000";"1969754.000000";;"386465";"1969754";"33093";;;"gironde@brgm.fr";"2009-12-09";"gironde@brgm.fr";"2009-01-01";"2011-08-22";"S.BesdeBerc@brgm.fr";"sbdbAdministrateur@brgm.fr";"2";;
"106884";"AQIAA0020140";;;"galeries filantes";"carrière";"carriere";"Hontanille";"abandon";"public";;;"centre cavité";"précis";"precis";"plan au 1/500";"5";"2009-03-24";"M.BORDONNE";"2009-03-24";"5";"391347.000000";"1966020.000000";;"391347";"1966020";"33231";;;"gironde@brgm.fr";"2009-12-09";"gironde@brgm.fr";"2009-01-01";"2011-08-22";"S.BesdeBerc@brgm.fr";"sbdbAdministrateur@brgm.fr";"2";;
"107501";"AQIAA0020141";;;"chambres et piliers";"carrière";"carriere";"Aux_Tarreys";"abandon";"public";;;"centre cavité";"approché";"approche";"plan au 1/2500";"50";"2009-03-24";"M.BORDONNE";"2009-10-07";"5";"392450.000000";"1965440.000000";;"392450";"1965440";"33308";;;"gironde@brgm.fr";"2009-12-09";"gironde@brgm.fr";"2009-01-01";"2011-08-22";"S.BesdeBerc@brgm.fr";"sbdbAdministrateur@brgm.fr";"2";;
"107125";"AQIAA0020142";;;"chambres et galeries";"carrière";"carriere";"Clottet_Le_Bourg_de_Rions_01";"abandon";"public";;;"centre cavité";"précis";"precis";"plan au 1/500";"5";"2009-03-24";"M.BORDONNE";"2009-03-24";"5";"386564.000000";"1966278.000000";;"386564";"1966278";"33355";;;"gironde@brgm.fr";"2009-12-09";"gironde@brgm.fr";"2009-01-01";"2011-08-22";"S.BesdeBerc@brgm.fr";"sbdbAdministrateur@brgm.fr";"2";;
"104665";"AQIAA0020143";;;"chambres et galeries";"carrière";"carriere";"Clottet_Le_Bourg_de_Rions_O2";"abandon";"public";;;"centre cavité";"précis";"precis";"plan au 1/200";"10";"2009-03-24";"M.BORDONNE";"2009-03-24";"5";"386582.000000";"1966217.000000";;"386582";"1966217";"33355";;;"gironde@brgm.fr";"2009-12-09";"gironde@brgm.fr";"2009-01-01";"2011-08-22";"S.BesdeBerc@brgm.fr";"sbdbAdministrateur@brgm.fr";"2";;
"107419";"AQIAA0020144";;;"galeries filantes";"carrière";"carriere";"Clottet_Le_Bourg_03";"abandon";"public";;;"centre cavité";"précis";"precis";"plan au 1/1000";"10";"2009-03-24";"M.BORDONNE";"2009-03-24";"5";"386633.000000";"1966126.000000";;"386633";"1966126";"33355";;;"gironde@brgm.fr";"2009-12-09";"gironde@brgm.fr";"2009-01-01";"2011-08-22";"S.BesdeBerc@brgm.fr";"sbdbAdministrateur@brgm.fr";"2";;
"108048";"AQIAA0020145";;;"chambres et galeries";"carrière";"carriere";"Clottet_Le_Bourg_de_Rions_04";"abandon";"public";;;"centre cavité";"précis";"precis";"plan au 1/1000";"10";"2009-03-24";"M.BORDONNE";"2009-03-24";"5";"386639.000000";"1966112.000000";;"386639";"1966112";"33355";;;"gironde@brgm.fr";"2009-12-09";"gironde@brgm.fr";"2009-01-01";"2011-08-22";"S.BesdeBerc@brgm.fr";"sbdbAdministrateur@brgm.fr";"2";;
"104348";"AQIAA0020146";;;"chambres et galeries";"carrière";"carriere";"Clottet_Le_Bourg_de_Rions_05";"abandon";"public";;;"centre cavité";"précis";"precis";"plan au 1/500";"10";"2009-03-24";"M.BORDONNE";"2009-03-24";"5";"386732.000000";"1966002.000000";;"386732";"1966002";"33355";;;"gironde@brgm.fr";"2009-12-09";"gironde@brgm.fr";"2009-01-01";"2011-08-22";"S.BesdeBerc@brgm.fr";"sbdbAdministrateur@brgm.fr";"2";;
"104909";"AQIAA0020148";;;"chambres et piliers";"carrière";"carriere";"Aux_Graves_01";"abandon";"public";;;"centre cavité";"précis";"precis";"plan au 1/1000";"10";"2009-03-24";"M.BORDONNE";"2009-03-24";"5";"387599.000000";"1965081.000000";;"387599";"1965081";"33355";;;"gironde@brgm.fr";"2009-12-09";"gironde@brgm.fr";"2009-01-01";"2011-08-22";"S.BesdeBerc@brgm.fr";"sbdbAdministrateur@brgm.fr";"2";;
"105588";"AQIAA0020149";;;"chambres et galeries";"carrière";"carriere";"Aux_Graves_02";"abandon";"public";;;"centre cavité";"précis";"precis";"plan au 1/1000";"10";"2009-03-24";"M.BORDONNE";"2009-03-24";"5";"387682.000000";"1965026.000000";;"387682";"1965026";"33355";;;"gironde@brgm.fr";"2009-12-09";"gironde@brgm.fr";"2009-01-01";"2011-08-22";"S.BesdeBerc@brgm.fr";"sbdbAdministrateur@brgm.fr";"2";;
"105586";"AQIAA0020150";;;"chambres et galeries";"carrière";"carriere";"Clottet_La_Peyrine_01";"abandon";"public";;;"centre cavité";"approché";"approche";"plan au 1/500";"25";"2009-03-25";"M.BORDONNE";"2009-10-07";"5";"376348.000000";"1982650.000000";;"376348";"1982650";"33099";;;"gironde@brgm.fr";"2009-12-09";"gironde@brgm.fr";"2009-01-01";"2011-08-22";"S.BesdeBerc@brgm.fr";"sbdbAdministrateur@brgm.fr";"2";;
"107974";"AQIAA0020152";;;"chambres et galeries";"carrière";"carriere";"Clottet_A_Morice_01";"abandon";"public";;;"centre cavité";"précis";"precis";"plan au 1/500";"10";"2009-03-25";"M.BORDONNE";"2009-03-25";"5";"392740.000000";"1965559.000000";;"392740";"1965559";"33152";;;"gironde@brgm.fr";"2009-12-09";"gironde@brgm.fr";"2009-01-01";"2011-08-22";"S.BesdeBerc@brgm.fr";"sbdbAdministrateur@brgm.fr";"2";;
"106895";"AQIAA0020153";;;"chambres et galeries";"carrière";"carriere";"Clottet_A_Morice_02";"abandon";"public";;;"centre cavité";"précis";"precis";"plan au 1/500";"10";"2009-03-25";"M.BORDONNE";"2009-03-25";"5";"392767.000000";"1965564.000000";;"392767";"1965564";"33152";;;"gironde@brgm.fr";"2009-12-09";"gironde@brgm.fr";"2009-01-01";"2011-08-22";"S.BesdeBerc@brgm.fr";"sbdbAdministrateur@brgm.fr";"2";;
"107849";"AQIAA0020154";;;"chambres et piliers";"carrière";"carriere";"La_Salle";"abandon";"public";;;"centre cavité";"approché";"approche";"plan au 1/500";"50";"2009-03-26";"M.BORDONNE";"2010-01-07";"5";"403657.000000";"1980234.000000";;"403657";"1980234";"33350";;;"gironde@brgm.fr";"2009-12-09";"gironde@brgm.fr";"2009-01-01";"2011-08-22";"S.BesdeBerc@brgm.fr";"sbdbAdministrateur@brgm.fr";"2";;
"107409";"AQIAA0020155";;;"galeries filantes";"carrière";"carriere";"Brunet";"abandon";"public";;;"centre cavité";"précis";"precis";"plan au 1/500";"10";"2009-03-26";"M.BORDONNE";"2009-03-27";"5";"403415.000000";"1979811.000000";;"403415";"1979811";"33350";;;"gironde@brgm.fr";"2009-12-09";"gironde@brgm.fr";"2009-01-01";"2011-08-22";"S.BesdeBerc@brgm.fr";"sbdbAdministrateur@brgm.fr";"2";;
"104554";"AQIAA0020156";;;"chambres et piliers";"carrière";"carriere";"La_Garène_01";"abandon";"public";;;"centre cavité";"approché";"approche";"plan au 1/500";"25";"2009-03-26";"M.BORDONNE";"2009-03-27";"5";"405328.000000";"1978781.000000";;"405328";"1978781";"33350";;;"gironde@brgm.fr";"2009-12-09";"gironde@brgm.fr";"2009-01-01";"2011-08-22";"S.BesdeBerc@brgm.fr";"sbdbAdministrateur@brgm.fr";"2";;
"107584";"AQIAA0020157";;;"galeries filantes";"carrière";"carriere";"Clottet_La_Garène_02";"abandon";"public";;;"centre cavité";"précis";"precis";"plan au 1/500";"10";"2009-03-26";"M.BORDONNE";"2009-03-27";"5";"405094.000000";"1978675.000000";;"405094";"1978675";"33350";;;"gironde@brgm.fr";"2009-12-09";"gironde@brgm.fr";"2009-01-01";"2011-08-22";"S.BesdeBerc@brgm.fr";"sbdbAdministrateur@brgm.fr";"2";;
"106942";"AQIAA0020158";;;"galeries filantes";"carrière";"carriere";"Gaillon";"abandon";"public";;;"centre cavité";"précis";"precis";"plan au 1/500";"10";"2009-03-26";"M.BORDONNE";"2009-03-27";"5";"404784.000000";"1978521.000000";;"404784";"1978521";"33350";;;"gironde@brgm.fr";"2009-12-09";"gironde@brgm.fr";"2009-01-01";"2011-08-22";"S.BesdeBerc@brgm.fr";"sbdbAdministrateur@brgm.fr";"2";;
"2600";"AQIAA0020159";;;"chambres et piliers";"carrière";"carriere";"Clottet_Le_Bourg_de_Rauzan_RD";"abandon";"public";;;"centre cavité";"précis";"precis";"plan au 1/500";"10";"2009-03-26";"M.BORDONNE";"2009-03-27";"5";"404902.000000";"1978392.000000";;"404902";"1978392";"33350";;;"gironde@brgm.fr";"2009-12-09";"gironde@brgm.fr";"2009-01-01";"2011-08-22";"S.BesdeBerc@brgm.fr";"sbdbAdministrateur@brgm.fr";"2";;
"106899";"AQIAA0020160";;;"galeries filantes";"carrière";"carriere";"Clottet_Le_Nègre";"abandon";"public";;;"centre cavité";"précis";"precis";"plan au 1/500";"10";"2009-03-26";"M.BORDONNE";"2009-03-27";"5";"404814.000000";"1978342.000000";;"404814";"1978342";"33350";;;"gironde@brgm.fr";"2009-12-09";"gironde@brgm.fr";"2009-01-01";"2011-08-22";"S.BesdeBerc@brgm.fr";"sbdbAdministrateur@brgm.fr";"2";;
"104376";"AQIAA0020161";;;"chambres et galeries";"carrière";"carriere";"Clottet_Petit_Versaille";"abandon";"public";;;"centre cavité";"précis";"precis";"plan au 1/500";"10";"2009-03-26";"M.BORDONNE";"2009-03-27";"5";"404883.000000";"1978312.000000";;"404883";"1978312";"33350";;;"gironde@brgm.fr";"2009-12-09";"gironde@brgm.fr";"2009-01-01";"2011-08-22";"S.BesdeBerc@brgm.fr";"sbdbAdministrateur@brgm.fr";"2";;
"104969";"AQIAA0020162";;;"galeries filantes";"carrière";"carriere";"Le_Château_01";"abandon";"public";;;"centre cavité";"précis";"precis";"plan au 1/500";"10";"2009-03-26";"M.BORDONNE";"2009-04-30";"5";"385475.000000";"1998941.000000";;"385475";"1998941";"33082";;;"gironde@brgm.fr";"2009-12-09";"gironde@brgm.fr";"2009-01-01";"2011-08-22";"S.BesdeBerc@brgm.fr";"sbdbAdministrateur@brgm.fr";"2";;
"107599";"AQIAA0020163";;;"chambres et piliers";"carrière";"carriere";"Tagot";"abandon";"public";;;"centre cavité";"approché";"approche";"plan au 1/500";"25";"2009-03-26";"M.BORDONNE";"2009-04-01";"5";"418255.000000";"1956457.000000";;"418255";"1956457";"33171";;;"gironde@brgm.fr";"2009-12-09";"gironde@brgm.fr";"2009-01-01";"2011-08-22";"S.BesdeBerc@brgm.fr";"sbdbAdministrateur@brgm.fr";"2";;
"108052";"AQIAA0020164";;;"chambres et piliers";"carrière";"carriere";"Pissecan_01";"abandon";"public";;;"centre cavité";"approché";"approche";"plan au 1/500";"25";"2009-03-26";"M.BORDONNE";"2009-05-05";"5";"412126.000000";"1991388.000000";;"412126";"1991388";"33181";;;"gironde@brgm.fr";"2009-12-09";"gironde@brgm.fr";"2009-01-01";"2011-08-22";"S.BesdeBerc@brgm.fr";"sbdbAdministrateur@brgm.fr";"2";;
"104565";"AQIAA0020165";;;"chambres et piliers";"carrière";"carriere";"Le_Bayle";"abandon";"public";;;"centre cavité";"approché";"approche";"plan au 1/500";"25";"2009-03-26";"M.BORDONNE";"2009-03-27";"5";"394619.000000";"1986369.000000";;"394619";"1986369";"33185";;;"gironde@brgm.fr";"2009-12-09";"gironde@brgm.fr";"2009-01-01";"2011-08-22";"S.BesdeBerc@brgm.fr";"sbdbAdministrateur@brgm.fr";"2";;
"107696";"AQIAA0020166";;;"chambres et piliers";"carrière";"carriere";"Combes";"abandon";"public";;;"centre cavité";"approché";"approche";"plan au 1/500";"25";"2009-03-26";"M.BORDONNE";"2009-03-27";"5";"395063.000000";"1986101.000000";;"395063";"1986101";"33185";;;"gironde@brgm.fr";"2009-12-09";"gironde@brgm.fr";"2009-01-01";"2011-08-22";"S.BesdeBerc@brgm.fr";"sbdbAdministrateur@brgm.fr";"2";;
"107041";"AQIAA0020168";;;"chambres et piliers";"carrière";"carriere";"Le_Coin";"abandon";"public";;;"centre cavité";"approché";"approche";"plan au 1/500";"25";"2009-03-26";"M.BORDONNE";"2009-03-27";"5";"397974.000000";"1982422.000000";;"397974";"1982422";"33196";;;"gironde@brgm.fr";"2009-12-09";"gironde@brgm.fr";"2009-01-01";"2011-08-22";"S.BesdeBerc@brgm.fr";"sbdbAdministrateur@brgm.fr";"2";;
"106879";"AQIAA0020169";;;"chambres et galeries";"carrière";"carriere";"Clottet_Louilley_01";"abandon";"public";;;"centre cavité";"précis";"precis";"plan au 1/500";"10";"2009-03-26";"M.BORDONNE";"2009-03-27";"5";"398369.000000";"1982396.000000";;"398369";"1982396";"33196";;;"gironde@brgm.fr";"2009-12-09";"gironde@brgm.fr";"2009-01-01";"2011-08-22";"S.BesdeBerc@brgm.fr";"sbdbAdministrateur@brgm.fr";"2";;
"106826";"AQIAA0020170";;;"chambres et galeries";"carrière";"carriere";"Clottet_Louilley_02";"abandon";"public";;;"centre cavité";"précis";"precis";"plan au 1/500";"10";"2009-03-26";"M.BORDONNE";"2009-03-27";"5";"398358.000000";"1982357.000000";;"398358";"1982357";"33196";;;"gironde@brgm.fr";"2009-12-09";"gironde@brgm.fr";"2009-01-01";"2011-08-22";"S.BesdeBerc@brgm.fr";"sbdbAdministrateur@brgm.fr";"2";;
"107598";"AQIAA0020172";;;"chambres et galeries";"carrière";"carriere";"Clottet_Louilley_04";"abandon";"public";;;"centre cavité";"précis";"precis";"plan au 1/500";"10";"2009-03-26";"M.BORDONNE";"2009-03-27";"5";"398352.000000";"1982280.000000";;"398352";"1982280";"33196";;;"gironde@brgm.fr";"2009-12-09";"gironde@brgm.fr";"2009-01-01";"2011-08-22";"S.BesdeBerc@brgm.fr";"sbdbAdministrateur@brgm.fr";"2";;
"118677";"AQIAA0020173";;;"chambres et piliers";"carrière";"carriere";"Louilley_05";"abandon";"public";;;"centre cavité";"précis";"precis";"plan au 1/500";"10";"2009-03-26";"M.BORDONNE";"2009-03-27";"5";"398338.000000";"1982279.000000";;"398338";"1982279";"33196";;;"gironde@brgm.fr";"2009-12-09";"gironde@brgm.fr";"2009-01-01";"2011-08-22";"S.BesdeBerc@brgm.fr";"sbdbAdministrateur@brgm.fr";"2";;
"104133";"AQIAA0020174";;;"chambres et piliers";"carrière";"carriere";"Chanau";"abandon";"public";;;"centre cavité";"approché";"approche";"plan au 1/500";"25";"2009-03-26";"M.BORDONNE";"2009-03-27";"5";"398385.000000";"1981917.000000";;"398385";"1981917";"33196";;;"gironde@brgm.fr";"2009-12-09";"gironde@brgm.fr";"2009-01-01";"2011-08-22";"S.BesdeBerc@brgm.fr";"sbdbAdministrateur@brgm.fr";"2";;
"2582";"AQIAA0020175";;;"chambres et piliers";"carrière";"carriere";"La_Mouleyre";"abandon";"public";;;"centre cavité";"précis";"precis";"plan au 1/500";"10";"2009-03-26";"M.BORDONNE";"2009-03-27";"5";"402529.000000";"1979064.000000";;"402529";"1979064";"33209";;;"gironde@brgm.fr";"2009-12-09";"gironde@brgm.fr";"2009-01-01";"2011-08-22";"S.BesdeBerc@brgm.fr";"sbdbAdministrateur@brgm.fr";"2";;
"109979";"AQIAA0020176";;;"galeries filantes";"carrière";"carriere";"Clottet_Peyrot";"abandon";"public";;;"centre cavité";"précis";"precis";"plan au 1/200";"5";"2009-03-26";"M.BORDONNE";"2009-03-27";"5";"394961.000000";"1953010.000000";;"394961";"1953010";"33227";;;"gironde@brgm.fr";"2009-12-09";"gironde@brgm.fr";"2009-01-01";"2011-08-22";"S.BesdeBerc@brgm.fr";"sbdbAdministrateur@brgm.fr";"2";;
"104538";"AQIAA0020177";;;"chambres et piliers";"carrière";"carriere";"Bois_de_Roche_01";"abandon";"public";;;"centre cavité";"approché";"approche";"plan au 1/500";"25";"2009-03-26";"M.BORDONNE";"2009-03-27";"5";"411792.000000";"1991382.000000";;"411792";"1991382";"33406";;;"gironde@brgm.fr";"2009-12-09";"gironde@brgm.fr";"2009-01-01";"2011-08-22";"S.BesdeBerc@brgm.fr";"sbdbAdministrateur@brgm.fr";"2";;
"106980";"AQIAA0020178";;;"chambres et piliers";"carrière";"carriere";"Bois_de_Roche_02";"abandon";"public";;;"centre cavité";"approché";"approche";"plan au 1/500";"25";"2009-03-26";"M.BORDONNE";"2009-03-27";"5";"411826.000000";"1991384.000000";;"411826";"1991384";"33406";;;"gironde@brgm.fr";"2009-12-09";"gironde@brgm.fr";"2009-01-01";"2011-08-22";"S.BesdeBerc@brgm.fr";"sbdbAdministrateur@brgm.fr";"2";;
"108185";"AQIAA0020179";;;"chambres et piliers";"carrière";"carriere";"Le_Bourg_de_Saint_Romain_la_Virvée";"abandon";"public";;;"centre cavité";"précis";"precis";"plan au 1/500";"10";"2009-03-26";"M.BORDONNE";"2009-03-27";"5";"384032.000000";"1999870.000000";;"384032";"1999870";"33470";;;"gironde@brgm.fr";"2009-12-09";"gironde@brgm.fr";"2009-01-01";"2011-08-22";"S.BesdeBerc@brgm.fr";"sbdbAdministrateur@brgm.fr";"2";;
"104834";"AQIAA0020180";;;"chambres et galeries";"carrière";"carriere";"Hameau_de_Roques_01_RD";"abandon";"public";;;"centre cavité";"précis";"precis";"plan au 1/200";"10";"2009-03-27";"M.BORDONNE";"2009-03-27";"5";"409834.000000";"1996878.000000";;"409834";"1996878";"33342";;;"gironde@brgm.fr";"2009-12-09";"gironde@brgm.fr";"2009-01-01";"2011-08-22";"S.BesdeBerc@brgm.fr";"sbdbAdministrateur@brgm.fr";"2";;
"104660";"AQIAA0020181";;;"chambres et galeries";"carrière";"carriere";"Clottet_Le_Hameau_de_Roques_02";"abandon";"public";;;"centre cavité";"précis";"precis";"plan au 1/500";"10";"2009-03-27";"M.BORDONNE";"2009-03-27";"5";"409874.000000";"1996915.000000";;"409874";"1996915";"33342";;;"gironde@brgm.fr";"2009-12-09";"gironde@brgm.fr";"2009-01-01";"2011-08-22";"S.BesdeBerc@brgm.fr";"sbdbAdministrateur@brgm.fr";"2";;
"104455";"AQIAA0020182";;;"chambres et piliers";"carrière";"carriere";"Château_de_Roques_03";"abandon";"public";;;"centre cavité";"précis";"precis";"plan au 1/500";"10";"2009-03-27";"M.BORDONNE";"2009-03-27";"5";"409966.000000";"1996949.000000";;"409966";"1996949";"33342";;;"gironde@brgm.fr";"2009-12-09";"gironde@brgm.fr";"2009-01-01";"2011-08-22";"S.BesdeBerc@brgm.fr";"sbdbAdministrateur@brgm.fr";"2";;
"104126";"AQIAA0020183";;;"chambres et piliers";"carrière";"carriere";"Roques_04";"abandon";"public";;;"centre cavité";"précis";"precis";"plan au 1/500";"10";"2009-03-27";"M.BORDONNE";"2009-03-27";"5";"410147.000000";"1996744.000000";;"410147";"1996744";"33342";;;"gironde@brgm.fr";"2009-12-09";"gironde@brgm.fr";"2009-01-01";"2011-08-22";"S.BesdeBerc@brgm.fr";"sbdbAdministrateur@brgm.fr";"2";;
"104158";"AQIAA0020184";;;"chambres et piliers";"carrière";"carriere";"Roques_05";"abandon";"public";;;"centre cavité";"précis";"precis";"plan au 1/500";"10";"2009-03-27";"M.BORDONNE";"2009-03-27";"5";"410020.000000";"1996762.000000";;"410020";"1996762";"33342";;;"gironde@brgm.fr";"2009-12-09";"gironde@brgm.fr";"2009-01-01";"2011-08-22";"S.BesdeBerc@brgm.fr";"sbdbAdministrateur@brgm.fr";"2";;
"107482";"AQIAA0020185";;;"chambres et piliers";"carrière";"carriere";"Roques_06";"abandon";"public";;;"centre cavité";"précis";"precis";"plan au 1/500";"10";"2009-03-27";"M.BORDONNE";"2009-03-27";"5";"410125.000000";"1996617.000000";;"410125";"1996617";"33342";;;"gironde@brgm.fr";"2009-12-09";"gironde@brgm.fr";"2009-01-01";"2011-08-22";"S.BesdeBerc@brgm.fr";"sbdbAdministrateur@brgm.fr";"2";;
"104798";"AQIAA0020186";;;"chambres et piliers";"carrière";"carriere";"Le_Basque_01_RD";"abandon";"public";;;"centre cavité";"précis";"precis";"plan au 1/500";"10";"2009-04-01";"M.BORDONNE";"2009-04-24";"5";"409771.000000";"1996557.000000";;"409771";"1996557";"33342";;;"gironde@brgm.fr";"2009-12-09";"gironde@brgm.fr";"2009-01-01";"2011-08-22";"S.BesdeBerc@brgm.fr";"sbdbAdministrateur@brgm.fr";"2";;
"113851";"AQIAA0020187";;;"galeries filantes";"carrière";"carriere";"Clottet_Le_Basque_02";"abandon";"public";;;"centre cavité";"précis";"precis";"plan au 1/500";"10";"2009-04-01";"M.BORDONNE";"2009-04-24";"5";"409753.000000";"1996505.000000";;"409753";"1996505";"33342";;;"gironde@brgm.fr";"2009-12-09";"gironde@brgm.fr";"2009-01-01";"2011-08-22";"S.BesdeBerc@brgm.fr";"sbdbAdministrateur@brgm.fr";"2";;
"118680";"AQIAA0020188";;;"chambres et piliers";"carrière";"carriere";"Clottet_Le_Basque_03_RD";"abandon";"public";;;"centre cavité";"précis";"precis";"plan au 1/500";"10";"2009-04-01";"M.BORDONNE";"2009-04-24";"5";"409834.000000";"1996422.000000";;"409834";"1996422";"33342";;;"gironde@brgm.fr";"2009-12-09";"gironde@brgm.fr";"2009-01-01";"2011-08-22";"S.BesdeBerc@brgm.fr";"sbdbAdministrateur@brgm.fr";"2";;
"104911";"AQIAA0020189";;;"chambres et piliers";"carrière";"carriere";"Clottet_Le_Basque_04_RD";"abandon";"public";;;"centre cavité";"précis";"precis";"plan au 1/500";"10";"2009-04-01";"M.BORDONNE";"2009-04-24";"5";"409837.000000";"1996337.000000";;"409837";"1996337";"33342";;;"gironde@brgm.fr";"2009-12-09";"gironde@brgm.fr";"2009-01-01";"2011-08-22";"S.BesdeBerc@brgm.fr";"sbdbAdministrateur@brgm.fr";"2";;
"104613";"AQIAA0020190";;;"galeries filantes";"carrière";"carriere";"Clottet_Le_Basque_05";"abandon";"public";;;"centre cavité";"précis";"precis";"plan au 1/500";"10";"2009-04-01";"M.BORDONNE";"2009-04-24";"5";"409919.000000";"1996346.000000";;"409919";"1996346";"33342";;;"gironde@brgm.fr";"2009-12-09";"gironde@brgm.fr";"2009-01-01";"2011-08-22";"S.BesdeBerc@brgm.fr";"sbdbAdministrateur@brgm.fr";"2";;
"104683";"AQIAA0020191";;;"chambres et piliers";"carrière";"carriere";"Clottet_Le_Basque_06";"abandon";"public";;;"centre cavité";"précis";"precis";"plan au 1/500";"10";"2009-04-01";"M.BORDONNE";"2009-04-24";"5";"409905.000000";"1996322.000000";;"409905";"1996322";"33342";;;"gironde@brgm.fr";"2009-12-09";"gironde@brgm.fr";"2009-01-01";"2011-08-22";"S.BesdeBerc@brgm.fr";"sbdbAdministrateur@brgm.fr";"2";;
"107346";"AQIAA0020192";;;"chambres et piliers";"carrière";"carriere";"Château_Guibeau_01";"abandon";"public";;;"centre cavité";"précis";"precis";"plan au 1/500";"10";"2009-04-01";"M.BORDONNE";"2009-04-24";"5";"410807.000000";"1996382.000000";;"410807";"1996382";"33342";;;"gironde@brgm.fr";"2009-12-09";"gironde@brgm.fr";"2009-01-01";"2011-08-22";"S.BesdeBerc@brgm.fr";"sbdbAdministrateur@brgm.fr";"2";;
"104755";"AQIAA0020193";;;"galeries filantes";"carrière";"carriere";"Clottet_Château_Guibeau_02";"abandon";"public";;;"centre cavité";"précis";"precis";"plan au 1/500";"10";"2009-04-01";"M.BORDONNE";"2009-04-24";"5";"410876.000000";"1996466.000000";;"410876";"1996466";"33342";;;"gironde@brgm.fr";"2009-12-09";"gironde@brgm.fr";"2009-01-01";"2011-08-22";"S.BesdeBerc@brgm.fr";"sbdbAdministrateur@brgm.fr";"2";;
"107494";"AQIAA0020194";;;"galeries filantes";"carrière";"carriere";"Clottet_Château_Guibeau_03";"abandon";"public";;;"centre cavité";"précis";"precis";"plan au 1/500";"10";"2009-04-01";"M.BORDONNE";"2009-04-24";"5";"410926.000000";"1996400.000000";;"410926";"1996400";"33342";;;"gironde@brgm.fr";"2009-12-09";"gironde@brgm.fr";"2009-01-01";"2011-08-22";"S.BesdeBerc@brgm.fr";"sbdbAdministrateur@brgm.fr";"2";;
"107515";"AQIAA0020195";;;"chambres et piliers";"carrière";"carriere";"Guillotin_01";"abandon";"public";;;"centre cavité";"précis";"precis";"plan au 1/500";"10";"2009-04-01";"M.BORDONNE";"2009-04-24";"5";"409165.000000";"1995105.000000";;"409165";"1995105";"33342";;;"gironde@brgm.fr";"2009-12-09";"gironde@brgm.fr";"2009-01-01";"2011-08-22";"S.BesdeBerc@brgm.fr";"sbdbAdministrateur@brgm.fr";"2";;
"107597";"AQIAA0020196";;;"chambres et piliers";"carrière";"carriere";"Guillotin_02";"abandon";"public";;;"centre cavité";"précis";"precis";"plan au 1/500";"10";"2009-04-01";"M.BORDONNE";"2009-04-24";"5";"409141.000000";"1995011.000000";;"409141";"1995011";"33342";;;"gironde@brgm.fr";"2009-12-09";"gironde@brgm.fr";"2009-01-01";"2011-08-22";"S.BesdeBerc@brgm.fr";"sbdbAdministrateur@brgm.fr";"2";;
"104375";"AQIAA0020197";;;"chambres et piliers";"carrière";"carriere";"Terre_Basse_01_RD";"abandon";"public";;;"centre cavité";"précis";"precis";"plan au 1/500";"10";"2009-04-01";"M.BORDONNE";"2009-04-24";"5";"412844.000000";"1995380.000000";;"412844";"1995380";"33342";;;"gironde@brgm.fr";"2009-12-09";"gironde@brgm.fr";"2009-01-01";"2011-08-22";"S.BesdeBerc@brgm.fr";"sbdbAdministrateur@brgm.fr";"2";;
"107388";"AQIAA0020198";;;"chambres et piliers";"carrière";"carriere";"Terre_Basse_02_RD";"abandon";"public";;;"centre cavité";"précis";"precis";"plan au 1/500";"10";"2009-04-01";"M.BORDONNE";"2009-04-24";"5";"412756.000000";"1995257.000000";;"412756";"1995257";"33342";;;"gironde@brgm.fr";"2009-12-09";"gironde@brgm.fr";"2009-01-01";"2011-08-22";"S.BesdeBerc@brgm.fr";"sbdbAdministrateur@brgm.fr";"2";;
"104673";"AQIAA0020199";;;"chambres et piliers";"carrière";"carriere";"Terre_Basse_03";"abandon";"public";;;"centre cavité";"précis";"precis";"plan au 1/500";"10";"2009-04-01";"M.BORDONNE";"2009-04-24";"5";"412760.000000";"1995183.000000";;"412760";"1995183";"33342";;;"gironde@brgm.fr";"2009-12-09";"gironde@brgm.fr";"2009-01-01";"2011-08-22";"S.BesdeBerc@brgm.fr";"sbdbAdministrateur@brgm.fr";"2";;
"107861";"AQIAA0020200";;;"chambres et piliers";"carrière";"carriere";"Terre_Basse_04";"abandon";"public";;;"centre cavité";"précis";"precis";"plan au 1/500";"10";"2009-04-01";"M.BORDONNE";"2009-04-24";"5";"412708.000000";"1995142.000000";;"412708";"1995142";"33342";;;"gironde@brgm.fr";"2009-12-09";"gironde@brgm.fr";"2009-01-01";"2011-08-22";"S.BesdeBerc@brgm.fr";"sbdbAdministrateur@brgm.fr";"2";;
"104932";"AQIAA0020201";;;"chambres et piliers";"carrière";"carriere";"Clottet_Terre_Basse_05";"abandon";"public";;;"centre cavité";"précis";"precis";"plan au 1/500";"10";"2009-04-01";"M.BORDONNE";"2009-04-24";"5";"412729.000000";"1995124.000000";;"412729";"1995124";"33342";;;"gironde@brgm.fr";"2009-12-09";"gironde@brgm.fr";"2009-01-01";"2011-08-22";"S.BesdeBerc@brgm.fr";"sbdbAdministrateur@brgm.fr";"2";;
"107449";"AQIAA0020202";;;"chambres et galeries";"carrière";"carriere";"Clottet_Gasquerie_01";"abandon";"public";;;"centre cavité";"précis";"precis";"GPS";"5";"2009-04-01";"M.BORDONNE";"2009-04-24";"5";"412629.000000";"1994602.000000";;"412629";"1994602";"33342";;;"gironde@brgm.fr";"2009-12-09";"gironde@brgm.fr";"2009-01-01";"2011-08-22";"S.BesdeBerc@brgm.fr";"sbdbAdministrateur@brgm.fr";"2";;
"104474";"AQIAA0020203";;;"chambres et galeries";"carrière";"carriere";"Clottet_Gasquerie_02";"abandon";"public";;;"centre cavité";"précis";"precis";"GPS";"5";"2009-04-01";"M.BORDONNE";"2009-04-24";"5";"412629.000000";"1994591.000000";;"412629";"1994591";"33342";;;"gironde@brgm.fr";"2009-12-09";"gironde@brgm.fr";"2009-01-01";"2011-08-22";"S.BesdeBerc@brgm.fr";"sbdbAdministrateur@brgm.fr";"2";;
"104796";"AQIAA0020204";;;"chambres et galeries";"carrière";"carriere";"Clottet_Gasquerie_03";"abandon";"public";;;"centre cavité";"précis";"precis";"GPS";"5";"2009-04-01";"M.BORDONNE";"2009-04-24";"5";"412654.000000";"1994595.000000";;"412654";"1994595";"33342";;;"gironde@brgm.fr";"2009-12-09";"gironde@brgm.fr";"2009-01-01";"2011-08-22";"S.BesdeBerc@brgm.fr";"sbdbAdministrateur@brgm.fr";"2";;
"104439";"AQIAA0020205";;;"chambres et galeries";"carrière";"carriere";"Clottet_Gasquerie_04";"abandon";"public";;;"centre cavité";"précis";"precis";"GPS";"5";"2009-04-01";"M.BORDONNE";"2009-04-24";"5";"412614.000000";"1994579.000000";;"412614";"1994579";"33342";;;"gironde@brgm.fr";"2009-12-09";"gironde@brgm.fr";"2009-01-01";"2011-08-22";"S.BesdeBerc@brgm.fr";"sbdbAdministrateur@brgm.fr";"2";;
"105531";"AQIAA0020206";;;"chambres et galeries";"carrière";"carriere";"Clottet_Gasquerie_05";"abandon";"public";;;"centre cavité";"précis";"precis";"GPS";"5";"2009-04-01";"M.BORDONNE";"2009-04-24";"5";"412627.000000";"1994559.000000";;"412627";"1994559";"33342";;;"gironde@brgm.fr";"2009-12-09";"gironde@brgm.fr";"2009-01-01";"2011-08-22";"S.BesdeBerc@brgm.fr";"sbdbAdministrateur@brgm.fr";"2";;
"106831";"AQIAA0020207";;;"chambres et piliers";"carrière";"carriere";"Le_Château_02";"abandon";"public";;;"centre cavité";"précis";"precis";"plan au 1/500";"10";"2009-04-01";"M.BORDONNE";"2009-05-29";"5";"385379.000000";"1998957.000000";;"385379";"1998957";"33470";;;"gironde@brgm.fr";"2009-12-09";"gironde@brgm.fr";"2009-01-01";"2011-08-22";"S.BesdeBerc@brgm.fr";"sbdbAdministrateur@brgm.fr";"2";;
"2594";"AQIAA0020208";;;"chambres et piliers";"carrière";"carriere";"Truite";"abandon";"public";;;"centre cavité";"approché";"approche";"plan au 1/500";"50";"2009-04-01";"M.BORDONNE";"2010-03-31";"5";"392325.000000";"1995084.000000";;"392325";"1995084";"33174";;;"gironde@brgm.fr";"2009-12-09";"gironde@brgm.fr";"2009-01-01";"2011-08-22";"S.BesdeBerc@brgm.fr";"sbdbAdministrateur@brgm.fr";"2";;
"104693";"AQIAA0020209";;;"chambres et piliers";"carrière";"carriere";"Pissecan_02";"abandon";"public";;;"centre cavité";"approché";"approche";"plan au 1/500";"50";"2009-04-01";"M.BORDONNE";"2010-01-07";"5";"412060.000000";"1991368.000000";;"412060";"1991368";"33181";;;"gironde@brgm.fr";"2009-12-09";"gironde@brgm.fr";"2009-01-01";"2011-08-22";"S.BesdeBerc@brgm.fr";"sbdbAdministrateur@brgm.fr";"2";;
"108096";"AQIAA0020210";;;"chambres et piliers";"carrière";"carriere";"Pissecan_03";"abandon";"public";;;"centre cavité";"approché";"approche";"plan au 1/500";"50";"2009-04-01";"M.BORDONNE";"2010-01-07";"5";"411916.000000";"1991378.000000";;"411916";"1991378";"33406";;;"gironde@brgm.fr";"2009-12-09";"gironde@brgm.fr";"2009-01-01";"2011-08-22";"S.BesdeBerc@brgm.fr";"sbdbAdministrateur@brgm.fr";"2";;
"107981";"AQIAA0020211";;;"chambres et piliers";"carrière";"carriere";"Château_Larriveau_Au_Moulin_01";"abandon";"public";;;"centre cavité";"précis";"precis";"plan au 1/500";"10";"2009-04-01";"M.BORDONNE";"2009-04-24";"5";"352878.000000";"2030502.000000";;"352878";"2030502";"33125";;;"gironde@brgm.fr";"2009-12-09";"gironde@brgm.fr";"2009-01-01";"2011-08-22";"S.BesdeBerc@brgm.fr";"sbdbAdministrateur@brgm.fr";"2";;
"107596";"AQIAA0020212";;;"galeries filantes";"carrière";"carriere";"Clottet_Château_Larriveau_Au_Moulin_02";"abandon";"public";;;"centre cavité";"précis";"precis";"plan au 1/500";"10";"2009-04-01";"M.BORDONNE";"2009-04-24";"5";"352912.000000";"2030480.000000";;"352912";"2030480";"33125";;;"gironde@brgm.fr";"2009-12-09";"gironde@brgm.fr";"2009-01-01";"2011-08-22";"S.BesdeBerc@brgm.fr";"sbdbAdministrateur@brgm.fr";"2";;
"105594";"AQIAA0020214";;;"galeries filantes";"carrière";"carriere";"Clottet_Le_Puy_01";"abandon";"public";;;"centre cavité";"précis";"precis";"plan au 1/500";"10";"2009-04-01";"M.BORDONNE";"2009-07-09";"5";"352919.000000";"2029848.000000";;"352919";"2029848";"33125";;;"gironde@brgm.fr";"2009-12-09";"gironde@brgm.fr";"2009-01-01";"2011-08-22";"S.BesdeBerc@brgm.fr";"sbdbAdministrateur@brgm.fr";"2";;
"104527";"AQIAA0020215";;;"chambres et galeries";"carrière";"carriere";"Clottet_Drouillet_La_Tuilerie_01";"abandon";"public";;;"centre cavité";"approché";"approche";"plan au 1/500";"25";"2009-04-01";"M.BORDONNE";"2009-10-07";"5";"379206.000000";"2000750.000000";;"379206";"2000750";"33143";;;"gironde@brgm.fr";"2009-12-09";"gironde@brgm.fr";"2009-01-01";"2011-08-22";"S.BesdeBerc@brgm.fr";"sbdbAdministrateur@brgm.fr";"2";;
"107130";"AQIAA0020216";;;"galeries filantes";"carrière";"carriere";"Clottet_Drouillet_La_Tuilerie_02";"abandon";"public";;;"centre cavité";"approché";"approche";"plan au 1/500";"25";"2009-04-01";"M.BORDONNE";"2009-04-24";"5";"379218.000000";"2000732.000000";;"379218";"2000732";"33143";;;"gironde@brgm.fr";"2009-12-09";"gironde@brgm.fr";"2009-01-01";"2011-08-22";"S.BesdeBerc@brgm.fr";"sbdbAdministrateur@brgm.fr";"2";;
"106894";"AQIAA0020217";;;"chambres et piliers";"carrière";"carriere";"Drouillet_03";"abandon";"public";;;"centre cavité";"précis";"precis";"plan au 1/500";"10";"2009-04-01";"M.BORDONNE";"2009-04-24";"5";"379359.000000";"2000703.000000";;"379359";"2000703";"33143";;;"gironde@brgm.fr";"2009-12-09";"gironde@brgm.fr";"2009-01-01";"2011-08-22";"S.BesdeBerc@brgm.fr";"sbdbAdministrateur@brgm.fr";"2";;
"107781";"AQIAA0020218";;;"chambres et piliers";"carrière";"carriere";"Les_Tours";"abandon";"public";;;"centre cavité";"précis";"precis";"plan au 1/500";"10";"2009-04-01";"M.BORDONNE";"2009-04-24";"5";"379437.000000";"2000400.000000";;"379437";"2000400";"33143";;;"gironde@brgm.fr";"2009-12-09";"gironde@brgm.fr";"2009-01-01";"2011-08-22";"S.BesdeBerc@brgm.fr";"sbdbAdministrateur@brgm.fr";"2";;
"107541";"AQIAA0020219";;;"chambres et piliers";"carrière";"carriere";"Bicot";"abandon";"public";;;"centre cavité";"précis";"precis";"plan au 1/500";"10";"2009-04-01";"M.BORDONNE";"2009-04-24";"5";"380029.000000";"2000639.000000";;"380029";"2000639";"33143";;;"gironde@brgm.fr";"2009-12-09";"gironde@brgm.fr";"2009-01-01";"2011-08-22";"S.BesdeBerc@brgm.fr";"sbdbAdministrateur@brgm.fr";"2";;
"108118";"AQIAA0020220";;;"chambres et piliers";"carrière";"carriere";"Vignaux";"abandon";"public";;;"centre cavité";"précis";"precis";"plan au 1/500";"10";"2009-04-01";"M.BORDONNE";"2009-04-24";"5";"381497.000000";"2000421.000000";;"381497";"2000421";"33143";;;"gironde@brgm.fr";"2009-12-09";"gironde@brgm.fr";"2009-01-01";"2011-08-22";"S.BesdeBerc@brgm.fr";"sbdbAdministrateur@brgm.fr";"2";;
"104948";"AQIAA0020221";;;"galeries filantes";"carrière";"carriere";"Clottet_Observatoire_01";"abandon";"public";;;"centre cavité";"précis";"precis";"plan au 1/500";"10";"2009-04-01";"M.BORDONNE";"2009-04-24";"5";"373365.000000";"1985692.000000";;"373365";"1985692";"33167";;;"gironde@brgm.fr";"2009-12-09";"gironde@brgm.fr";"2009-01-01";"2011-08-22";"S.BesdeBerc@brgm.fr";"sbdbAdministrateur@brgm.fr";"2";;
"107344";"AQIAA0020222";;;"chambres et galeries";"carrière";"carriere";"Clottet_Observatoire_02";"abandon";"public";;;"centre cavité";"précis";"precis";"plan au 1/500";"10";"2009-04-01";"M.BORDONNE";"2009-04-24";"5";"373373.000000";"1985652.000000";;"373373";"1985652";"33167";;;"gironde@brgm.fr";"2009-12-09";"gironde@brgm.fr";"2009-01-01";"2011-08-22";"S.BesdeBerc@brgm.fr";"sbdbAdministrateur@brgm.fr";"2";;
"104602";"AQIAA0020223";;;"chambres et galeries";"carrière";"carriere";"Clottet_Observatoire_03";"abandon";"public";;;"centre cavité";"précis";"precis";"plan au 1/500";"10";"2009-04-01";"M.BORDONNE";"2009-04-24";"5";"373393.000000";"1985636.000000";;"373393";"1985636";"33167";;;"gironde@brgm.fr";"2009-12-09";"gironde@brgm.fr";"2009-01-01";"2011-08-22";"S.BesdeBerc@brgm.fr";"sbdbAdministrateur@brgm.fr";"2";;
"2552";"AQIAA0020224";;;"chambres et galeries";"carrière";"carriere";"Clottet_Le_Bas_Rebedèche_01";"abandon";"public";;;"centre cavité";"précis";"precis";"plan au 1/500";"10";"2009-04-01";"M.BORDONNE";"2009-04-24";"5";"373689.000000";"1985434.000000";;"373689";"1985434";"33167";;;"gironde@brgm.fr";"2009-12-09";"gironde@brgm.fr";"2009-01-01";"2011-08-22";"S.BesdeBerc@brgm.fr";"sbdbAdministrateur@brgm.fr";"2";;
"106865";"AQIAA0020225";;;"chambres et galeries";"carrière";"carriere";"Clottet_Guitre";"abandon";"public";;;"centre cavité";"précis";"precis";"plan au 1/500";"10";"2009-04-01";"M.BORDONNE";"2009-04-24";"5";"373880.000000";"1985396.000000";;"373880";"1985396";"33167";;;"gironde@brgm.fr";"2009-12-09";"gironde@brgm.fr";"2009-01-01";"2011-08-22";"S.BesdeBerc@brgm.fr";"sbdbAdministrateur@brgm.fr";"2";;
"107423";"AQIAA0020226";;;"chambres et piliers";"carrière";"carriere";"Cardayre_Pèlerin";"abandon";"public";;;"centre cavité";"précis";"precis";"plan au 1/500";"10";"2009-04-01";"M.BORDONNE";"2009-05-04";"5";"375794.000000";"1982105.000000";;"375794";"1982105";"33234";;;"gironde@brgm.fr";"2009-12-09";"gironde@brgm.fr";"2009-01-01";"2011-08-22";"S.BesdeBerc@brgm.fr";"sbdbAdministrateur@brgm.fr";"2";;
"104977";"AQIAA0020227";;;"galeries filantes";"carrière";"carriere";"Malherbes";"abandon";"public";;;"centre cavité";"précis";"precis";"plan au 1/500";"10";"2009-04-01";"M.BORDONNE";"2009-04-30";"5";"375917.000000";"1982052.000000";;"375917";"1982052";"33234";;;"gironde@brgm.fr";"2009-12-09";"gironde@brgm.fr";"2009-01-01";"2011-08-22";"S.BesdeBerc@brgm.fr";"sbdbAdministrateur@brgm.fr";"2";;
"108177";"AQIAA0020228";;;"galeries filantes";"carrière";"carriere";"La_Seleyre_Bamboulayre";"abandon";"public";;;"centre cavité";"précis";"precis";"plan au 1/500";"10";"2009-04-01";"M.BORDONNE";"2009-04-30";"5";"375352.000000";"1981997.000000";;"375352";"1981997";"33234";;;"gironde@brgm.fr";"2009-12-09";"gironde@brgm.fr";"2009-01-01";"2011-08-22";"S.BesdeBerc@brgm.fr";"sbdbAdministrateur@brgm.fr";"2";;
"104701";"AQIAA0020229";;;"chambres et piliers";"carrière";"carriere";"Grande_carrière_de_Latresne";"abandon";"public";;;"centre cavité";"précis";"precis";"plan au 1/500";"10";"2009-04-01";"M.BORDONNE";"2009-04-30";"5";"375978.000000";"1981036.000000";;"375978";"1981036";"33234";;;"gironde@brgm.fr";"2009-12-09";"gironde@brgm.fr";"2009-01-01";"2011-08-22";"S.BesdeBerc@brgm.fr";"sbdbAdministrateur@brgm.fr";"2";;
"107504";"AQIAA0020230";;;"chambres et piliers";"carrière";"carriere";"Basque_Nord";"abandon";"public";;;"centre cavité";"précis";"precis";"plan au 1/500";"10";"2009-04-01";"M.BORDONNE";"2009-04-30";"5";"375625.000000";"1980281.000000";;"375625";"1980281";"33234";;;"gironde@brgm.fr";"2009-12-09";"gironde@brgm.fr";"2009-01-01";"2011-08-22";"S.BesdeBerc@brgm.fr";"sbdbAdministrateur@brgm.fr";"2";;
"107605";"AQIAA0020232";;;"chambres et galeries";"carrière";"carriere";"Basque_Sud_01";"abandon";"public";;;"centre cavité";"précis";"precis";"plan au 1/500";"10";"2009-04-01";"M.BORDONNE";"2009-10-07";"5";"375657.000000";"1980164.000000";;"375657";"1980164";"33234";;;"gironde@brgm.fr";"2009-12-09";"gironde@brgm.fr";"2009-01-01";"2011-08-22";"S.BesdeBerc@brgm.fr";"sbdbAdministrateur@brgm.fr";"2";;
"107580";"AQIAA0020233";;;"chambres et galeries";"carrière";"carriere";"Basque_Sud_02";"abandon";"public";;;"centre cavité";"précis";"precis";"plan au 1/500";"10";"2009-04-01";"M.BORDONNE";"2009-04-30";"5";"375688.000000";"1980144.000000";;"375688";"1980144";"33234";;;"gironde@brgm.fr";"2009-12-09";"gironde@brgm.fr";"2009-01-01";"2011-08-22";"S.BesdeBerc@brgm.fr";"sbdbAdministrateur@brgm.fr";"2";;
"106995";"AQIAA0020234";;;"chambres et galeries";"carrière";"carriere";"Basque_Sud_03";"abandon";"public";;;"centre cavité";"précis";"precis";"plan au 1/500";"10";"2009-04-01";"M.BORDONNE";"2009-04-30";"5";"375701.000000";"1980133.000000";;"375701";"1980133";"33234";;;"gironde@brgm.fr";"2009-12-09";"gironde@brgm.fr";"2009-01-01";"2011-08-22";"S.BesdeBerc@brgm.fr";"sbdbAdministrateur@brgm.fr";"2";;
"107964";"AQIAA0020235";;;"chambres et piliers";"carrière";"carriere";"Millery";"abandon";"public";;;"centre cavité";"précis";"precis";"plan au 1/500";"10";"2009-04-01";"M.BORDONNE";"2009-04-30";"5";"375891.000000";"1980113.000000";;"375891";"1980113";"33234";;;"gironde@brgm.fr";"2009-12-09";"gironde@brgm.fr";"2009-01-01";"2011-08-22";"S.BesdeBerc@brgm.fr";"sbdbAdministrateur@brgm.fr";"2";;
"108039";"AQIAA0020236";;;"chambres et galeries";"carrière";"carriere";"Casse_01";"abandon";"public";;;"centre cavité";"précis";"precis";"plan au 1/500";"10";"2009-04-01";"M.BORDONNE";"2009-04-30";"5";"376054.000000";"1979987.000000";;"376054";"1979987";"33234";;;"gironde@brgm.fr";"2009-12-09";"gironde@brgm.fr";"2009-01-01";"2011-08-22";"S.BesdeBerc@brgm.fr";"sbdbAdministrateur@brgm.fr";"2";;
"107779";"AQIAA0020237";;;"galeries filantes";"carrière";"carriere";"Casse_02";"abandon";"public";;;"centre cavité";"précis";"precis";"plan au 1/500";"10";"2009-04-01";"M.BORDONNE";"2009-04-30";"5";"376098.000000";"1979988.000000";;"376098";"1979988";"33234";;;"gironde@brgm.fr";"2009-12-09";"gironde@brgm.fr";"2009-01-01";"2011-08-22";"S.BesdeBerc@brgm.fr";"sbdbAdministrateur@brgm.fr";"2";;
"106945";"AQIAA0020238";;;"chambres et galeries";"carrière";"carriere";"Collège_Camille_Claudel";"abandon";"public";;;"centre cavité";"précis";"precis";"plan au 1/500";"10";"2009-04-01";"M.BORDONNE";"2009-04-30";"5";"376155.000000";"1980214.000000";;"376155";"1980214";"33234";;;"gironde@brgm.fr";"2009-12-09";"gironde@brgm.fr";"2009-01-01";"2011-08-22";"S.BesdeBerc@brgm.fr";"sbdbAdministrateur@brgm.fr";"2";;
"104469";"AQIAA0020239";;;"chambres et piliers";"carrière";"carriere";"Peyrepin";"abandon";"public";;;"centre cavité";"précis";"precis";"plan au 1/500";"10";"2009-04-01";"M.BORDONNE";"2009-04-30";"5";"376928.000000";"1980264.000000";;"376928";"1980264";"33234";;;"gironde@brgm.fr";"2009-12-09";"gironde@brgm.fr";"2009-01-01";"2011-08-22";"S.BesdeBerc@brgm.fr";"sbdbAdministrateur@brgm.fr";"2";;
"2673";"AQIAA0020240";;;"galeries filantes";"carrière";"carriere";"Pardaillan_01";"abandon";"public";;;"centre cavité";"précis";"precis";"plan au 1/500";"10";"2009-04-01";"M.BORDONNE";"2009-04-30";"5";"377154.000000";"1980318.000000";;"377154";"1980318";"33234";;;"gironde@brgm.fr";"2009-12-09";"gironde@brgm.fr";"2009-01-01";"2011-08-22";"S.BesdeBerc@brgm.fr";"sbdbAdministrateur@brgm.fr";"2";;
"107918";"AQIAA0020241";;;"chambres et galeries";"carrière";"carriere";"Pardaillan_02";"abandon";"public";;;"centre cavité";"précis";"precis";"plan au 1/500";"10";"2009-04-01";"M.BORDONNE";"2009-04-30";"5";"377175.000000";"1980319.000000";;"377175";"1980319";"33234";;;"gironde@brgm.fr";"2009-12-09";"gironde@brgm.fr";"2009-01-01";"2011-08-22";"S.BesdeBerc@brgm.fr";"sbdbAdministrateur@brgm.fr";"2";;
"104935";"AQIAA0020242";;;"chambres et galeries";"carrière";"carriere";"Pardaillan_03";"abandon";"public";;;"centre cavité";"précis";"precis";"plan au 1/500";"10";"2009-04-01";"M.BORDONNE";"2009-04-30";"5";"377185.000000";"1980310.000000";;"377185";"1980310";"33234";;;"gironde@brgm.fr";"2009-12-09";"gironde@brgm.fr";"2009-01-01";"2011-08-22";"S.BesdeBerc@brgm.fr";"sbdbAdministrateur@brgm.fr";"2";;
"107405";"AQIAA0020243";;;"galeries filantes";"carrière";"carriere";"Pardaillan_04";"abandon";"public";;;"centre cavité";"précis";"precis";"plan au 1/500";"10";"2009-04-01";"M.BORDONNE";"2009-10-07";"5";"377239.000000";"1980393.000000";;"377239";"1980393";"33234";;;"gironde@brgm.fr";"2009-12-09";"gironde@brgm.fr";"2009-01-01";"2011-08-22";"S.BesdeBerc@brgm.fr";"sbdbAdministrateur@brgm.fr";"2";;
"106893";"AQIAA0020244";;;"galeries filantes";"carrière";"carriere";"Le_Château_01";"abandon";"public";;;"centre cavité";"précis";"precis";"plan au 1/500";"10";"2009-04-01";"M.BORDONNE";"2009-04-30";"5";"375802.000000";"1979460.000000";;"375802";"1979460";"33234";;;"gironde@brgm.fr";"2009-12-09";"gironde@brgm.fr";"2009-01-01";"2011-08-22";"S.BesdeBerc@brgm.fr";"sbdbAdministrateur@brgm.fr";"2";;
"2613";"AQIAA0020245";;;"chambres et piliers";"carrière";"carriere";"Le_Château_02";"abandon";"public";;;"centre cavité";"précis";"precis";"plan au 1/500";"10";"2009-04-01";"M.BORDONNE";"2009-04-30";"5";"376302.000000";"1979522.000000";;"376302";"1979522";"33234";;;"gironde@brgm.fr";"2009-12-09";"gironde@brgm.fr";"2009-01-01";"2011-08-22";"S.BesdeBerc@brgm.fr";"sbdbAdministrateur@brgm.fr";"2";;
"104930";"AQIAA0020246";;;"chambres et piliers";"carrière";"carriere";"Le_Grand_Parc_01";"abandon";"public";;;"centre cavité";"précis";"precis";"plan au 1/500";"10";"2009-04-01";"M.BORDONNE";"2009-04-30";"5";"376724.000000";"1979738.000000";;"376724";"1979738";"33234";;;"gironde@brgm.fr";"2009-12-09";"gironde@brgm.fr";"2009-01-01";"2011-08-22";"S.BesdeBerc@brgm.fr";"sbdbAdministrateur@brgm.fr";"2";;
"104654";"AQIAA0020247";;;"chambres et piliers";"carrière";"carriere";"Le_Grand_Parc_02";"abandon";"public";;;"centre cavité";"précis";"precis";"plan au 1/500";"10";"2009-04-01";"M.BORDONNE";"2009-04-30";"5";"376887.000000";"1979721.000000";;"376887";"1979721";"33234";;;"gironde@brgm.fr";"2009-12-09";"gironde@brgm.fr";"2009-01-01";"2011-08-22";"S.BesdeBerc@brgm.fr";"sbdbAdministrateur@brgm.fr";"2";;
"105477";"AQIAA0020248";;;"galeries filantes";"carrière";"carriere";"Le_Grand_Parc_03";"abandon";"public";;;"centre cavité";"précis";"precis";"plan au 1/500";"10";"2009-04-01";"M.BORDONNE";"2009-04-30";"5";"376860.000000";"1979899.000000";;"376860";"1979899";"33234";;;"gironde@brgm.fr";"2009-12-09";"gironde@brgm.fr";"2009-01-01";"2011-08-22";"S.BesdeBerc@brgm.fr";"sbdbAdministrateur@brgm.fr";"2";;
"2576";"AQIAA0020249";;;"chambres et galeries";"carrière";"carriere";"Clottet_Le_Basque";"abandon";"public";;;"centre cavité";"précis";"precis";"plan au 1/500";"10";"2009-04-01";"M.BORDONNE";"2009-04-24";"5";"417829.000000";"1975668.000000";;"417829";"1975668";"33247";;;"gironde@brgm.fr";"2009-12-09";"gironde@brgm.fr";"2009-01-01";"2011-08-22";"S.BesdeBerc@brgm.fr";"sbdbAdministrateur@brgm.fr";"2";;
"104600";"AQIAA0020250";;;"chambres et galeries";"carrière";"carriere";"Jean_Larc_01";"abandon";"public";;;"centre cavité";"précis";"precis";"plan au 1/500";"10";"2009-04-01";"M.BORDONNE";"2009-04-30";"5";"399534.000000";"1982454.000000";;"399534";"1982454";"33257";;;"gironde@brgm.fr";"2009-12-09";"gironde@brgm.fr";"2009-01-01";"2011-08-22";"S.BesdeBerc@brgm.fr";"sbdbAdministrateur@brgm.fr";"2";;
"2826";"AQIAA0020251";;;"chambres et piliers";"carrière";"carriere";"Jean_Larc_02";"abandon";"public";;;"centre cavité";"précis";"precis";"plan au 1/500";"10";"2009-04-01";"M.BORDONNE";"2009-04-30";"5";"399566.000000";"1982436.000000";;"399566";"1982436";"33257";;;"gironde@brgm.fr";"2009-12-09";"gironde@brgm.fr";"2009-01-01";"2011-08-22";"S.BesdeBerc@brgm.fr";"sbdbAdministrateur@brgm.fr";"2";;
"108036";"AQIAA0020252";;;"chambres et galeries";"carrière";"carriere";"Jean_Larc_03";"abandon";"public";;;"centre cavité";"précis";"precis";"plan au 1/500";"10";"2009-04-01";"M.BORDONNE";"2009-04-30";"5";"399569.000000";"1982428.000000";;"399569";"1982428";"33257";;;"gironde@brgm.fr";"2009-12-09";"gironde@brgm.fr";"2009-01-01";"2011-08-22";"S.BesdeBerc@brgm.fr";"sbdbAdministrateur@brgm.fr";"2";;
"104125";"AQIAA0020253";;;"chambres et galeries";"carrière";"carriere";"Jean_Larc_04";"abandon";"public";;;"centre cavité";"précis";"precis";"plan au 1/500";"10";"2009-04-01";"M.BORDONNE";"2009-04-30";"5";"399566.000000";"1982417.000000";;"399566";"1982417";"33257";;;"gironde@brgm.fr";"2009-12-09";"gironde@brgm.fr";"2009-01-01";"2011-08-22";"S.BesdeBerc@brgm.fr";"sbdbAdministrateur@brgm.fr";"2";;
"104915";"AQIAA0020254";;;"chambres et piliers";"carrière";"carriere";"Bouchecourt_02";"abandon";"public";;;"centre cavité";"précis";"precis";"plan au 1/500";"10";"2009-04-01";"M.BORDONNE";"2009-04-30";"5";"400384.000000";"1982837.000000";;"400384";"1982837";"33257";;;"gironde@brgm.fr";"2009-12-09";"gironde@brgm.fr";"2009-01-01";"2011-08-22";"S.BesdeBerc@brgm.fr";"sbdbAdministrateur@brgm.fr";"2";;
"104639";"AQIAA0020255";;;"chambres et galeries";"carrière";"carriere";"Bouchecourt_01";"abandon";"public";;;"centre cavité";"précis";"precis";"plan au 1/500";"10";"2009-04-01";"M.BORDONNE";"2009-04-30";"5";"400405.000000";"1982847.000000";;"400405";"1982847";"33257";;;"gironde@brgm.fr";"2009-12-09";"gironde@brgm.fr";"2009-01-01";"2011-08-22";"S.BesdeBerc@brgm.fr";"sbdbAdministrateur@brgm.fr";"2";;
"104154";"AQIAA0020256";;;"chambres et piliers";"carrière";"carriere";"Bouchecourt_03";"abandon";"public";;;"centre cavité";"précis";"precis";"plan au 1/500";"10";"2009-04-01";"M.BORDONNE";"2009-04-30";"5";"400468.000000";"1982785.000000";;"400468";"1982785";"33257";;;"gironde@brgm.fr";"2009-12-09";"gironde@brgm.fr";"2009-01-01";"2011-08-22";"S.BesdeBerc@brgm.fr";"sbdbAdministrateur@brgm.fr";"2";;
"104557";"AQIAA0020257";;;"chambres et piliers";"carrière";"carriere";"Pugerin_01";"abandon";"public";;;"centre cavité";"précis";"precis";"plan au 1/500";"10";"2009-04-03";"M.BORDONNE";"2009-04-24";"5";"379543.000000";"1981734.000000";;"379543";"1981734";"33245";;;"gironde@brgm.fr";"2009-12-09";"gironde@brgm.fr";"2009-01-01";"2011-08-22";"S.BesdeBerc@brgm.fr";"sbdbAdministrateur@brgm.fr";"2";;
"107348";"AQIAA0020259";;;"chambres et piliers";"carrière";"carriere";"Pugerin_02";"abandon";"public";;;"centre cavité";"précis";"precis";"plan au 1/500";"10";"2009-04-03";"M.BORDONNE";"2009-04-24";"5";"379631.000000";"1981786.000000";;"379631";"1981786";"33245";;;"gironde@brgm.fr";"2009-12-09";"gironde@brgm.fr";"2009-01-01";"2011-08-22";"S.BesdeBerc@brgm.fr";"sbdbAdministrateur@brgm.fr";"2";;
"2637";"AQIAA0020260";;;"chambres et piliers";"carrière";"carriere";"Pugerin_03";"abandon";"public";;;"centre cavité";"précis";"precis";"plan au 1/500";"10";"2009-04-03";"M.BORDONNE";"2009-04-24";"5";"379649.000000";"1981736.000000";;"379649";"1981736";"33245";;;"gironde@brgm.fr";"2009-12-09";"gironde@brgm.fr";"2009-01-01";"2011-08-22";"S.BesdeBerc@brgm.fr";"sbdbAdministrateur@brgm.fr";"2";;
"107591";"AQIAA0020261";;;"chambres et piliers";"carrière";"carriere";"Pugerin_04";"abandon";"public";;;"centre cavité";"précis";"precis";"plan au 1/500";"10";"2009-04-03";"M.BORDONNE";"2009-04-24";"5";"379694.000000";"1981632.000000";;"379694";"1981632";"33245";;;"gironde@brgm.fr";"2009-12-09";"gironde@brgm.fr";"2009-01-01";"2011-08-22";"S.BesdeBerc@brgm.fr";"sbdbAdministrateur@brgm.fr";"2";;
"118671";"AQIAA0020262";;;"chambres et piliers";"carrière";"carriere";"Clottet_Escorgeboeuf";"abandon";"public";;;"centre cavité";"précis";"precis";"plan au 1/500";"10";"2009-04-03";"M.BORDONNE";"2009-10-07";"5";"380767.000000";"1982333.000000";;"380767";"1982333";"33245";;;"gironde@brgm.fr";"2009-12-09";"gironde@brgm.fr";"2009-01-01";"2011-08-22";"S.BesdeBerc@brgm.fr";"sbdbAdministrateur@brgm.fr";"2";;
"109317";"AQIAA0020263";;;"chambres et piliers";"carrière";"carriere";"Loustalot";"abandon";"public";;;"centre cavité";"précis";"precis";"plan au 1/500";"10";"2009-04-03";"M.BORDONNE";"2009-04-24";"5";"380617.000000";"1981466.000000";;"380617";"1981466";"33245";;;"gironde@brgm.fr";"2009-12-09";"gironde@brgm.fr";"2009-01-01";"2011-08-22";"S.BesdeBerc@brgm.fr";"sbdbAdministrateur@brgm.fr";"2";;
"2759";"AQIAA0020264";;;"chambres et piliers";"carrière";"carriere";"Peyre";"abandon";"public";;;"centre cavité";"précis";"precis";"plan au 1/500";"10";"2009-04-06";"M.BORDONNE";"2009-04-24";"5";"381301.000000";"1981693.000000";;"381301";"1981693";"33245";;;"gironde@brgm.fr";"2009-12-09";"gironde@brgm.fr";"2009-01-01";"2011-08-22";"S.BesdeBerc@brgm.fr";"sbdbAdministrateur@brgm.fr";"2";;
"104838";"AQIAA0020265";;;"chambres et piliers";"carrière";"carriere";"Quartier_de_Bidon";"abandon";"public";;;"centre cavité";"précis";"precis";"plan au 1/500";"10";"2009-04-06";"M.BORDONNE";"2009-04-24";"5";"381152.000000";"1980991.000000";;"381152";"1980991";"33245";;;"gironde@brgm.fr";"2009-12-09";"gironde@brgm.fr";"2009-01-01";"2011-08-22";"S.BesdeBerc@brgm.fr";"sbdbAdministrateur@brgm.fr";"2";;
"107965";"AQIAA0020266";;;"chambres et piliers";"carrière";"carriere";"Quartier_de_Cazaubaque_01";"abandon";"public";;;"centre cavité";"précis";"precis";"plan au 1/500";"10";"2009-04-06";"M.BORDONNE";"2009-04-24";"5";"381265.000000";"1980903.000000";;"381265";"1980903";"33245";;;"gironde@brgm.fr";"2009-12-09";"gironde@brgm.fr";"2009-01-01";"2011-08-22";"S.BesdeBerc@brgm.fr";"sbdbAdministrateur@brgm.fr";"2";;
"107615";"AQIAA0020267";;;"galeries filantes";"carrière";"carriere";"Clottet_Quartier_de_Cazaubaque_02";"abandon";"public";;;"centre cavité";"précis";"precis";"plan au 1/500";"10";"2009-04-06";"M.BORDONNE";"2009-04-24";"5";"381298.000000";"1980545.000000";;"381298";"1980545";"33245";;;"gironde@brgm.fr";"2009-12-09";"gironde@brgm.fr";"2009-01-01";"2011-08-22";"S.BesdeBerc@brgm.fr";"sbdbAdministrateur@brgm.fr";"2";;
"106729";"AQIAA0020268";;;"chambres et galeries";"carrière";"carriere";"Clottet_Quartier_de_Cazaubaque_03";"abandon";"public";;;"centre cavité";"précis";"precis";"plan au 1/500";"10";"2009-04-06";"M.BORDONNE";"2009-04-24";"5";"381336.000000";"1980569.000000";;"381336";"1980569";"33245";;;"gironde@brgm.fr";"2009-12-09";"gironde@brgm.fr";"2009-01-01";"2011-08-22";"S.BesdeBerc@brgm.fr";"sbdbAdministrateur@brgm.fr";"2";;
"104625";"AQIAA0020269";;;"chambres et piliers";"carrière";"carriere";"Clottet_Château_Seguin_01";"abandon";"public";;;"centre cavité";"précis";"precis";"plan au 1/500";"10";"2009-04-06";"M.BORDONNE";"2009-04-24";"5";"381777.000000";"1981339.000000";;"381777";"1981339";"33245";;;"gironde@brgm.fr";"2009-12-09";"gironde@brgm.fr";"2009-01-01";"2011-08-22";"S.BesdeBerc@brgm.fr";"sbdbAdministrateur@brgm.fr";"2";;
"104436";"AQIAA0020270";;;"chambres et galeries";"carrière";"carriere";"Clottet_Château_Seguin_02";"abandon";"public";;;"centre cavité";"précis";"precis";"plan au 1/500";"10";"2009-04-06";"M.BORDONNE";"2009-10-07";"5";"381811.000000";"1981347.000000";;"381811";"1981347";"33245";;;"gironde@brgm.fr";"2009-12-09";"gironde@brgm.fr";"2009-01-01";"2011-08-22";"S.BesdeBerc@brgm.fr";"sbdbAdministrateur@brgm.fr";"2";;
"104569";"AQIAA0020271";;;"chambres et galeries";"carrière";"carriere";"Clottet_Château_Seguin_03";"abandon";"public";;;"centre cavité";"précis";"precis";"plan au 1/500";"10";"2009-04-06";"M.BORDONNE";"2009-04-24";"5";"381823.000000";"1981336.000000";;"381823";"1981336";"33245";;;"gironde@brgm.fr";"2009-12-09";"gironde@brgm.fr";"2009-01-01";"2011-08-22";"S.BesdeBerc@brgm.fr";"sbdbAdministrateur@brgm.fr";"2";;
"107623";"AQIAA0020272";;;"chambres et galeries";"carrière";"carriere";"Clottet_Château_Seguin_04";"abandon";"public";;;"centre cavité";"précis";"precis";"plan au 1/500";"10";"2009-04-06";"M.BORDONNE";"2009-04-24";"5";"381840.000000";"1981313.000000";;"381840";"1981313";"33245";;;"gironde@brgm.fr";"2009-12-09";"gironde@brgm.fr";"2009-01-01";"2011-08-22";"S.BesdeBerc@brgm.fr";"sbdbAdministrateur@brgm.fr";"2";;
"107930";"AQIAA0020273";;;"chambres et galeries";"carrière";"carriere";"Clottet_Château_Seguin_05";"abandon";"public";;;"centre cavité";"précis";"precis";"plan au 1/500";"10";"2009-04-06";"M.BORDONNE";"2009-04-24";"5";"381858.000000";"1981331.000000";;"381858";"1981331";"33245";;;"gironde@brgm.fr";"2009-12-09";"gironde@brgm.fr";"2009-01-01";"2011-08-22";"S.BesdeBerc@brgm.fr";"sbdbAdministrateur@brgm.fr";"2";;
"106901";"AQIAA0020274";;;"chambres et galeries";"carrière";"carriere";"Clottet_Château_Seguin_06";"abandon";"public";;;"centre cavité";"précis";"precis";"plan au 1/500";"10";"2009-04-06";"M.BORDONNE";"2009-04-24";"5";"381872.000000";"1981332.000000";;"381872";"1981332";"33245";;;"gironde@brgm.fr";"2009-12-09";"gironde@brgm.fr";"2009-01-01";"2011-08-22";"S.BesdeBerc@brgm.fr";"sbdbAdministrateur@brgm.fr";"2";;
"107499";"AQIAA0020275";;;"chambres et galeries";"carrière";"carriere";"Clottet_Château_Seguin_07";"abandon";"public";;;"centre cavité";"précis";"precis";"plan au 1/500";"10";"2009-04-06";"M.BORDONNE";"2009-04-24";"5";"381893.000000";"1981334.000000";;"381893";"1981334";"33245";;;"gironde@brgm.fr";"2009-12-09";"gironde@brgm.fr";"2009-01-01";"2011-08-22";"S.BesdeBerc@brgm.fr";"sbdbAdministrateur@brgm.fr";"2";;
"104536";"AQIAA0020276";;;"chambres et galeries";"carrière";"carriere";"Clottet_Château_Seguin_08";"abandon";"public";;;"centre cavité";"précis";"precis";"plan au 1/500";"10";"2009-04-06";"M.BORDONNE";"2009-10-07";"5";"381902.000000";"1981302.000000";;"381902";"1981302";"33245";;;"gironde@brgm.fr";"2009-12-09";"gironde@brgm.fr";"2009-01-01";"2011-08-22";"S.BesdeBerc@brgm.fr";"sbdbAdministrateur@brgm.fr";"2";;
"107458";"AQIAA0020277";;;"galeries filantes";"carrière";"carriere";"Clottet_Château_Seguin_09";"abandon";"public";;;"centre cavité";"précis";"precis";"plan au 1/500";"10";"2009-04-06";"M.BORDONNE";"2009-04-24";"5";"381924.000000";"1981316.000000";;"381924";"1981316";"33245";;;"gironde@brgm.fr";"2009-12-09";"gironde@brgm.fr";"2009-01-01";"2011-08-22";"S.BesdeBerc@brgm.fr";"sbdbAdministrateur@brgm.fr";"2";;
"107786";"AQIAA0020278";;;"galeries filantes";"carrière";"carriere";"Clottet_Carriet_01";"abandon";"public";;;"centre cavité";"précis";"precis";"plan au 1/500";"10";"2009-04-06";"M.BORDONNE";"2009-04-24";"5";"373490.000000";"1990955.000000";;"373490";"1990955";"33249";;;"gironde@brgm.fr";"2009-12-09";"gironde@brgm.fr";"2009-01-01";"2011-08-22";"S.BesdeBerc@brgm.fr";"sbdbAdministrateur@brgm.fr";"2";;
"104605";"AQIAA0020279";;;"galeries filantes";"carrière";"carriere";"Clottet_Carriet_02";"abandon";"public";;;"centre cavité";"précis";"precis";"plan au 1/500";"10";"2009-04-06";"M.BORDONNE";"2009-04-24";"5";"373477.000000";"1990930.000000";;"373477";"1990930";"33249";;;"gironde@brgm.fr";"2009-12-09";"gironde@brgm.fr";"2009-01-01";"2011-08-22";"S.BesdeBerc@brgm.fr";"sbdbAdministrateur@brgm.fr";"2";;
"104192";"AQIAA0020281";;;"chambres et piliers";"carrière";"carriere";"Prince_Noir";"abandon";"public";;;"centre cavité";"précis";"precis";"plan au 1/500";"10";"2009-04-06";"M.BORDONNE";"2009-04-24";"5";"373330.000000";"1990541.000000";;"373330";"1990541";"33249";;;"gironde@brgm.fr";"2009-12-09";"gironde@brgm.fr";"2009-01-01";"2011-08-22";"S.BesdeBerc@brgm.fr";"sbdbAdministrateur@brgm.fr";"2";;
"107653";"AQIAA0020282";;;"galeries filantes";"carrière";"carriere";"Clottet_du_Prince_Noir";"abandon";"public";;;"centre cavité";"précis";"precis";"plan au 1/500";"10";"2009-04-06";"M.BORDONNE";"2009-04-24";"5";"373510.000000";"1990465.000000";;"373510";"1990465";"33249";;;"gironde@brgm.fr";"2009-12-09";"gironde@brgm.fr";"2009-01-01";"2011-08-22";"S.BesdeBerc@brgm.fr";"sbdbAdministrateur@brgm.fr";"2";;
"118668";"AQIAA0020283";;;"galeries filantes";"carrière";"carriere";"Clottet_l'Hermitage_01";"abandon";"public";;;"centre cavité";"précis";"precis";"plan au 1/500";"10";"2009-04-06";"M.BORDONNE";"2009-04-24";"5";"373087.000000";"1990285.000000";;"373087";"1990285";"33249";;;"gironde@brgm.fr";"2009-12-09";"gironde@brgm.fr";"2009-01-01";"2011-08-22";"S.BesdeBerc@brgm.fr";"sbdbAdministrateur@brgm.fr";"2";;
"104470";"AQIAA0020284";;;"chambres et galeries";"carrière";"carriere";"Clottet_Ermitage_Sainte_Catherine_de_Lormont_01";"abandon";"public";;;"centre cavité";"précis";"precis";"plan au 1/500";"10";"2009-04-06";"M.BORDONNE";"2009-04-24";"5";"373063.000000";"1990296.000000";;"373063";"1990296";"33249";;;"gironde@brgm.fr";"2009-12-09";"gironde@brgm.fr";"2009-01-01";"2011-08-22";"S.BesdeBerc@brgm.fr";"sbdbAdministrateur@brgm.fr";"2";;
"107468";"AQIAA0020285";;;"chambres et galeries";"carrière";"carriere";"Clottet_Ermitage_Sainte_Catherine_de_Lormont_02";"abandon";"public";;;"centre cavité";"précis";"precis";"plan au 1/500";"10";"2009-04-06";"M.BORDONNE";"2009-04-24";"5";"373059.000000";"1990292.000000";;"373059";"1990292";"33249";;;"gironde@brgm.fr";"2009-12-09";"gironde@brgm.fr";"2009-01-01";"2011-08-22";"S.BesdeBerc@brgm.fr";"sbdbAdministrateur@brgm.fr";"2";;
"104561";"AQIAA0020286";;;"chambres et galeries";"carrière";"carriere";"Clottet_Ermitage_Sainte_Catherine_de_Lormont_03";"abandon";"public";;;"centre cavité";"précis";"precis";"plan au 1/500";"10";"2009-04-06";"M.BORDONNE1";"2009-04-24";"5";"373051.000000";"1990284.000000";;"373051";"1990284";"33249";;;"gironde@brgm.fr";"2009-12-09";"gironde@brgm.fr";"2009-01-01";"2011-08-22";"S.BesdeBerc@brgm.fr";"sbdbAdministrateur@brgm.fr";"2";;
"104664";"AQIAA0020287";;;"chambres et galeries";"carrière";"carriere";"Clottet_Le_Bas_Rébedèche_02";"abandon";"public";;;"centre cavité";"précis";"precis";"plan au 1/500";"10";"2009-04-07";"M.BORDONNE";"2009-04-28";"5";"373810.000000";"1985526.000000";;"373810";"1985526";"33167";;;"gironde@brgm.fr";"2009-12-09";"gironde@brgm.fr";"2009-01-01";"2011-08-22";"S.BesdeBerc@brgm.fr";"sbdbAdministrateur@brgm.fr";"2";;
"104189";"AQIAA0020288";;;"galeries filantes";"carrière";"carriere";"Clottet_Ermitage_Sainte_Catherine_de_Lormont_04";"abandon";"public";;;"centre cavité";"précis";"precis";"plan au 1/500";"10";"2009-04-07";"M.BORDONNE";"2009-04-29";"5";"373043.000000";"1990264.000000";;"373043";"1990264";"33249";;;"gironde@brgm.fr";"2009-12-09";"gironde@brgm.fr";"2009-01-01";"2011-08-22";"S.BesdeBerc@brgm.fr";"sbdbAdministrateur@brgm.fr";"2";;
"107461";"AQIAA0020289";;;"chambres et galeries";"carrière";"carriere";"Clottet_l'Hermitage_02";"abandon";"public";;;"centre cavité";"précis";"precis";"plan au 1/500";"10";"2009-04-07";"M.BORDONNE";"2009-04-24";"5";"373036.000000";"1990218.000000";;"373036";"1990218";"33249";;;"gironde@brgm.fr";"2009-12-09";"gironde@brgm.fr";"2009-01-01";"2011-08-22";"S.BesdeBerc@brgm.fr";"sbdbAdministrateur@brgm.fr";"2";;
"104417";"AQIAA0020290";;;"chambres et piliers";"carrière";"carriere";"L'Hermitage_03";"abandon";"public";;;"centre cavité";"précis";"precis";"plan au 1/500";"10";"2009-04-07";"M.BORDONNE";"2009-04-24";"5";"373023.000000";"1990181.000000";;"373023";"1990181";"33249";;;"gironde@brgm.fr";"2009-12-09";"gironde@brgm.fr";"2009-01-01";"2011-08-22";"S.BesdeBerc@brgm.fr";"sbdbAdministrateur@brgm.fr";"2";;
"104467";"AQIAA0020291";;;"galeries filantes";"carrière";"carriere";"Clottet_du_Chalet";"abandon";"public";;;"centre cavité";"précis";"precis";"plan au 1/500";"10";"2009-04-07";"M.BORDONNE";"2009-04-24";"5";"373213.000000";"1990286.000000";;"373213";"1990286";"33249";;;"gironde@brgm.fr";"2009-12-09";"gironde@brgm.fr";"2009-01-01";"2011-08-22";"S.BesdeBerc@brgm.fr";"sbdbAdministrateur@brgm.fr";"2";;
"2563";"AQIAA0020292";;;"chambres et piliers";"carrière";"carriere";"Pimpin";"abandon";"public";;;"centre cavité";"précis";"precis";"plan au 1/500";"10";"2009-04-07";"M.BORDONNE";"2009-04-24";"5";"373352.000000";"1990237.000000";;"373352";"1990237";"33249";;;"gironde@brgm.fr";"2009-12-09";"gironde@brgm.fr";"2009-01-01";"2011-08-22";"S.BesdeBerc@brgm.fr";"sbdbAdministrateur@brgm.fr";"2";;
"104134";"AQIAA0020293";;;"galeries filantes";"carrière";"carriere";"Clottet_des_Iris";"abandon";"public";;;"centre cavité";"précis";"precis";"plan au 1/500";"10";"2009-04-07";"M.BORDONNE";"2009-04-24";"5";"373210.000000";"1989231.000000";;"373210";"1989231";"33249";;;"gironde@brgm.fr";"2009-12-09";"gironde@brgm.fr";"2009-01-01";"2011-08-22";"S.BesdeBerc@brgm.fr";"sbdbAdministrateur@brgm.fr";"2";;
"2545";"AQIAA0020294";;;"chambres et piliers";"carrière";"carriere";"Fauroux_01";"abandon";"public";;;"centre cavité";"précis";"precis";"plan au 1/500";"10";"2009-04-07";"M.BORDONNE";"2009-04-30";"5";"402206.000000";"1976230.000000";;"402206";"1976230";"33258";;;"gironde@brgm.fr";"2009-12-09";"gironde@brgm.fr";"2009-01-01";"2011-08-22";"S.BesdeBerc@brgm.fr";"sbdbAdministrateur@brgm.fr";"2";;
"107557";"AQIAA0020295";;;"souterrain refuge";"ouvrage civil";"ouvrage civil";"Souterrain_de_Fauroux";"abandon";"public";;;"centre cavité";"précis";"precis";"plan au 1/500";"10";"2009-04-07";"M.BORDONNE";"2009-04-30";"5";"402491.000000";"1976242.000000";;"402491";"1976242";"33258";;;"gironde@brgm.fr";"2009-12-09";"gironde@brgm.fr";"2009-01-01";"2011-08-22";"S.BesdeBerc@brgm.fr";"sbdbAdministrateur@brgm.fr";"2";;
"108191";"AQIAA0020296";;;"chambres et piliers";"carrière";"carriere";"Fauroux_02";"abandon";"public";;;"centre cavité";"précis";"precis";"plan au 1/500";"10";"2009-04-07";"M.BORDONNE";"2009-04-30";"5";"402529.000000";"1976262.000000";;"402529";"1976262";"33258";;;"gironde@brgm.fr";"2009-12-09";"gironde@brgm.fr";"2009-01-01";"2011-08-22";"S.BesdeBerc@brgm.fr";"sbdbAdministrateur@brgm.fr";"2";;
"106982";"AQIAA0020297";;;"chambres et piliers";"carrière";"carriere";"Charron_01";"abandon";"public";;;"centre cavité";"précis";"precis";"plan au 1/500";"10";"2009-04-07";"M.BORDONNE";"2009-04-30";"5";"402623.000000";"1976402.000000";;"402623";"1976402";"33258";;;"gironde@brgm.fr";"2009-12-09";"gironde@brgm.fr";"2009-01-01";"2011-08-22";"S.BesdeBerc@brgm.fr";"sbdbAdministrateur@brgm.fr";"2";;
"104229";"AQIAA0020298";;;"chambres et piliers";"carrière";"carriere";"Charron_02";"abandon";"public";;;"centre cavité";"précis";"precis";"plan au 1/500";"10";"2009-04-07";"M.BORDONNE";"2009-04-30";"5";"402726.000000";"1976522.000000";;"402726";"1976522";"33258";;;"gironde@brgm.fr";"2009-12-09";"gironde@brgm.fr";"2009-01-01";"2011-08-22";"S.BesdeBerc@brgm.fr";"sbdbAdministrateur@brgm.fr";"2";;
"106819";"AQIAA0020299";;;"chambres et piliers";"carrière";"carriere";"Fontarnaud_01";"abandon";"public";;;"centre cavité";"précis";"precis";"plan au 1/500";"10";"2009-04-07";"M.BORDONNE";"2009-04-30";"5";"402667.000000";"1975662.000000";;"402667";"1975662";"33258";;;"gironde@brgm.fr";"2009-12-09";"gironde@brgm.fr";"2009-01-01";"2011-08-22";"S.BesdeBerc@brgm.fr";"sbdbAdministrateur@brgm.fr";"2";;
"107862";"AQIAA0020300";;;"chambres et piliers";"carrière";"carriere";"Fontarnaud_02";"abandon";"public";;;"centre cavité";"précis";"precis";"plan au 1/500";"10";"2009-04-07";"M.BORDONNE";"2009-10-07";"5";"402753.000000";"1975641.000000";;"402753";"1975641";"33258";;;"gironde@brgm.fr";"2009-12-09";"gironde@brgm.fr";"2009-01-01";"2011-08-22";"S.BesdeBerc@brgm.fr";"sbdbAdministrateur@brgm.fr";"2";;
"104559";"AQIAA0020301";;;"chambres et piliers";"carrière";"carriere";"Fontarnaud_03";"abandon";"public";;;"centre cavité";"précis";"precis";"plan au 1/500";"10";"2009-04-07";"M.BORDONNE";"2009-04-30";"5";"402791.000000";"1975602.000000";;"402791";"1975602";"33258";;;"gironde@brgm.fr";"2009-12-09";"gironde@brgm.fr";"2009-01-01";"2011-08-22";"S.BesdeBerc@brgm.fr";"sbdbAdministrateur@brgm.fr";"2";;
"107967";"AQIAA0020302";;;"chambres et piliers";"carrière";"carriere";"Fontarnaud_04";"abandon";"public";;;"centre cavité";"précis";"precis";"plan au 1/500";"10";"2009-04-07";"M.BORDONNE";"2009-04-30";"5";"402879.000000";"1975578.000000";;"402879";"1975578";"33258";;;"gironde@brgm.fr";"2009-12-09";"gironde@brgm.fr";"2009-01-01";"2011-08-22";"S.BesdeBerc@brgm.fr";"sbdbAdministrateur@brgm.fr";"2";;
"2635";"AQIAA0020303";;;"chambres et piliers";"carrière";"carriere";"Fontarnaud_05";"abandon";"public";;;"centre cavité";"précis";"precis";"plan au 1/500";"10";"2009-04-07";"M.BORDONNE";"2009-04-30";"5";"402984.000000";"1975656.000000";;"402984";"1975656";"33258";;;"gironde@brgm.fr";"2009-12-09";"gironde@brgm.fr";"2009-01-01";"2011-08-22";"S.BesdeBerc@brgm.fr";"sbdbAdministrateur@brgm.fr";"2";;
"106714";"AQIAA0020304";;;"chambres et galeries";"carrière";"carriere";"Barbe_Blanche_01";"abandon";"public";;;"centre cavité";"précis";"precis";"plan au 1/500";"10";"2009-04-07";"M.BORDONNE";"2009-04-30";"5";"407703.000000";"1999070.000000";;"407703";"1999070";"33261";;;"gironde@brgm.fr";"2009-12-09";"gironde@brgm.fr";"2009-01-01";"2011-08-22";"S.BesdeBerc@brgm.fr";"sbdbAdministrateur@brgm.fr";"2";;
"107518";"AQIAA0020305";;;"chambres et piliers";"carrière";"carriere";"Barbe_Blanche_02";"abandon";"public";;;"centre cavité";"précis";"precis";"plan au 1/500";"10";"2009-04-07";"M.BORDONNE";"2009-04-30";"5";"407706.000000";"1998973.000000";;"407706";"1998973";"33261";;;"gironde@brgm.fr";"2009-12-09";"gironde@brgm.fr";"2009-01-01";"2011-08-22";"S.BesdeBerc@brgm.fr";"sbdbAdministrateur@brgm.fr";"2";;
"2643";"AQIAA0020306";;;"chambres et galeries";"carrière";"carriere";"Barbe_Blanche_03";"abandon";"public";;;"centre cavité";"précis";"precis";"plan au 1/500";"10";"2009-04-07";"M.BORDONNE";"2009-04-30";"5";"407684.000000";"1998926.000000";;"407684";"1998926";"33261";;;"gironde@brgm.fr";"2009-12-09";"gironde@brgm.fr";"2009-01-01";"2011-08-22";"S.BesdeBerc@brgm.fr";"sbdbAdministrateur@brgm.fr";"2";;
"104832";"AQIAA0020307";;;"chambres et galeries";"carrière";"carriere";"Barbe_Blanche_04";"abandon";"public";;;"centre cavité";"précis";"precis";"plan au 1/500";"10";"2009-04-07";"M.BORDONNE";"2009-04-30";"5";"407691.000000";"1998895.000000";;"407691";"1998895";"33261";;;"gironde@brgm.fr";"2009-12-09";"gironde@brgm.fr";"2009-01-01";"2011-08-22";"S.BesdeBerc@brgm.fr";"sbdbAdministrateur@brgm.fr";"2";;
"104564";"AQIAA0020308";;;"chambres et galeries";"carrière";"carriere";"Le_Cros_01";"abandon";"public";;;"centre cavité";"précis";"precis";"plan au 1/500";"10";"2009-04-07";"M.BORDONNE";"2009-04-30";"5";"407672.000000";"1998872.000000";;"407672";"1998872";"33261";;;"gironde@brgm.fr";"2009-12-09";"gironde@brgm.fr";"2009-01-01";"2011-08-22";"S.BesdeBerc@brgm.fr";"sbdbAdministrateur@brgm.fr";"2";;
"107642";"AQIAA0020309";;;"chambres et galeries";"carrière";"carriere";"Le_Cros_02";"abandon";"public";;;"centre cavité";"précis";"precis";"plan au 1/500";"10";"2009-04-07";"M.BORDONNE";"2009-04-30";"5";"407657.000000";"1998846.000000";;"407657";"1998846";"33261";;;"gironde@brgm.fr";"2009-12-09";"gironde@brgm.fr";"2009-01-01";"2011-08-22";"S.BesdeBerc@brgm.fr";"sbdbAdministrateur@brgm.fr";"2";;
"104758";"AQIAA0020310";;;"chambres et galeries";"carrière";"carriere";"Le_Cros_03";"abandon";"public";;;"centre cavité";"précis";"precis";"plan au 1/500";"10";"2009-04-07";"M.BORDONNE";"2009-04-30";"5";"407623.000000";"1998794.000000";;"407623";"1998794";"33261";;;"gironde@brgm.fr";"2009-12-09";"gironde@brgm.fr";"2009-01-01";"2011-08-22";"S.BesdeBerc@brgm.fr";"sbdbAdministrateur@brgm.fr";"2";;
"2848";"AQIAA0020311";;;"chambres et galeries";"carrière";"carriere";"Le_Cros_04";"abandon";"public";;;"centre cavité";"précis";"precis";"plan au 1/500";"10";"2009-04-07";"M.BORDONNE";"2009-04-30";"5";"407589.000000";"1998761.000000";;"407589";"1998761";"33261";;;"gironde@brgm.fr";"2009-12-09";"gironde@brgm.fr";"2009-01-01";"2011-08-22";"S.BesdeBerc@brgm.fr";"sbdbAdministrateur@brgm.fr";"2";;
"104648";"AQIAA0020312";;;"galeries filantes";"carrière";"carriere";"Le_Cros_05";"abandon";"public";;;"centre cavité";"précis";"precis";"plan au 1/500";"10";"2009-04-07";"M.BORDONNE";"2009-04-30";"5";"407610.000000";"1998735.000000";;"407610";"1998735";"33261";;;"gironde@brgm.fr";"2009-12-09";"gironde@brgm.fr";"2009-01-01";"2011-08-22";"S.BesdeBerc@brgm.fr";"sbdbAdministrateur@brgm.fr";"2";;
"104601";"AQIAA0020313";;;"galeries filantes";"carrière";"carriere";"Le_Cros_06";"abandon";"public";;;"centre cavité";"précis";"precis";"plan au 1/500";"10";"2009-04-07";"M.BORDONNE";"2009-04-30";"5";"407703.000000";"1998750.000000";;"407703";"1998750";"33261";;;"gironde@brgm.fr";"2009-12-09";"gironde@brgm.fr";"2009-01-01";"2011-08-22";"S.BesdeBerc@brgm.fr";"sbdbAdministrateur@brgm.fr";"2";;
"107553";"AQIAA0020314";;;"chambres et piliers";"carrière";"carriere";"Le_Cros_07";"abandon";"public";;;"centre cavité";"précis";"precis";"plan au 1/500";"10";"2009-04-07";"M.BORDONNE";"2009-04-30";"5";"407739.000000";"1998790.000000";;"407739";"1998790";"33261";;;"gironde@brgm.fr";"2009-12-09";"gironde@brgm.fr";"2009-01-01";"2011-08-22";"S.BesdeBerc@brgm.fr";"sbdbAdministrateur@brgm.fr";"2";;
"107491";"AQIAA0020315";;;"chambres et piliers";"carrière";"carriere";"Terrien_01";"abandon";"public";;;"centre cavité";"précis";"precis";"plan au 1/500";"10";"2009-04-07";"M.BORDONNE";"2009-05-05";"5";"408494.000000";"1998727.000000";;"408494";"1998727";"33261";;;"gironde@brgm.fr";"2009-12-09";"gironde@brgm.fr";"2009-01-01";"2011-08-22";"S.BesdeBerc@brgm.fr";"sbdbAdministrateur@brgm.fr";"2";;
"2664";"AQIAA0020316";;;"chambres et piliers";"carrière";"carriere";"Grenet_01";"abandon";"public";;;"centre cavité";"précis";"precis";"plan au 1/500";"10";"2009-04-07";"M.BORDONNE";"2009-10-07";"5";"408025.000000";"1998330.000000";;"408025";"1998330";"33261";;;"gironde@brgm.fr";"2009-12-09";"gironde@brgm.fr";"2009-01-01";"2011-08-22";"S.BesdeBerc@brgm.fr";"sbdbAdministrateur@brgm.fr";"2";;
"104572";"AQIAA0020317";;;"chambres et piliers";"carrière";"carriere";"Giraudon_01";"abandon";"public";;;"centre cavité";"précis";"precis";"plan au 1/500";"10";"2009-04-07";"M.BORDONNE";"2009-05-05";"5";"407359.000000";"1997910.000000";;"407359";"1997910";"33261";;;"gironde@brgm.fr";"2009-12-09";"gironde@brgm.fr";"2009-01-01";"2011-08-22";"S.BesdeBerc@brgm.fr";"sbdbAdministrateur@brgm.fr";"2";;
"104121";"AQIAA0020318";;;"chambres et galeries";"carrière";"carriere";"Giraudon_02";"abandon";"public";;;"centre cavité";"précis";"precis";"plan au 1/500";"10";"2009-04-07";"M.BORDONNE";"2009-05-05";"5";"407333.000000";"1997865.000000";;"407333";"1997865";"33261";;;"gironde@brgm.fr";"2009-12-09";"gironde@brgm.fr";"2009-01-01";"2011-08-22";"S.BesdeBerc@brgm.fr";"sbdbAdministrateur@brgm.fr";"2";;
"104976";"AQIAA0020319";;;"chambres et galeries";"carrière";"carriere";"Giraudon_03";"abandon";"public";;;"centre cavité";"précis";"precis";"plan au 1/500";"10";"2009-04-07";"M.BORDONNE";"2009-05-05";"5";"407347.000000";"1997861.000000";;"407347";"1997861";"33261";;;"gironde@brgm.fr";"2009-12-09";"gironde@brgm.fr";"2009-01-01";"2011-08-22";"S.BesdeBerc@brgm.fr";"sbdbAdministrateur@brgm.fr";"2";;
"2620";"AQIAA0020320";;;"chambres et piliers";"carrière";"carriere";"Bellevue_01";"abandon";"public";;;"centre cavité";"précis";"precis";"plan au 1/500";"10";"2009-04-07";"M.BORDONNE";"2009-05-05";"5";"407315.000000";"1997750.000000";;"407315";"1997750";"33261";;;"gironde@brgm.fr";"2009-12-09";"gironde@brgm.fr";"2009-01-01";"2011-08-22";"S.BesdeBerc@brgm.fr";"sbdbAdministrateur@brgm.fr";"2";;
"108119";"AQIAA0020321";;;"chambres et galeries";"carrière";"carriere";"Bellevue_02";"abandon";"public";;;"centre cavité";"précis";"precis";"plan au 1/500";"10";"2009-04-07";"M.BORDONNE";"2009-05-05";"5";"407090.000000";"1997744.000000";;"407090";"1997744";"33261";;;"gironde@brgm.fr";"2009-12-09";"gironde@brgm.fr";"2009-01-01";"2011-08-22";"S.BesdeBerc@brgm.fr";"sbdbAdministrateur@brgm.fr";"2";;
"107384";"AQIAA0020322";;;"chambres et galeries";"carrière";"carriere";"Bellevue_03";"abandon";"public";;;"centre cavité";"précis";"precis";"plan au 1/500";"10";"2009-04-07";"M.BORDONNE";"2009-05-05";"5";"407127.000000";"1997734.000000";;"407127";"1997734";"33261";;;"gironde@brgm.fr";"2009-12-09";"gironde@brgm.fr";"2009-01-01";"2011-08-22";"S.BesdeBerc@brgm.fr";"sbdbAdministrateur@brgm.fr";"2";;
"104420";"AQIAA0020323";;;"chambres et galeries";"carrière";"carriere";"Bellevue_04";"abandon";"public";;;"centre cavité";"précis";"precis";"plan au 1/500";"10";"2009-04-07";"M.BORDONNE";"2009-05-05";"5";"407098.000000";"1997710.000000";;"407098";"1997710";"33261";;;"gironde@brgm.fr";"2009-12-09";"gironde@brgm.fr";"2009-01-01";"2011-08-22";"S.BesdeBerc@brgm.fr";"sbdbAdministrateur@brgm.fr";"2";;
"104728";"AQIAA0020324";;;"chambres et galeries";"carrière";"carriere";"Girard_Le_Vigneau_01";"abandon";"public";;;"centre cavité";"précis";"precis";"plan au 1/500";"10";"2009-04-07";"M.BORDONNE";"2009-05-05";"5";"407166.000000";"1997600.000000";;"407166";"1997600";"33261";;;"gironde@brgm.fr";"2009-12-09";"gironde@brgm.fr";"2009-01-01";"2011-08-22";"S.BesdeBerc@brgm.fr";"sbdbAdministrateur@brgm.fr";"2";;
"104586";"AQIAA0020325";;;"chambres et galeries";"carrière";"carriere";"Girard_Le_Vigneau_02";"abandon";"public";;;"centre cavité";"précis";"precis";"plan au 1/500";"10";"2009-04-07";"M.BORDONNE";"2009-05-05";"5";"407194.000000";"1997590.000000";;"407194";"1997590";"33261";;;"gironde@brgm.fr";"2009-12-09";"gironde@brgm.fr";"2009-01-01";"2011-08-22";"S.BesdeBerc@brgm.fr";"sbdbAdministrateur@brgm.fr";"2";;
"106992";"AQIAA0020326";;;"chambres et galeries";"carrière";"carriere";"Girard_Le_Vigneau_03";"abandon";"public";;;"centre cavité";"précis";"precis";"plan au 1/500";"10";"2009-04-07";"M.BORDONNE";"2009-05-05";"5";"407147.000000";"1997572.000000";;"407147";"1997572";"33261";;;"gironde@brgm.fr";"2009-12-09";"gironde@brgm.fr";"2009-01-01";"2011-08-22";"S.BesdeBerc@brgm.fr";"sbdbAdministrateur@brgm.fr";"2";;
"107424";"AQIAA0020327";;;"chambres et galeries";"carrière";"carriere";"Girard_Le_Vigneau_04";"abandon";"public";;;"centre cavité";"précis";"precis";"plan au 1/500";"10";"2009-04-07";"M.BORDONNE";"2009-05-05";"5";"407185.000000";"1997554.000000";;"407185";"1997554";"33261";;;"gironde@brgm.fr";"2009-12-09";"gironde@brgm.fr";"2009-01-01";"2011-08-22";"S.BesdeBerc@brgm.fr";"sbdbAdministrateur@brgm.fr";"2";;
"107782";"AQIAA0020328";;;"chambres et galeries";"carrière";"carriere";"Girard_Le_Vigneau_05";"abandon";"public";;;"centre cavité";"précis";"precis";"plan au 1/500";"10";"2009-04-07";"M.BORDONNE";"2009-05-05";"5";"407127.000000";"1997546.000000";;"407127";"1997546";"33261";;;"gironde@brgm.fr";"2009-12-09";"gironde@brgm.fr";"2009-01-01";"2011-08-22";"S.BesdeBerc@brgm.fr";"sbdbAdministrateur@brgm.fr";"2";;
"106902";"AQIAA0020329";;;"chambres et galeries";"carrière";"carriere";"Girard_Le_Vigneau_06";"abandon";"public";;;"centre cavité";"précis";"precis";"plan au 1/500";"10";"2009-04-07";"M.BORDONNE";"2009-05-05";"5";"407199.000000";"1997521.000000";;"407199";"1997521";"33261";;;"gironde@brgm.fr";"2009-12-09";"gironde@brgm.fr";"2009-01-01";"2011-08-22";"S.BesdeBerc@brgm.fr";"sbdbAdministrateur@brgm.fr";"2";;
"104640";"AQIAA0020330";;;"chambres et galeries";"carrière";"carriere";"Girard_Le_Vigneau_07";"abandon";"public";;;"centre cavité";"précis";"precis";"plan au 1/500";"10";"2009-04-07";"M.BORDONNE";"2009-05-05";"5";"407181.000000";"1997507.000000";;"407181";"1997507";"33261";;;"gironde@brgm.fr";"2009-12-09";"gironde@brgm.fr";"2009-01-01";"2011-08-22";"S.BesdeBerc@brgm.fr";"sbdbAdministrateur@brgm.fr";"2";;
"107512";"AQIAA0020331";;;"chambres et galeries";"carrière";"carriere";"Girard_Le_Vigneau_08";"abandon";"public";;;"centre cavité";"précis";"precis";"plan au 1/500";"10";"2009-04-07";"M.BORDONNE";"2009-05-05";"5";"407189.000000";"1997483.000000";;"407189";"1997483";"33261";;;"gironde@brgm.fr";"2009-12-09";"gironde@brgm.fr";"2009-01-01";"2011-08-22";"S.BesdeBerc@brgm.fr";"sbdbAdministrateur@brgm.fr";"2";;
"104715";"AQIAA0020332";;;"chambres et galeries";"carrière";"carriere";"Girard_Le_Vigneau_09";"abandon";"public";;;"centre cavité";"précis";"precis";"plan au 1/500";"10";"2009-04-07";"M.BORDONNE";"2009-05-05";"5";"407138.000000";"1997469.000000";;"407138";"1997469";"33261";;;"gironde@brgm.fr";"2009-12-09";"gironde@brgm.fr";"2009-01-01";"2011-08-22";"S.BesdeBerc@brgm.fr";"sbdbAdministrateur@brgm.fr";"2";;
"2830";"AQIAA0020333";;;"chambres et piliers";"carrière";"carriere";"Pourteau";"abandon";"public";;;"centre cavité";"précis";"precis";"plan au 1/500";"10";"2009-04-07";"M.BORDONNE";"2009-05-05";"5";"410406.000000";"1998366.000000";;"410406";"1998366";"33261";;;"gironde@brgm.fr";"2009-12-09";"gironde@brgm.fr";"2009-01-01";"2011-08-22";"S.BesdeBerc@brgm.fr";"sbdbAdministrateur@brgm.fr";"2";;
"107394";"AQIAA0020334";;;"chambres et piliers";"carrière";"carriere";"Creuselat";"abandon";"public";;;"centre cavité";"précis";"precis";"plan au 1/500";"10";"2009-04-07";"M.BORDONNE";"2009-05-05";"5";"409919.000000";"1997704.000000";;"409919";"1997704";"33261";;;"gironde@brgm.fr";"2009-12-09";"gironde@brgm.fr";"2009-01-01";"2011-08-22";"S.BesdeBerc@brgm.fr";"sbdbAdministrateur@brgm.fr";"2";;
"108103";"AQIAA0020335";;;"chambres et piliers";"carrière";"carriere";"Blanchon_01";"abandon";"public";;;"centre cavité";"précis";"precis";"plan au 1/500";"10";"2009-04-07";"M.BORDONNE";"2009-05-05";"5";"408976.000000";"1996924.000000";;"408976";"1996924";"33261";;;"gironde@brgm.fr";"2009-12-09";"gironde@brgm.fr";"2009-01-01";"2011-08-22";"S.BesdeBerc@brgm.fr";"sbdbAdministrateur@brgm.fr";"2";;
"104831";"AQIAA0020336";;;"chambres et piliers";"carrière";"carriere";"Blanchon_02";"abandon";"public";;;"centre cavité";"précis";"precis";"plan au 1/500";"10";"2009-04-07";"M.BORDONNE";"2009-05-05";"5";"408889.000000";"1996824.000000";;"408889";"1996824";"33261";;;"gironde@brgm.fr";"2009-12-09";"gironde@brgm.fr";"2009-01-01";"2011-08-22";"S.BesdeBerc@brgm.fr";"sbdbAdministrateur@brgm.fr";"2";;
"2558";"AQIAA0020337";;;"chambres et piliers";"carrière";"carriere";"Blanchon_04";"abandon";"public";;;"centre cavité";"précis";"precis";"plan au 1/500";"10";"2009-04-08";"M.BORDONNE";"2009-05-05";"5";"408779.000000";"1996813.000000";;"408779";"1996813";"33261";;;"gironde@brgm.fr";"2009-12-09";"gironde@brgm.fr";"2009-01-01";"2011-08-22";"S.BesdeBerc@brgm.fr";"sbdbAdministrateur@brgm.fr";"2";;
"107844";"AQIAA0020338";;;"chambres et piliers";"carrière";"carriere";"Le_Coux_01";"abandon";"public";;;"centre cavité";"précis";"precis";"plan au 1/500";"10";"2009-04-08";"M.BORDONNE";"2009-05-05";"5";"408827.000000";"1996735.000000";;"408827";"1996735";"33261";;;"gironde@brgm.fr";"2009-12-09";"gironde@brgm.fr";"2009-01-01";"2011-08-22";"S.BesdeBerc@brgm.fr";"sbdbAdministrateur@brgm.fr";"2";;
"104407";"AQIAA0020339";;;"chambres et piliers";"carrière";"carriere";"Blanchon_03";"abandon";"public";;;"centre cavité";"précis";"precis";"plan au 1/500";"10";"2009-04-08";"M.BORDONNE";"2009-05-05";"5";"408858.000000";"1996775.000000";;"408858";"1996775";"33261";;;"gironde@brgm.fr";"2009-12-09";"gironde@brgm.fr";"2009-01-01";"2011-08-22";"S.BesdeBerc@brgm.fr";"sbdbAdministrateur@brgm.fr";"2";;
"106833";"AQIAA0020340";;;"chambres et galeries";"carrière";"carriere";"La_Rulotte";"abandon";"public";;;"centre cavité";"précis";"precis";"plan au 1/500";"10";"2009-04-08";"M.BORDONNE";"2009-05-05";"5";"408734.000000";"1996765.000000";;"408734";"1996765";"33261";;;"gironde@brgm.fr";"2009-12-09";"gironde@brgm.fr";"2009-01-01";"2011-08-22";"S.BesdeBerc@brgm.fr";"sbdbAdministrateur@brgm.fr";"2";;
"3611";"AQIAA0020341";;;"chambres et piliers";"carrière";"carriere";"Le_Coux_02";"abandon";"public";;;"centre cavité";"précis";"precis";"plan au 1/500";"10";"2009-04-08";"M.BORDONNE";"2009-05-05";"5";"408621.000000";"1996697.000000";;"408621";"1996697";"33261";;;"gironde@brgm.fr";"2009-12-09";"gironde@brgm.fr";"2009-01-01";"2011-08-22";"S.BesdeBerc@brgm.fr";"sbdbAdministrateur@brgm.fr";"2";;
"104954";"AQIAA0020344";;;"chambres et galeries";"carrière";"carriere";"Videau_01";"abandon";"public";;;"centre cavité";"précis";"precis";"plan au 1/500";"10";"2009-05-04";"M.BORDONNE";"2009-05-12";"5";"388853.000000";"1985356.000000";;"388853";"1985356";"33028";;;"gironde@brgm.fr";"2009-12-09";"gironde@brgm.fr";"2009-01-01";"2011-08-22";"S.BesdeBerc@brgm.fr";"sbdbAdministrateur@brgm.fr";"2";;
"104713";"AQIAA0020345";;;"chambres et piliers";"carrière";"carriere";"La_Garéjas";"abandon";"public";;;"centre cavité";"précis";"precis";"plan au 1/500";"10";"2009-05-04";"M.BORDONNE";"2009-05-12";"5";"389060.000000";"1985667.000000";;"389060";"1985667";"33028";;;"gironde@brgm.fr";"2009-12-09";"gironde@brgm.fr";"2009-01-01";"2011-08-22";"S.BesdeBerc@brgm.fr";"sbdbAdministrateur@brgm.fr";"2";;
"107523";"AQIAA0020347";;;"chambres et piliers";"carrière";"carriere";"Videau_02";"abandon";"public";;;"centre cavité";"précis";"precis";"plan au 1/500";"10";"2009-05-04";"M.BORDONNE";"2009-05-12";"5";"389015.000000";"1985390.000000";;"389015";"1985390";"33028";;;"gironde@brgm.fr";"2009-12-09";"gironde@brgm.fr";"2009-01-01";"2011-08-22";"S.BesdeBerc@brgm.fr";"sbdbAdministrateur@brgm.fr";"2";;
"2660";"AQIAA0020348";;;"chambres et piliers";"carrière";"carriere";"Peybrun_01";"abandon";"public";;;"centre cavité";"précis";"precis";"plan au 1/500";"10";"2009-05-04";"M.BORDONNE";"2009-05-12";"5";"389375.000000";"1985496.000000";;"389375";"1985496";"33028";;;"gironde@brgm.fr";"2009-12-09";"gironde@brgm.fr";"2009-01-01";"2011-08-22";"S.BesdeBerc@brgm.fr";"sbdbAdministrateur@brgm.fr";"2";;
"104606";"AQIAA0020349";;;"chambres et piliers";"carrière";"carriere";"La_Mouline_Peybrun_02";"abandon";"public";;;"centre cavité";"précis";"precis";"plan au 1/500";"10";"2009-05-04";"M.BORDONNE";"2009-05-12";"5";"389573.000000";"1985478.000000";;"389573";"1985478";"33028";;;"gironde@brgm.fr";"2009-12-09";"gironde@brgm.fr";"2009-01-01";"2011-08-22";"S.BesdeBerc@brgm.fr";"sbdbAdministrateur@brgm.fr";"2";;
"104947";"AQIAA0020350";;;"chambres et piliers";"carrière";"carriere";"La_Mouline_Peybrun_03";"abandon";"public";;;"centre cavité";"précis";"precis";"plan au 1/500";"10";"2009-05-04";"M.BORDONNE";"2009-05-12";"5";"389591.000000";"1985498.000000";;"389591";"1985498";"33028";;;"gironde@brgm.fr";"2009-12-09";"gironde@brgm.fr";"2009-01-01";"2011-08-22";"S.BesdeBerc@brgm.fr";"sbdbAdministrateur@brgm.fr";"2";;
"104571";"AQIAA0020351";;;"chambres et piliers";"carrière";"carriere";"Le_Pin";"abandon";"public";;;"centre cavité";"précis";"precis";"plan au 1/500";"10";"2009-05-04";"M.BORDONNE";"2009-05-12";"5";"390305.000000";"1985154.000000";;"390305";"1985154";"33028";;;"gironde@brgm.fr";"2009-12-09";"gironde@brgm.fr";"2009-01-01";"2011-08-22";"S.BesdeBerc@brgm.fr";"sbdbAdministrateur@brgm.fr";"2";;
"104866";"AQIAA0020352";;;"chambres et piliers";"carrière";"carriere";"Sauton";"abandon";"public";;;"centre cavité";"précis";"precis";"plan au 1/500";"10";"2009-05-04";"M.BORDONNE";"2009-05-12";"5";"390859.000000";"1984924.000000";;"390859";"1984924";"33028";;;"gironde@brgm.fr";"2009-12-09";"gironde@brgm.fr";"2009-01-01";"2011-08-22";"S.BesdeBerc@brgm.fr";"sbdbAdministrateur@brgm.fr";"2";;
"107334";"AQIAA0020353";;;"chambres et piliers";"carrière";"carriere";"Chivaley_Noulet";"abandon";"public";;;"centre cavité";"précis";"precis";"plan au 1/500";"10";"2009-05-04";"M.BORDONNE";"2009-05-27";"5";"391090.000000";"1985180.000000";;"391090";"1985180";"33028";;;"gironde@brgm.fr";"2009-12-09";"gironde@brgm.fr";"2009-01-01";"2011-08-22";"S.BesdeBerc@brgm.fr";"sbdbAdministrateur@brgm.fr";"2";;
"104308";"AQIAA0020354";;;"chambres et piliers";"carrière";"carriere";"Le_Bélier_Lagardan_La_Chapelle_Saint_Aubin";"abandon";"public";;;"centre cavité";"précis";"precis";"plan au 1/500";"10";"2009-05-04";"M.BORDONNE";"2009-05-12";"5";"387587.000000";"1955213.000000";;"387587";"1955213";"33060";;;"gironde@brgm.fr";"2009-12-09";"gironde@brgm.fr";"2009-01-01";"2011-08-22";"S.BesdeBerc@brgm.fr";"sbdbAdministrateur@brgm.fr";"2";;
"104184";"AQIAA0020355";;;"chambres et galeries";"carrière";"carriere";"Brouillère";"abandon";"public";;;"centre cavité";"précis";"precis";"plan au 1/500";"10";"2009-05-04";"M.BORDONNE";"2009-05-12";"5";"386100.000000";"1954299.000000";;"386100";"1954299";"33060";;;"gironde@brgm.fr";"2009-12-09";"gironde@brgm.fr";"2009-01-01";"2011-08-22";"S.BesdeBerc@brgm.fr";"sbdbAdministrateur@brgm.fr";"2";;
"3388";"AQIAA0020356";;;"chambres et piliers";"carrière";"carriere";"Camelong";"abandon";"public";;;"centre cavité";"précis";"precis";"plan au 1/500";"10";"2009-05-04";"M.BORDONNE";"2009-05-12";"5";"386346.000000";"1954314.000000";;"386346";"1954314";"33060";;;"gironde@brgm.fr";"2009-12-09";"gironde@brgm.fr";"2009-01-01";"2011-08-22";"S.BesdeBerc@brgm.fr";"sbdbAdministrateur@brgm.fr";"2";;
"107975";"AQIAA0020357";;;"chambres et piliers";"carrière";"carriere";"Seguin";"abandon";"public";;;"centre cavité";"précis";"precis";"plan au 1/500";"10";"2009-05-04";"M.BORDONNE";"2009-05-05";"5";"401148.000000";"1974697.000000";;"401148";"1974697";"33121";;;"gironde@brgm.fr";"2009-12-09";"gironde@brgm.fr";"2009-01-01";"2011-08-22";"S.BesdeBerc@brgm.fr";"sbdbAdministrateur@brgm.fr";"2";;
"108104";"AQIAA0020358";;;"chambres et piliers";"carrière";"carriere";"Barreau_01";"abandon";"public";;;"centre cavité";"précis";"precis";"plan au 1/500";"10";"2009-05-04";"M.BORDONNE";"2009-05-05";"5";"400922.000000";"1973652.000000";;"400922";"1973652";"33121";;;"gironde@brgm.fr";"2009-12-09";"gironde@brgm.fr";"2009-01-01";"2011-08-22";"S.BesdeBerc@brgm.fr";"sbdbAdministrateur@brgm.fr";"2";;
"104521";"AQIAA0020359";;;"chambres et galeries";"carrière";"carriere";"Barreau_02";"abandon";"public";;;"centre cavité";"précis";"precis";"plan au 1/500";"10";"2009-05-04";"M.BORDONNE";"2009-05-05";"5";"400923.000000";"1973438.000000";;"400923";"1973438";"33121";;;"gironde@brgm.fr";"2009-12-09";"gironde@brgm.fr";"2009-01-01";"2011-08-22";"S.BesdeBerc@brgm.fr";"sbdbAdministrateur@brgm.fr";"2";;
"2585";"AQIAA0020360";;;"chambres et piliers";"carrière";"carriere";"Barreau_03";"abandon";"public";;;"centre cavité";"précis";"precis";"plan au 1/500";"10";"2009-05-04";"M.BORDONNE";"2009-05-05";"5";"400970.000000";"1973445.000000";;"400970";"1973445";"33121";;;"gironde@brgm.fr";"2009-12-09";"gironde@brgm.fr";"2009-01-01";"2011-08-22";"S.BesdeBerc@brgm.fr";"sbdbAdministrateur@brgm.fr";"2";;
"105480";"AQIAA0020361";;;"chambres et piliers";"carrière";"carriere";"Hauteroque_01";"abandon";"public";;;"centre cavité";"précis";"precis";"plan au 1/500";"10";"2009-05-04";"M.BORDONNE";"2009-05-05";"5";"401110.000000";"1973472.000000";;"401110";"1973472";"33121";;;"gironde@brgm.fr";"2009-12-09";"gironde@brgm.fr";"2009-01-01";"2011-08-22";"S.BesdeBerc@brgm.fr";"sbdbAdministrateur@brgm.fr";"2";;
"107133";"AQIAA0020362";;;"galeries filantes";"carrière";"carriere";"Hauteroque_02";"abandon";"public";;;"centre cavité";"précis";"precis";"plan au 1/500";"10";"2009-05-04";"M.BORDONNE";"2009-05-14";"5";"401145.000000";"1973498.000000";;"401145";"1973498";"33121";;;"gironde@brgm.fr";"2009-12-09";"gironde@brgm.fr";"2009-01-01";"2011-08-22";"S.BesdeBerc@brgm.fr";"sbdbAdministrateur@brgm.fr";"2";;
"123968";"AQIAA0020363";;;"chambres et piliers";"carrière";"carriere";"Lartigue_Peche_Rouillard_La_Maniere";"abandon";"public";;;"centre cavité";"précis";"precis";"plan au 1/500";"10";"2011-02-24";"M.BORDONNE";"2011-07-26";"5";"387324.000000";"1985123.000000";;"387324";"1985123";"33141";"Cavité localement effondrée, effondrement évolutif- Carrière souterraine d'emprise importante : 42.7 Ha à cheval sur deux communes : St Germain du Puch et Croignon.- L'etat des pilliers est par endroit dégradé (fissuration imoprtante).- Il existe des zones habitées rurales de faible densité et une usine au dessus de ces carrières sans confortement.- Les galeries sont par endroit en partie noyées- 3 événements majeur ont été observés sur ces carrières sur la commune de St Germain du Pucha u Nord :                            - 1988 affaissement de la ""parcelle 104"" au Nord du lieu dit ""La Manière"" (une habitation non occupé).                            - 2008 affaissement de 40 cm environ au lieu dit ""Gazeau"" (plusieurs constructions touchés et évacué).                            - 08 février 2011 (entre 14 et 15h) : Au lieu dit "" La Manière"", effondrement d'une surface de 5000 m² provoquand un cratere ovoides de 2 m de profondeur (plusieurs constructions ruinés ou évacués). On a observé au fond d'une rupture généralisé des piliers au droit de la zone.
Risques d'effondrements";;"gironde@brgm.fr";"2009-12-09";"gironde@brgm.fr";"2009-01-01";"2011-08-22";"S.BesdeBerc@brgm.fr";"sbdbAdministrateur@brgm.fr";"2";;
"107865";"AQIAA0020364";;;"chambres et piliers";"carrière";"carriere";"Sautejeau_01";"abandon";"public";;;"centre cavité";"précis";"precis";"plan au 1/500";"10";"2009-05-04";"M.BORDONNE";"2009-05-12";"5";"387596.000000";"1984380.000000";;"387596";"1984380";"33141";;;"gironde@brgm.fr";"2009-12-09";"gironde@brgm.fr";"2009-01-01";"2011-08-22";"S.BesdeBerc@brgm.fr";"sbdbAdministrateur@brgm.fr";"2";;
"104423";"AQIAA0020365";;;"chambres et piliers";"carrière";"carriere";"Sautejeau_02";"abandon";"public";;;"centre cavité";"précis";"precis";"plan au 1/500";"10";"2009-05-04";"M.BORDONNE";"2009-05-12";"5";"387605.000000";"1984217.000000";;"387605";"1984217";"33141";;;"gironde@brgm.fr";"2009-12-09";"gironde@brgm.fr";"2009-01-01";"2011-08-22";"S.BesdeBerc@brgm.fr";"sbdbAdministrateur@brgm.fr";"2";;
"104183";"AQIAA0020366";;;"galeries filantes";"carrière";"carriere";"Le_Bourg_de_Croignon_01";"abandon";"public";;;"centre cavité";"précis";"precis";"plan au 1/500";"10";"2009-05-04";"M.BORDONNE";"2009-05-12";"5";"387848.000000";"1983633.000000";;"387848";"1983633";"33141";;;"gironde@brgm.fr";"2009-12-09";"gironde@brgm.fr";"2009-01-01";"2011-08-22";"S.BesdeBerc@brgm.fr";"sbdbAdministrateur@brgm.fr";"2";;
"104563";"AQIAA0020367";;;"chambres et galeries";"carrière";"carriere";"Le_Bourg_de_Croignon_02";"abandon";"public";;;"centre cavité";"précis";"precis";"plan au 1/500";"10";"2009-05-04";"M.BORDONNE";"2009-05-12";"5";"388002.000000";"1983575.000000";;"388002";"1983575";"33141";;;"gironde@brgm.fr";"2009-12-09";"gironde@brgm.fr";"2009-01-01";"2011-08-22";"S.BesdeBerc@brgm.fr";"sbdbAdministrateur@brgm.fr";"2";;
"104598";"AQIAA0020368";;;"chambres et piliers";"carrière";"carriere";"Molinot";"abandon";"public";;;"centre cavité";"précis";"precis";"plan au 1/500";"10";"2009-05-04";"M.BORDONNE";"2009-05-12";"5";"387556.000000";"1983051.000000";;"387556";"1983051";"33141";;;"gironde@brgm.fr";"2009-12-09";"gironde@brgm.fr";"2009-01-01";"2011-08-22";"S.BesdeBerc@brgm.fr";"sbdbAdministrateur@brgm.fr";"2";;
"107134";"AQIAA0020369";;;"chambres et piliers";"carrière";"carriere";"Vallée";"abandon";"public";;;"centre cavité";"précis";"precis";"plan au 1/500";"10";"2009-05-04";"M.BORDONNE";"2009-05-12";"5";"394667.000000";"1982377.000000";;"394667";"1982377";"33157";;;"gironde@brgm.fr";"2009-12-09";"gironde@brgm.fr";"2009-01-01";"2011-08-22";"S.BesdeBerc@brgm.fr";"sbdbAdministrateur@brgm.fr";"2";;
"107914";"AQIAA0020370";;;"galeries filantes";"carrière";"carriere";"Moulin_Neuf_01";"abandon";"public";;;"centre cavité";"précis";"precis";"plan au 1/500";"10";"2009-05-04";"M.BORDONNE";"2011-02-04";"5";"393896.000000";"1982123.000000";;"393896";"1982123";"33157";;;"gironde@brgm.fr";"2009-12-09";"gironde@brgm.fr";"2009-01-01";"2011-08-22";"S.BesdeBerc@brgm.fr";"sbdbAdministrateur@brgm.fr";"2";;
"106758";"AQIAA0020371";;;"chambres et galeries";"carrière";"carriere";"Moulin_Neuf_02";"abandon";"public";;;"centre cavité";"précis";"precis";"plan au 1/500";"10";"2009-05-04";"M.BORDONNE";"2009-05-12";"5";"393886.000000";"1982075.000000";;"393886";"1982075";"33157";;;"gironde@brgm.fr";"2009-12-09";"gironde@brgm.fr";"2009-01-01";"2011-08-22";"S.BesdeBerc@brgm.fr";"sbdbAdministrateur@brgm.fr";"2";;
"107694";"AQIAA0020372";;;"chambres et piliers";"carrière";"carriere";"Moulin_Neuf_03";"abandon";"public";;;"centre cavité";"précis";"precis";"plan au 1/500";"10";"2009-05-04";"M.BORDONNE";"2009-05-12";"5";"393926.000000";"1982069.000000";;"393926";"1982069";"33157";;;"gironde@brgm.fr";"2009-12-09";"gironde@brgm.fr";"2009-01-01";"2011-08-22";"S.BesdeBerc@brgm.fr";"sbdbAdministrateur@brgm.fr";"2";;
"107592";"AQIAA0020373";;;"galeries filantes";"carrière";"carriere";"Massé_Ribeyreau";"abandon";"public";;;"centre cavité";"précis";"precis";"plan au 1/500";"10";"2009-05-04";"M.BORDONNE";"2009-05-12";"5";"394454.000000";"1981534.000000";;"394454";"1981534";"33157";;;"gironde@brgm.fr";"2009-12-09";"gironde@brgm.fr";"2009-01-01";"2011-08-22";"S.BesdeBerc@brgm.fr";"sbdbAdministrateur@brgm.fr";"2";;
"2557";"AQIAA0020374";;;"chambres et piliers";"carrière";"carriere";"Canère_01";"abandon";"public";;;"centre cavité";"précis";"precis";"plan au 1/500";"10";"2009-05-04";"M.BORDONNE";"2009-05-12";"5";"395082.000000";"1981407.000000";;"395082";"1981407";"33157";;;"gironde@brgm.fr";"2009-12-09";"gironde@brgm.fr";"2009-01-01";"2011-08-22";"S.BesdeBerc@brgm.fr";"sbdbAdministrateur@brgm.fr";"2";;
"104209";"AQIAA0020375";;;"galeries filantes";"carrière";"carriere";"Canère_02";"abandon";"public";;;"centre cavité";"précis";"precis";"plan au 1/500";"10";"2009-05-04";"M.BORDONNE";"2009-05-12";"5";"395127.000000";"1981422.000000";;"395127";"1981422";"33157";;;"gironde@brgm.fr";"2009-12-09";"gironde@brgm.fr";"2009-01-01";"2011-08-22";"S.BesdeBerc@brgm.fr";"sbdbAdministrateur@brgm.fr";"2";;
"107347";"AQIAA0020376";;;"chambres et galeries";"carrière";"carriere";"Canère_03";"abandon";"public";;;"centre cavité";"précis";"precis";"plan au 1/500";"10";"2009-05-04";"M.BORDONNE";"2009-05-12";"5";"394938.000000";"1981156.000000";;"394938";"1981156";"33157";;;"gironde@brgm.fr";"2009-12-09";"gironde@brgm.fr";"2009-01-01";"2011-08-22";"S.BesdeBerc@brgm.fr";"sbdbAdministrateur@brgm.fr";"2";;
"104966";"AQIAA0020377";;;"chambres et galeries";"carrière";"carriere";"Canère_04";"abandon";"public";;;"centre cavité";"précis";"precis";"plan au 1/500";"10";"2009-05-04";"M.BORDONNE";"2009-05-12";"5";"394926.000000";"1981142.000000";;"394926";"1981142";"33157";;;"gironde@brgm.fr";"2009-12-09";"gironde@brgm.fr";"2009-01-01";"2011-08-22";"S.BesdeBerc@brgm.fr";"sbdbAdministrateur@brgm.fr";"2";;
"107546";"AQIAA0020378";;;"chambres et galeries";"carrière";"carriere";"Canère_05";"abandon";"public";;;"centre cavité";"précis";"precis";"plan au 1/500";"10";"2009-05-04";"M.BORDONNE";"2009-05-12";"5";"394905.000000";"1981093.000000";;"394905";"1981093";"33157";;;"gironde@brgm.fr";"2009-12-09";"gironde@brgm.fr";"2009-01-01";"2011-08-22";"S.BesdeBerc@brgm.fr";"sbdbAdministrateur@brgm.fr";"2";;
"104867";"AQIAA0020379";;;"chambres et piliers";"carrière";"carriere";"Canère_06";"abandon";"public";;;"centre cavité";"précis";"precis";"plan au 1/500";"10";"2009-05-04";"M.BORDONNE";"2009-06-02";"5";"394871.000000";"1981090.000000";;"394871";"1981090";"33157";;;"gironde@brgm.fr";"2009-12-09";"gironde@brgm.fr";"2009-01-01";"2011-08-22";"S.BesdeBerc@brgm.fr";"sbdbAdministrateur@brgm.fr";"2";;
"104392";"AQIAA0020380";;;"chambres et piliers";"carrière";"carriere";"Canère_07";"abandon";"public";;;"centre cavité";"précis";"precis";"plan au 1/500";"10";"2009-05-04";"M.BORDONNE";"2009-06-02";"5";"394869.000000";"1981081.000000";;"394869";"1981081";"33157";;;"gironde@brgm.fr";"2009-12-09";"gironde@brgm.fr";"2009-01-01";"2011-08-22";"S.BesdeBerc@brgm.fr";"sbdbAdministrateur@brgm.fr";"2";;
"107702";"AQIAA0020381";;;"chambres et piliers";"carrière";"carriere";"Canère_08";"abandon";"public";;;"centre cavité";"précis";"precis";"plan au 1/500";"10";"2009-05-04";"M.BORDONNE";"2009-06-02";"5";"394859.000000";"1981068.000000";;"394859";"1981068";"33157";;;"gironde@brgm.fr";"2009-12-09";"gironde@brgm.fr";"2009-01-01";"2011-08-22";"S.BesdeBerc@brgm.fr";"sbdbAdministrateur@brgm.fr";"2";;
"104596";"AQIAA0020382";;;"chambres et piliers";"carrière";"carriere";"La_Grangeotte_Plantey_d'oline";"abandon";"public";;;"centre cavité";"précis";"precis";"plan au 1/500";"10";"2009-05-04";"M.BORDONNE";"2009-06-02";"5";"394785.000000";"1980931.000000";;"394785";"1980931";"33157";;;"gironde@brgm.fr";"2009-12-09";"gironde@brgm.fr";"2009-01-01";"2011-08-22";"S.BesdeBerc@brgm.fr";"sbdbAdministrateur@brgm.fr";"2";;
"107916";"AQIAA0020383";;;"chambres et piliers";"carrière";"carriere";"La_Grangeotte";"abandon";"public";;;"centre cavité";"précis";"precis";"plan au 1/500";"10";"2009-05-04";"M.BORDONNE";"2009-06-02";"5";"395088.000000";"1980797.000000";;"395088";"1980797";"33157";;;"gironde@brgm.fr";"2009-12-09";"gironde@brgm.fr";"2009-01-01";"2011-08-22";"S.BesdeBerc@brgm.fr";"sbdbAdministrateur@brgm.fr";"2";;
"106886";"AQIAA0020384";;;"chambres et piliers";"carrière";"carriere";"Merlet_01";"abandon";"public";;;"centre cavité";"précis";"precis";"plan au 1/500";"10";"2009-05-04";"M.BORDONNE";"2009-06-02";"5";"395038.000000";"1980441.000000";;"395038";"1980441";"33157";;;"gironde@brgm.fr";"2009-12-09";"gironde@brgm.fr";"2009-01-01";"2011-08-22";"S.BesdeBerc@brgm.fr";"sbdbAdministrateur@brgm.fr";"2";;
"109984";"AQIAA0020385";;;"chambres et piliers";"carrière";"carriere";"Merlet_02";"abandon";"public";;;"centre cavité";"précis";"precis";"plan au 1/500";"10";"2009-05-04";"M.BORDONNE";"2009-06-02";"5";"394929.000000";"1980304.000000";;"394929";"1980304";"33157";;;"gironde@brgm.fr";"2009-12-09";"gironde@brgm.fr";"2009-01-01";"2011-08-22";"S.BesdeBerc@brgm.fr";"sbdbAdministrateur@brgm.fr";"2";;
"104703";"AQIAA0020386";;;"chambres et galeries";"carrière";"carriere";"Merlet_03";"abandon";"public";;;"centre cavité";"précis";"precis";"plan au 1/500";"10";"2009-05-04";"M.BORDONNE";"2009-06-02";"5";"395012.000000";"1980346.000000";;"395012";"1980346";"33157";;;"gironde@brgm.fr";"2009-12-09";"gironde@brgm.fr";"2009-01-01";"2011-08-22";"S.BesdeBerc@brgm.fr";"sbdbAdministrateur@brgm.fr";"2";;
"106768";"AQIAA0020387";;;"chambres et galeries";"carrière";"carriere";"Merlet_04";"abandon";"public";;;"centre cavité";"précis";"precis";"plan au 1/500";"10";"2009-05-04";"M.BORDONNE";"2009-06-02";"5";"395012.000000";"1980341.000000";;"395012";"1980341";"33157";;;"gironde@brgm.fr";"2009-12-09";"gironde@brgm.fr";"2009-01-01";"2011-08-22";"S.BesdeBerc@brgm.fr";"sbdbAdministrateur@brgm.fr";"2";;
"104926";"AQIAA0020388";;;"chambres et piliers";"carrière";"carriere";"Côtes_de_Brisson_01";"abandon";"public";;;"centre cavité";"précis";"precis";"plan au 1/500";"10";"2009-05-04";"M.BORDONNE";"2009-06-02";"5";"394371.000000";"1979526.000000";;"394371";"1979526";"33157";;;"gironde@brgm.fr";"2009-12-09";"gironde@brgm.fr";"2009-01-01";"2011-08-22";"S.BesdeBerc@brgm.fr";"sbdbAdministrateur@brgm.fr";"2";;
"107690";"AQIAA0020389";;;"galeries filantes";"carrière";"carriere";"Côtes_de_Brisson_02";"abandon";"public";;;"centre cavité";"précis";"precis";"plan au 1/500";"10";"2009-05-04";"M.BORDONNE";"2009-06-02";"5";"394339.000000";"1979493.000000";;"394339";"1979493";"33157";;;"gironde@brgm.fr";"2009-12-09";"gironde@brgm.fr";"2009-01-01";"2011-08-22";"S.BesdeBerc@brgm.fr";"sbdbAdministrateur@brgm.fr";"2";;
"104514";"AQIAA0020390";;;"chambres et galeries";"carrière";"carriere";"Canère_09";"abandon";"public";;;"centre cavité";"précis";"precis";"plan au 1/500";"10";"2009-05-04";"M.BORDONNE";"2009-06-02";"5";"394935.000000";"1981152.000000";;"394935";"1981152";"33157";;;"gironde@brgm.fr";"2009-12-09";"gironde@brgm.fr";"2009-01-01";"2011-08-22";"S.BesdeBerc@brgm.fr";"sbdbAdministrateur@brgm.fr";"2";;
"104681";"AQIAA0020391";;;"chambres et piliers";"carrière";"carriere";"Bellevue_01";"abandon";"public";;;"centre cavité";"précis";"precis";"plan au 1/500";"10";"2009-05-05";"M.BORDONNE";"2009-05-05";"5";"391362.000000";"1996395.000000";;"391362";"1996395";"33451";;;"gironde@brgm.fr";"2009-12-09";"gironde@brgm.fr";"2009-01-01";"2011-08-22";"S.BesdeBerc@brgm.fr";"sbdbAdministrateur@brgm.fr";"2";;
"104560";"AQIAA0020392";;;"chambres et piliers";"carrière";"carriere";"Bellevue_02";"abandon";"public";;;"centre cavité";"précis";"precis";"plan au 1/500";"10";"2009-05-05";"M.BORDONNE";"2009-05-05";"5";"391386.000000";"1996192.000000";;"391386";"1996192";"33451";;;"gironde@brgm.fr";"2009-12-09";"gironde@brgm.fr";"2009-01-01";"2011-08-22";"S.BesdeBerc@brgm.fr";"sbdbAdministrateur@brgm.fr";"2";;
"104924";"AQIAA0020393";;;"chambres et piliers";"carrière";"carriere";"Gazin";"abandon";"public";;;"centre cavité";"précis";"precis";"plan au 1/500";"10";"2009-05-05";"M.BORDONNE";"2009-05-05";"5";"391938.000000";"1996365.000000";;"391938";"1996365";"33451";;;"gironde@brgm.fr";"2009-12-09";"gironde@brgm.fr";"2009-01-01";"2011-08-22";"S.BesdeBerc@brgm.fr";"sbdbAdministrateur@brgm.fr";"2";;
"107338";"AQIAA0020394";;;"galeries filantes";"carrière";"carriere";"Balet_01";"abandon";"public";;;"centre cavité";"précis";"precis";"plan au 1/500";"10";"2009-05-05";"M.BORDONNE";"2009-05-05";"5";"391560.000000";"1995874.000000";;"391560";"1995874";"33451";;;"gironde@brgm.fr";"2009-12-09";"gironde@brgm.fr";"2009-01-01";"2011-08-22";"S.BesdeBerc@brgm.fr";"sbdbAdministrateur@brgm.fr";"2";;
"104205";"AQIAA0020395";;;"chambres et piliers";"carrière";"carriere";"Balet_02";"abandon";"public";;;"centre cavité";"précis";"precis";"plan au 1/500";"10";"2009-05-05";"M.BORDONNE";"2009-05-05";"5";"391624.000000";"1995904.000000";;"391624";"1995904";"33451";;;"gironde@brgm.fr";"2009-12-09";"gironde@brgm.fr";"2009-01-01";"2011-08-22";"S.BesdeBerc@brgm.fr";"sbdbAdministrateur@brgm.fr";"2";;
"107522";"AQIAA0020396";;;"galeries filantes";"carrière";"carriere";"Balet_03";"abandon";"public";;;"centre cavité";"précis";"precis";"plan au 1/500";"10";"2009-05-05";"M.BORDONNE";"2009-05-05";"5";"391595.000000";"1995820.000000";;"391595";"1995820";"33451";;;"gironde@brgm.fr";"2009-12-09";"gironde@brgm.fr";"2009-01-01";"2011-08-22";"S.BesdeBerc@brgm.fr";"sbdbAdministrateur@brgm.fr";"2";;
"104647";"AQIAA0020397";;;"chambres et piliers";"carrière";"carriere";"Canon_Bodet_Latour";"abandon";"public";;;"centre cavité";"précis";"precis";"plan au 1/500";"10";"2009-05-05";"M.BORDONNE";"2009-05-05";"5";"392009.000000";"1994990.000000";;"392009";"1994990";"33451";;;"gironde@brgm.fr";"2009-12-09";"gironde@brgm.fr";"2009-01-01";"2011-08-22";"S.BesdeBerc@brgm.fr";"sbdbAdministrateur@brgm.fr";"2";;
"110572";"AQIAA0020398";;;"chambres et piliers";"carrière";"carriere";"Grenet_02_Gorry";"abandon";"public";;;"centre cavité";"précis";"precis";"plan au 1/500";"10";"2009-05-05";"M.BORDONNE";"2009-05-05";"5";"408040.000000";"1998607.000000";;"408040";"1998607";"33261";;;"gironde@brgm.fr";"2009-12-09";"gironde@brgm.fr";"2009-01-01";"2011-08-22";"S.BesdeBerc@brgm.fr";"sbdbAdministrateur@brgm.fr";"2";;
"107513";"AQIAA0020399";;;"chambres et piliers";"carrière";"carriere";"Terrien_03";"abandon";"public";;;"centre cavité";"précis";"precis";"plan au 1/500";"10";"2009-05-05";"M.BORDONNE";"2009-05-05";"5";"408463.000000";"1998559.000000";;"408463";"1998559";"33261";;;"gironde@brgm.fr";"2009-12-09";"gironde@brgm.fr";"2009-01-01";"2011-08-22";"S.BesdeBerc@brgm.fr";"sbdbAdministrateur@brgm.fr";"2";;
"104115";"AQIAA0020400";;;"chambres et piliers";"carrière";"carriere";"Terrien_02";"abandon";"public";;;"centre cavité";"précis";"precis";"plan au 1/500";"10";"2009-05-05";"M.BORDONNE";"2009-05-05";"5";"408485.000000";"1998642.000000";;"408485";"1998642";"33261";;;"gironde@brgm.fr";"2009-12-09";"gironde@brgm.fr";"2009-01-01";"2011-08-22";"S.BesdeBerc@brgm.fr";"sbdbAdministrateur@brgm.fr";"2";;
"105537";"AQIAA0020401";;;"galeries filantes";"carrière";"carriere";"Grand_Milha";"abandon";"public";;;"centre cavité";"précis";"precis";"plan au 1/500";"10";"2009-05-06";"M.BORDONNE";"2009-06-02";"5";"402286.000000";"1973096.000000";;"402286";"1973096";"33175";;;"gironde@brgm.fr";"2009-12-09";"gironde@brgm.fr";"2009-01-01";"2011-08-22";"S.BesdeBerc@brgm.fr";"sbdbAdministrateur@brgm.fr";"2";;
"107136";"AQIAA0020402";;;"chambres et piliers";"carrière";"carriere";"Milha_01";"abandon";"public";;;"centre cavité";"précis";"precis";"plan au 1/500";"10";"2009-05-06";"M.BORDONNE";"2009-06-02";"5";"402413.000000";"1972913.000000";;"402413";"1972913";"33175";;;"gironde@brgm.fr";"2009-12-09";"gironde@brgm.fr";"2009-01-01";"2011-08-22";"S.BesdeBerc@brgm.fr";"sbdbAdministrateur@brgm.fr";"2";;
"104327";"AQIAA0020403";;;"chambres et piliers";"carrière";"carriere";"Piquepoche_01";"abandon";"public";;;"centre cavité";"précis";"precis";"plan au 1/500";"10";"2009-05-06";"M.BORDONNE";"2009-06-02";"5";"402232.000000";"1972743.000000";;"402232";"1972743";"33175";;;"gironde@brgm.fr";"2009-12-09";"gironde@brgm.fr";"2009-01-01";"2011-08-22";"S.BesdeBerc@brgm.fr";"sbdbAdministrateur@brgm.fr";"2";;
"106818";"AQIAA0020404";;;"chambres et galeries";"carrière";"carriere";"Milha_02";"abandon";"public";;;"centre cavité";"précis";"precis";"plan au 1/500";"10";"2009-05-06";"M.BORDONNE";"2009-06-02";"5";"402458.000000";"1972714.000000";;"402458";"1972714";"33175";;;"gironde@brgm.fr";"2009-12-09";"gironde@brgm.fr";"2009-01-01";"2011-08-22";"S.BesdeBerc@brgm.fr";"sbdbAdministrateur@brgm.fr";"2";;
"104393";"AQIAA0020405";;;"chambres et galeries";"carrière";"carriere";"Piquepoche_02";"abandon";"public";;;"centre cavité";"précis";"precis";"plan au 1/500";"10";"2009-05-06";"M.BORDONNE";"2009-06-02";"5";"402245.000000";"1972681.000000";;"402245";"1972681";"33175";;;"gironde@brgm.fr";"2009-12-09";"gironde@brgm.fr";"2009-01-01";"2011-08-22";"S.BesdeBerc@brgm.fr";"sbdbAdministrateur@brgm.fr";"2";;
"107767";"AQIAA0020406";;;"chambres et galeries";"carrière";"carriere";"Piquepoche_03";"abandon";"public";;;"centre cavité";"précis";"precis";"plan au 1/500";"10";"2009-05-06";"M.BORDONNE";"2009-10-07";"5";"402232.000000";"1972659.000000";;"402232";"1972659";"33175";;;"gironde@brgm.fr";"2009-12-09";"gironde@brgm.fr";"2009-01-01";"2011-08-22";"S.BesdeBerc@brgm.fr";"sbdbAdministrateur@brgm.fr";"2";;
"104599";"AQIAA0020407";;;"chambres et galeries";"carrière";"carriere";"Piquepoche_04";"abandon";"public";;;"centre cavité";"précis";"precis";"plan au 1/500";"10";"2009-05-06";"M.BORDONNE";"2009-06-02";"5";"402188.000000";"1972613.000000";;"402188";"1972613";"33175";;;"gironde@brgm.fr";"2009-12-09";"gironde@brgm.fr";"2009-01-01";"2011-08-22";"S.BesdeBerc@brgm.fr";"sbdbAdministrateur@brgm.fr";"2";;
"106813";"AQIAA0020408";;;"chambres et galeries";"carrière";"carriere";"Tiffaut_01";"abandon";"public";;;"centre cavité";"précis";"precis";"plan au 1/500";"10";"2009-05-06";"M.BORDONNE";"2009-06-02";"5";"402426.000000";"1972621.000000";;"402426";"1972621";"33175";;;"gironde@brgm.fr";"2009-12-09";"gironde@brgm.fr";"2009-01-01";"2011-08-22";"S.BesdeBerc@brgm.fr";"sbdbAdministrateur@brgm.fr";"2";;
"106762";"AQIAA0020409";;;"chambres et galeries";"carrière";"carriere";"Tiffaut_02";"abandon";"public";;;"centre cavité";"précis";"precis";"plan au 1/500";"10";"2009-05-06";"M.BORDONNE";"2009-06-04";"5";"402450.000000";"1972617.000000";;"402450";"1972617";"33175";;;"gironde@brgm.fr";"2009-12-09";"gironde@brgm.fr";"2009-01-01";"2011-08-22";"S.BesdeBerc@brgm.fr";"sbdbAdministrateur@brgm.fr";"2";;
"107977";"AQIAA0020410";;;"chambres et piliers";"carrière";"carriere";"Tiffaut_03";"abandon";"public";;;"centre cavité";"précis";"precis";"plan au 1/500";"10";"2009-05-06";"M.BORDONNE";"2009-11-17";"5";"402280.000000";"1972452.000000";;"402280";"1972452";"33175";;;"gironde@brgm.fr";"2009-12-09";"gironde@brgm.fr";"2009-01-01";"2011-08-22";"S.BesdeBerc@brgm.fr";"sbdbAdministrateur@brgm.fr";"2";;
"104880";"AQIAA0020411";;;"chambres et piliers";"carrière";"carriere";"Darman";"abandon";"public";;;"centre cavité";"précis";"precis";"plan au 1/500";"10";"2009-05-06";"M.BORDONNE";"2009-06-18";"5";"390801.000000";"1986289.000000";;"390801";"1986289";"33303";;;"gironde@brgm.fr";"2009-12-09";"gironde@brgm.fr";"2009-01-01";"2011-08-22";"S.BesdeBerc@brgm.fr";"sbdbAdministrateur@brgm.fr";"2";;
"107447";"AQIAA0020412";;;"chambres et galeries";"carrière";"carriere";"Le_Gay";"abandon";"public";;;"centre cavité";"précis";"precis";"plan au 1/500";"10";"2009-05-06";"M.BORDONNE";"2009-06-18";"5";"390855.000000";"1986370.000000";;"390855";"1986370";"33303";;;"gironde@brgm.fr";"2009-12-09";"gironde@brgm.fr";"2009-01-01";"2011-08-22";"S.BesdeBerc@brgm.fr";"sbdbAdministrateur@brgm.fr";"2";;
"154644";"AQIAA0020413";;;"chambres et piliers";"carrière";"carriere";"Le_Moulin_à_Vent";"abandon";"public";;;"centre cavité";"précis";"precis";"plan au 1/500";"10";"2009-05-06";"M.BORDONNE";"2024-03-13";"5";"391036.000000";"1986278.000000";;"391036";"1986278";"33303";"10/03/2024 : Effondrement de 25 m de diamètre dont le centre est située sur la parcelle AN0282. Dégâts occasionnés sur l'habitation de la parcelle AN0279 et un bâtiment annexe de la parcelle AN0282. Pas de blessé.";"";"gironde@brgm.fr";"2009-12-09";"a.fondin@brgm.fr";"2009-01-01";"2011-08-22";"S.BesdeBerc@brgm.fr";"sbdbAdministrateur@brgm.fr";"2";;
"107567";"AQIAA0020414";;;"chambres et piliers";"carrière";"carriere";"Traille_de_Rolland_01";"abandon";"public";;;"centre cavité";"précis";"precis";"plan au 1/500";"10";"2009-05-06";"M.BORDONNE";"2009-06-18";"5";"391151.000000";"1986421.000000";;"391151";"1986421";"33303";;;"gironde@brgm.fr";"2009-12-09";"gironde@brgm.fr";"2009-01-01";"2011-08-22";"S.BesdeBerc@brgm.fr";"sbdbAdministrateur@brgm.fr";"2";;
"104523";"AQIAA0020415";;;"chambres et piliers";"carrière";"carriere";"Traille_de_Rolland_02";"abandon";"public";;;"centre cavité";"précis";"precis";"plan au 1/500";"10";"2009-05-06";"M.BORDONNE";"2009-06-18";"5";"391184.000000";"1986449.000000";;"391184";"1986449";"33303";;;"gironde@brgm.fr";"2009-12-09";"gironde@brgm.fr";"2009-01-01";"2011-08-22";"S.BesdeBerc@brgm.fr";"sbdbAdministrateur@brgm.fr";"2";;
"104597";"AQIAA0020416";;;"chambres et piliers";"carrière";"carriere";"Traille_de_Rolland_03";"abandon";"public";;;"centre cavité";"précis";"precis";"plan au 1/500";"10";"2009-05-06";"M.BORDONNE";"2009-06-18";"5";"391343.000000";"1986355.000000";;"391343";"1986355";"33303";;;"gironde@brgm.fr";"2009-12-09";"gironde@brgm.fr";"2009-01-01";"2011-08-22";"S.BesdeBerc@brgm.fr";"sbdbAdministrateur@brgm.fr";"2";;
"107324";"AQIAA0020417";;;"chambres et piliers";"carrière";"carriere";"Mongiron";"abandon";"public";;;"centre cavité";"précis";"precis";"plan au 1/500";"10";"2009-05-06";"M.BORDONNE";"2009-06-18";"5";"392176.000000";"1986423.000000";;"392176";"1986423";"33303";;;"gironde@brgm.fr";"2009-12-09";"gironde@brgm.fr";"2009-01-01";"2011-08-22";"S.BesdeBerc@brgm.fr";"sbdbAdministrateur@brgm.fr";"2";;
"104253";"AQIAA0020418";;;"chambres et piliers";"carrière";"carriere";"Le_Noble_Bernard_Guillem";"abandon";"public";;;"centre cavité";"précis";"precis";"plan au 1/500";"10";"2009-05-06";"M.BORDONNE";"2009-06-18";"5";"392130.000000";"1986088.000000";;"392130";"1986088";"33303";;;"gironde@brgm.fr";"2009-12-09";"gironde@brgm.fr";"2009-01-01";"2011-08-22";"S.BesdeBerc@brgm.fr";"sbdbAdministrateur@brgm.fr";"2";;
"107585";"AQIAA0020419";;;"chambres et piliers";"carrière";"carriere";"Les_Aureys";"abandon";"public";;;"centre cavité";"précis";"precis";"plan au 1/500";"10";"2009-05-06";"M.BORDONNE";"2009-06-18";"5";"391441.000000";"1985774.000000";;"391441";"1985774";"33303";;;"gironde@brgm.fr";"2009-12-09";"gironde@brgm.fr";"2009-01-01";"2011-08-22";"S.BesdeBerc@brgm.fr";"sbdbAdministrateur@brgm.fr";"2";;
"104855";"AQIAA0020420";;;"galeries filantes";"carrière";"carriere";"Quantin_01";"abandon";"public";;;"centre cavité";"précis";"precis";"plan au 1/500";"10";"2009-05-06";"M.BORDONNE";"2009-06-18";"5";"391215.000000";"1985433.000000";;"391215";"1985433";"33303";;;"gironde@brgm.fr";"2009-12-09";"gironde@brgm.fr";"2009-01-01";"2011-08-22";"S.BesdeBerc@brgm.fr";"sbdbAdministrateur@brgm.fr";"2";;
"107631";"AQIAA0020421";;;"chambres et piliers";"carrière";"carriere";"Quantin_02";"abandon";"public";;;"centre cavité";"précis";"precis";"plan au 1/500";"10";"2009-05-06";"M.BORDONNE";"2009-06-18";"5";"391286.000000";"1985410.000000";;"391286";"1985410";"33303";;;"gironde@brgm.fr";"2009-12-09";"gironde@brgm.fr";"2009-01-01";"2011-08-22";"S.BesdeBerc@brgm.fr";"sbdbAdministrateur@brgm.fr";"2";;
"106932";"AQIAA0020422";;;"chambres et piliers";"carrière";"carriere";"Busquet";"abandon";"public";;;"centre cavité";"précis";"precis";"plan au 1/500";"10";"2009-05-06";"M.BORDONNE";"2009-06-18";"5";"392667.000000";"1984805.000000";;"392667";"1984805";"33303";;;"gironde@brgm.fr";"2009-12-09";"gironde@brgm.fr";"2009-01-01";"2011-08-22";"S.BesdeBerc@brgm.fr";"sbdbAdministrateur@brgm.fr";"2";;
"104415";"AQIAA0020423";;;"galeries filantes";"carrière";"carriere";"Laroque_01";"abandon";"public";;;"centre cavité";"précis";"precis";"plan au 1/500";"10";"2009-05-06";"M.BORDONNE";"2009-06-18";"5";"392730.000000";"1984695.000000";;"392730";"1984695";"33303";;;"gironde@brgm.fr";"2009-12-09";"gironde@brgm.fr";"2009-01-01";"2011-08-22";"S.BesdeBerc@brgm.fr";"sbdbAdministrateur@brgm.fr";"2";;
"104624";"AQIAA0020424";;;"chambres et galeries";"carrière";"carriere";"Laroque_02";"abandon";"public";;;"centre cavité";"précis";"precis";"plan au 1/500";"10";"2009-05-06";"M.BORDONNE";"2009-06-18";"5";"392728.000000";"1984677.000000";;"392728";"1984677";"33303";;;"gironde@brgm.fr";"2009-12-09";"gironde@brgm.fr";"2009-01-01";"2011-08-22";"S.BesdeBerc@brgm.fr";"sbdbAdministrateur@brgm.fr";"2";;
"104398";"AQIAA0020425";;;"chambres et piliers";"carrière";"carriere";"Laroque_03_Jean_May";"abandon";"public";;;"centre cavité";"précis";"precis";"plan au 1/500";"10";"2009-05-06";"M.BORDONNE";"2009-06-18";"5";"392787.000000";"1984528.000000";;"392787";"1984528";"33303";;;"gironde@brgm.fr";"2009-12-09";"gironde@brgm.fr";"2009-01-01";"2011-08-22";"S.BesdeBerc@brgm.fr";"sbdbAdministrateur@brgm.fr";"2";;
"107540";"AQIAA0020426";;;"chambres et piliers";"carrière";"carriere";"Salle_la_Mouleyre";"abandon";"public";;;"centre cavité";"précis";"precis";"plan au 1/500";"10";"2009-05-06";"M.BORDONNE";"2009-06-12";"5";"386824.000000";"1986634.000000";;"386824";"1986634";"33413";;;"gironde@brgm.fr";"2009-12-09";"gironde@brgm.fr";"2009-01-01";"2011-08-22";"S.BesdeBerc@brgm.fr";"sbdbAdministrateur@brgm.fr";"2";;
"104574";"AQIAA0020427";;;"chambres et piliers";"carrière";"carriere";"Jonqueyres_01";"abandon";"public";;;"centre cavité";"précis";"precis";"plan au 1/500";"10";"2009-05-06";"M.BORDONNE";"2009-06-12";"5";"386689.000000";"1985474.000000";;"386689";"1985474";"33413";;;"gironde@brgm.fr";"2009-12-09";"gironde@brgm.fr";"2009-01-01";"2011-08-22";"S.BesdeBerc@brgm.fr";"sbdbAdministrateur@brgm.fr";"2";;
"104657";"AQIAA0020428";;;"chambres et piliers";"carrière";"carriere";"Jonqueyres_02";"abandon";"public";;;"centre cavité";"précis";"precis";"plan au 1/500";"10";"2009-05-06";"M.BORDONNE";"2009-06-12";"5";"386717.000000";"1985336.000000";;"386717";"1985336";"33413";;;"gironde@brgm.fr";"2009-12-09";"gironde@brgm.fr";"2009-01-01";"2011-08-22";"S.BesdeBerc@brgm.fr";"sbdbAdministrateur@brgm.fr";"2";;
"106882";"AQIAA0020429";;;"chambres et piliers";"carrière";"carriere";"Labrune";"abandon";"public";;;"centre cavité";"précis";"precis";"plan au 1/500";"10";"2009-05-06";"M.BORDONNE";"2009-12-04";"5";"386822.000000";"1985247.000000";;"386822";"1985247";"33141";;;"gironde@brgm.fr";"2009-12-09";"gironde@brgm.fr";"2009-01-01";"2011-08-22";"S.BesdeBerc@brgm.fr";"sbdbAdministrateur@brgm.fr";"2";;
"107445";"AQIAA0020430";;;"chambres et piliers";"carrière";"carriere";"Grand_Puch";"abandon";"public";;;"centre cavité";"précis";"precis";"plan au 1/500";"10";"2009-05-06";"M.BORDONNE";"2009-06-12";"5";"388143.000000";"1986461.000000";;"388143";"1986461";"33413";;;"gironde@brgm.fr";"2009-12-09";"gironde@brgm.fr";"2009-01-01";"2011-08-22";"S.BesdeBerc@brgm.fr";"sbdbAdministrateur@brgm.fr";"2";;
"104904";"AQIAA0020431";;;"chambres et piliers";"carrière";"carriere";"Janon";"abandon";"public";;;"centre cavité";"précis";"precis";"plan au 1/500";"10";"2009-05-06";"M.BORDONNE";"2009-06-12";"5";"388033.000000";"1985475.000000";;"388033";"1985475";"33413";;;"gironde@brgm.fr";"2009-12-09";"gironde@brgm.fr";"2009-01-01";"2011-08-22";"S.BesdeBerc@brgm.fr";"sbdbAdministrateur@brgm.fr";"2";;
"105589";"AQIAA0020432";;;"chambres et piliers";"carrière";"carriere";"Capmartin_01";"abandon";"public";;;"centre cavité";"précis";"precis";"plan au 1/500";"10";"2009-05-06";"M.BORDONNE";"2009-06-12";"5";"389120.000000";"1987013.000000";;"389120";"1987013";"33413";;;"gironde@brgm.fr";"2009-12-09";"gironde@brgm.fr";"2009-01-01";"2011-08-22";"S.BesdeBerc@brgm.fr";"sbdbAdministrateur@brgm.fr";"2";;
"108107";"AQIAA0020433";;;"chambres et piliers";"carrière";"carriere";"Capmartin_02";"abandon";"public";;;"centre cavité";"précis";"precis";"plan au 1/500";"10";"2009-05-06";"M.BORDONNE";"2009-06-12";"5";"389254.000000";"1986834.000000";;"389254";"1986834";"33413";;;"gironde@brgm.fr";"2009-12-09";"gironde@brgm.fr";"2009-01-01";"2011-08-22";"S.BesdeBerc@brgm.fr";"sbdbAdministrateur@brgm.fr";"2";;
"106986";"AQIAA0020434";;;"chambres et piliers";"carrière";"carriere";"Capmartin_03";"abandon";"public";;;"centre cavité";"précis";"precis";"plan au 1/500";"10";"2009-05-06";"M.BORDONNE";"2009-06-12";"5";"389169.000000";"1986686.000000";;"389169";"1986686";"33413";;;"gironde@brgm.fr";"2009-12-09";"gironde@brgm.fr";"2009-01-01";"2011-08-22";"S.BesdeBerc@brgm.fr";"sbdbAdministrateur@brgm.fr";"2";;
"107637";"AQIAA0020435";;;"chambres et piliers";"carrière";"carriere";"Petit_Puch";"abandon";"public";;;"centre cavité";"précis";"precis";"plan au 1/500";"10";"2009-05-06";"M.BORDONNE";"2009-06-12";"5";"388922.000000";"1986716.000000";;"388922";"1986716";"33413";;;"gironde@brgm.fr";"2009-12-09";"gironde@brgm.fr";"2009-01-01";"2011-08-22";"S.BesdeBerc@brgm.fr";"sbdbAdministrateur@brgm.fr";"2";;
"107589";"AQIAA0020436";;;"galeries filantes";"carrière";"carriere";"Petit_Bois_01_La_Borie_Dagen";"abandon";"public";;;"centre cavité";"précis";"precis";"plan au 1/500";"10";"2009-05-06";"M.BORDONNE";"2009-06-12";"5";"389285.000000";"1986555.000000";;"389285";"1986555";"33413";;;"gironde@brgm.fr";"2009-12-09";"gironde@brgm.fr";"2009-01-01";"2011-08-22";"S.BesdeBerc@brgm.fr";"sbdbAdministrateur@brgm.fr";"2";;
"104694";"AQIAA0020437";;;"galeries filantes";"carrière";"carriere";"Le_faure_01";"abandon";"public";;;"centre cavité";"précis";"precis";"plan au 1/500";"10";"2009-05-06";"M.BORDONNE";"2009-06-12";"5";"389939.000000";"1986848.000000";;"389939";"1986848";"33413";;;"gironde@brgm.fr";"2009-12-09";"gironde@brgm.fr";"2009-01-01";"2011-08-22";"S.BesdeBerc@brgm.fr";"sbdbAdministrateur@brgm.fr";"2";;
"107456";"AQIAA0020438";;;"chambres et piliers";"carrière";"carriere";"Le_Faure_02";"abandon";"public";;;"centre cavité";"précis";"precis";"plan au 1/500";"10";"2009-05-06";"M.BORDONNE";"2009-06-12";"5";"390053.000000";"1986870.000000";;"390053";"1986870";"33413";;;"gironde@brgm.fr";"2009-12-09";"gironde@brgm.fr";"2009-01-01";"2011-08-22";"S.BesdeBerc@brgm.fr";"sbdbAdministrateur@brgm.fr";"2";;
"104413";"AQIAA0020439";;;"chambres et piliers";"carrière";"carriere";"Petit_Bois_02_La_Borie_Dagen";"abandon";"public";;;"centre cavité";"précis";"precis";"plan au 1/500";"10";"2009-05-06";"M.BORDONNE";"2009-06-12";"5";"389679.000000";"1986597.000000";;"389679";"1986597";"33413";;;"gironde@brgm.fr";"2009-12-09";"gironde@brgm.fr";"2009-01-01";"2011-08-22";"S.BesdeBerc@brgm.fr";"sbdbAdministrateur@brgm.fr";"2";;
"104687";"AQIAA0020440";;;"chambres et piliers";"carrière";"carriere";"Petit_Bois_03_Brouscaillou";"abandon";"public";;;"centre cavité";"précis";"precis";"plan au 1/500";"10";"2009-05-06";"M.BORDONNE";"2009-06-12";"5";"389784.000000";"1986649.000000";;"389784";"1986649";"33413";;;"gironde@brgm.fr";"2009-12-09";"gironde@brgm.fr";"2009-01-01";"2011-08-22";"S.BesdeBerc@brgm.fr";"sbdbAdministrateur@brgm.fr";"2";;
"118682";"AQIAA0020441";;;"galeries filantes";"carrière";"carriere";"Petit_Bois_04_Brouscaillou";"abandon";"public";;;"centre cavité";"précis";"precis";"plan au 1/500";"10";"2009-05-06";"M.BORDONNE";"2009-06-12";"5";"389840.000000";"1986627.000000";;"389840";"1986627";"33413";;;"gironde@brgm.fr";"2009-12-09";"gironde@brgm.fr";"2009-01-01";"2011-08-22";"S.BesdeBerc@brgm.fr";"sbdbAdministrateur@brgm.fr";"2";;
"104978";"AQIAA0020442";;;"chambres et piliers";"carrière";"carriere";"Beaupied_01_Ouest";"abandon";"public";;;"centre cavité";"précis";"precis";"plan au 1/500";"10";"2009-05-06";"M.BORDONNE";"2009-06-12";"5";"388995.000000";"1986466.000000";;"388995";"1986466";"33413";;;"gironde@brgm.fr";"2009-12-09";"gironde@brgm.fr";"2009-01-01";"2011-08-22";"S.BesdeBerc@brgm.fr";"sbdbAdministrateur@brgm.fr";"2";;
"107983";"AQIAA0020443";;;"galeries filantes";"carrière";"carriere";"Beaupied_02_Est";"abandon";"public";;;"centre cavité";"précis";"precis";"plan au 1/500";"10";"2009-05-06";"M.BORDONNE";"2009-06-12";"5";"389028.000000";"1986430.000000";;"389028";"1986430";"33413";;;"gironde@brgm.fr";"2009-12-09";"gironde@brgm.fr";"2009-01-01";"2011-08-22";"S.BesdeBerc@brgm.fr";"sbdbAdministrateur@brgm.fr";"2";;
"104676";"AQIAA0020444";;;"galeries filantes";"carrière";"carriere";"Beaupied_03_Est";"abandon";"public";;;"centre cavité";"précis";"precis";"plan au 1/500";"10";"2009-05-06";"M.BORDONNE";"2009-06-12";"5";"388996.000000";"1986387.000000";;"388996";"1986387";"33413";;;"gironde@brgm.fr";"2009-12-09";"gironde@brgm.fr";"2009-01-01";"2011-08-22";"S.BesdeBerc@brgm.fr";"sbdbAdministrateur@brgm.fr";"2";;
"104119";"AQIAA0020445";;;"chambres et piliers";"carrière";"carriere";"Petit_Bois_05_La_Borie_Dagen";"abandon";"public";;;"centre cavité";"précis";"precis";"plan au 1/500";"10";"2009-05-06";"M.BORDONNE";"2009-06-12";"5";"389669.000000";"1986413.000000";;"389669";"1986413";"33413";;;"gironde@brgm.fr";"2009-12-09";"gironde@brgm.fr";"2009-01-01";"2011-08-22";"S.BesdeBerc@brgm.fr";"sbdbAdministrateur@brgm.fr";"2";;
"107542";"AQIAA0020446";;;"chambres et piliers";"carrière";"carriere";"Petit_Bois_06_Garignau";"abandon";"public";;;"centre cavité";"précis";"precis";"plan au 1/500";"10";"2009-05-06";"M.BORDONNE";"2009-06-12";"5";"389639.000000";"1986315.000000";;"389639";"1986315";"33413";;;"gironde@brgm.fr";"2009-12-09";"gironde@brgm.fr";"2009-01-01";"2011-08-22";"S.BesdeBerc@brgm.fr";"sbdbAdministrateur@brgm.fr";"2";;
"104666";"AQIAA0020447";;;"chambres et piliers";"carrière";"carriere";"Fonvideau_01_Anglade";"abandon";"public";;;"centre cavité";"précis";"precis";"plan au 1/500";"10";"2009-05-06";"M.BORDONNE";"2009-06-12";"5";"389151.000000";"1986164.000000";;"389151";"1986164";"33413";;;"gironde@brgm.fr";"2009-12-09";"gironde@brgm.fr";"2009-01-01";"2011-08-22";"S.BesdeBerc@brgm.fr";"sbdbAdministrateur@brgm.fr";"2";;
"106975";"AQIAA0020448";;;"chambres et piliers";"carrière";"carriere";"Fonvideau_02";"abandon";"public";;;"centre cavité";"précis";"precis";"plan au 1/500";"10";"2009-05-06";"M.BORDONNE";"2009-10-07";"5";"389325.000000";"1985956.000000";;"389325";"1985956";"33413";;;"gironde@brgm.fr";"2009-12-09";"gironde@brgm.fr";"2009-01-01";"2011-08-22";"S.BesdeBerc@brgm.fr";"sbdbAdministrateur@brgm.fr";"2";;
"2666";"AQIAA0020449";;;"galeries filantes";"carrière";"carriere";"Fonvideau_03";"abandon";"public";;;"centre cavité";"précis";"precis";"plan au 1/500";"10";"2009-05-06";"M.BORDONNE";"2009-06-12";"5";"389343.000000";"1985924.000000";;"389343";"1985924";"33413";;;"gironde@brgm.fr";"2009-12-09";"gironde@brgm.fr";"2009-01-01";"2011-08-22";"S.BesdeBerc@brgm.fr";"sbdbAdministrateur@brgm.fr";"2";;
"106725";"AQIAA0020450";;;"chambres et piliers";"carrière";"carriere";"La_Carrière_Jean_May";"abandon";"public";;;"centre cavité";"précis";"precis";"plan au 1/500";"10";"2009-05-06";"M.BORDONNE";"2009-06-02";"5";"392370.000000";"1984597.000000";;"392370";"1984597";"33466";;;"gironde@brgm.fr";"2009-12-09";"gironde@brgm.fr";"2009-01-01";"2011-08-22";"S.BesdeBerc@brgm.fr";"sbdbAdministrateur@brgm.fr";"2";;
"104320";"AQIAA0020451";;;"orifice naturel";"naturelle";"naturelle";"Confidentiel";"abandon";"confidentiel";"site archéologique";"DRAC";"orifice visible";"approché";"approche";"carte au 1/25000";"";"2011-01-10";"M.BORDONNE";"2011-01-10";"";"";"";"";"";"";"33466";;;"gironde@brgm.fr";"2009-12-09";"gironde@brgm.fr";"2009-01-01";"2011-08-22";"S.BesdeBerc@brgm.fr";"sbdbAdministrateur@brgm.fr";"2";;
"108049";"AQIAA0020452";;;"orifice naturel";"naturelle";"naturelle";"Grotte_Falcheto";"abandon";"public";;;"orifice visible";"centroide de commune";"centroide de commune";"carte au 1/25000";"0";"2011-01-10";"M.BORDONNE";"2011-01-10";"5";"392882.600000";"1983119.500000";;"392883";"1983120";"33466";;;"gironde@brgm.fr";"2009-12-09";"gironde@brgm.fr";"2009-01-01";"2011-08-22";"S.BesdeBerc@brgm.fr";"sbdbAdministrateur@brgm.fr";"2";;
"107480";"AQIAA0020453";;;"orifice naturel";"naturelle";"naturelle";"Confidentiel";"abandon";"confidentiel";"site archéologique";"DRAC";"orifice visible";"approché";"approche";"carte au 1/25000";"";"2011-01-10";"M.BORDONNE";"2011-01-10";"";"";"";"";"";"";"33466";;;"gironde@brgm.fr";"2009-12-09";"gironde@brgm.fr";"2009-01-01";"2011-08-22";"S.BesdeBerc@brgm.fr";"sbdbAdministrateur@brgm.fr";"2";;
"107777";"AQIAA0020454";;;"orifice naturel";"naturelle";"naturelle";"Grotte_Clotemoron_entree_poulailler";"abandon";"public";;;"orifice visible";"approché";"approche";"carte au 1/25000";"25";"2011-01-10";"M.BORDONNE";"2011-01-10";"5";"392892.520000";"1982382.100000";"50";"392893";"1982382";"33466";;;"gironde@brgm.fr";"2009-12-09";"gironde@brgm.fr";"2009-01-01";"2011-08-22";"S.BesdeBerc@brgm.fr";"sbdbAdministrateur@brgm.fr";"2";;
"104845";"AQIAA0020455";;;"chambres et galeries";"carrière";"carriere";"Bisqueytan_07";"abandon";"public";;;"centre cavité";"précis";"precis";"plan au 1/500";"10";"2009-05-06";"M.BORDONNE";"2009-06-02";"5";"392490.000000";"1983974.000000";;"392490";"1983974";"33466";;;"gironde@brgm.fr";"2009-12-09";"gironde@brgm.fr";"2009-01-01";"2011-08-22";"S.BesdeBerc@brgm.fr";"sbdbAdministrateur@brgm.fr";"2";;
"106726";"AQIAA0020456";;;"chambres et galeries";"carrière";"carriere";"Bisqueytan_08";"abandon";"public";;;"centre cavité";"précis";"precis";"plan au 1/500";"10";"2009-05-06";"M.BORDONNE";"2009-06-02";"5";"392498.000000";"1983955.000000";;"392498";"1983955";"33466";;;"gironde@brgm.fr";"2009-12-09";"gironde@brgm.fr";"2009-01-01";"2011-08-22";"S.BesdeBerc@brgm.fr";"sbdbAdministrateur@brgm.fr";"2";;
"104869";"AQIAA0020457";;;"chambres et piliers";"carrière";"carriere";"Bisqueytan_05";"abandon";"public";;;"centre cavité";"précis";"precis";"plan au 1/500";"10";"2009-05-06";"M.BORDONNE";"2009-06-02";"5";"392116.000000";"1983963.000000";;"392116";"1983963";"33466";;;"gironde@brgm.fr";"2009-12-09";"gironde@brgm.fr";"2009-01-01";"2011-08-22";"S.BesdeBerc@brgm.fr";"sbdbAdministrateur@brgm.fr";"2";;
"107539";"AQIAA0020458";;;"galeries filantes";"carrière";"carriere";"Bisqueytan_06";"abandon";"public";;;"centre cavité";"précis";"precis";"plan au 1/500";"10";"2009-05-06";"M.BORDONNE";"2009-10-07";"5";"392274.000000";"1983907.000000";;"392274";"1983907";"33466";;;"gironde@brgm.fr";"2009-12-09";"gironde@brgm.fr";"2009-01-01";"2011-08-22";"S.BesdeBerc@brgm.fr";"sbdbAdministrateur@brgm.fr";"2";;
"106830";"AQIAA0020459";;;"chambres et galeries";"carrière";"carriere";"Le _Prieur_01";"abandon";"public";;;"centre cavité";"précis";"precis";"plan au 1/500";"10";"2009-05-06";"M.BORDONNE";"2009-06-02";"5";"392161.000000";"1983655.000000";;"392161";"1983655";"33466";;;"gironde@brgm.fr";"2009-12-09";"gironde@brgm.fr";"2009-01-01";"2011-08-22";"S.BesdeBerc@brgm.fr";"sbdbAdministrateur@brgm.fr";"2";;
"107644";"AQIAA0020460";;;"chambres et galeries";"carrière";"carriere";"Le_Prieur_02";"abandon";"public";;;"centre cavité";"précis";"precis";"plan au 1/500";"10";"2009-05-06";"M.BORDONNE";"2009-06-02";"5";"392193.000000";"1983657.000000";;"392193";"1983657";"33466";;;"gironde@brgm.fr";"2009-12-09";"gironde@brgm.fr";"2009-01-01";"2011-08-22";"S.BesdeBerc@brgm.fr";"sbdbAdministrateur@brgm.fr";"2";;
"106887";"AQIAA0020461";;;"galeries filantes";"carrière";"carriere";"La_Tourasse_01";"abandon";"public";;;"centre cavité";"précis";"precis";"plan au 1/500";"10";"2009-05-06";"M.BORDONNE";"2009-06-02";"5";"392340.000000";"1983708.000000";;"392340";"1983708";"33466";;;"gironde@brgm.fr";"2009-12-09";"gironde@brgm.fr";"2009-01-01";"2011-08-22";"S.BesdeBerc@brgm.fr";"sbdbAdministrateur@brgm.fr";"2";;
"107362";"AQIAA0020462";;;"chambres et galeries";"carrière";"carriere";"La_Tourasse_02";"abandon";"public";;;"centre cavité";"précis";"precis";"plan au 1/500";"10";"2009-05-06";"M.BORDONNE";"2009-06-02";"5";"392339.000000";"1983691.000000";;"392339";"1983691";"33466";;;"gironde@brgm.fr";"2009-12-09";"gironde@brgm.fr";"2009-01-01";"2011-08-22";"S.BesdeBerc@brgm.fr";"sbdbAdministrateur@brgm.fr";"2";;
"107783";"AQIAA0020463";;;"chambres et piliers";"carrière";"carriere";"La_Tourasse_03";"abandon";"public";;;"centre cavité";"précis";"precis";"plan au 1/500";"10";"2009-05-06";"M.BORDONNE";"2009-06-02";"5";"392349.000000";"1983697.000000";;"392349";"1983697";"33466";;;"gironde@brgm.fr";"2009-12-09";"gironde@brgm.fr";"2009-01-01";"2011-08-22";"S.BesdeBerc@brgm.fr";"sbdbAdministrateur@brgm.fr";"2";;
"106944";"AQIAA0020464";;;"chambres et piliers";"carrière";"carriere";"Patrouilleau";"abandon";"public";;;"centre cavité";"précis";"precis";"plan au 1/500";"10";"2009-05-06";"M.BORDONNE";"2009-06-02";"5";"392050.000000";"1983483.000000";;"392050";"1983483";"33466";;;"gironde@brgm.fr";"2009-12-09";"gironde@brgm.fr";"2009-01-01";"2011-08-22";"S.BesdeBerc@brgm.fr";"sbdbAdministrateur@brgm.fr";"2";;
"107339";"AQIAA0020465";;;"galeries filantes";"carrière";"carriere";"La_Moulinasse_01";"abandon";"public";;;"centre cavité";"précis";"precis";"plan au 1/500";"10";"2009-05-06";"M.BORDONNE";"2009-06-02";"5";"392305.000000";"1983532.000000";;"392305";"1983532";"33466";;;"gironde@brgm.fr";"2009-12-09";"gironde@brgm.fr";"2009-01-01";"2011-08-22";"S.BesdeBerc@brgm.fr";"sbdbAdministrateur@brgm.fr";"2";;
"104215";"AQIAA0020466";;;"chambres et galeries";"carrière";"carriere";"La_Moulinasse_02";"abandon";"public";;;"centre cavité";"précis";"precis";"plan au 1/500";"10";"2009-05-06";"M.BORDONNE";"2009-06-02";"5";"392277.000000";"1983519.000000";;"392277";"1983519";"33466";;;"gironde@brgm.fr";"2009-12-09";"gironde@brgm.fr";"2009-01-01";"2011-08-22";"S.BesdeBerc@brgm.fr";"sbdbAdministrateur@brgm.fr";"2";;
"107768";"AQIAA0020467";;;"chambres et piliers";"carrière";"carriere";"La_Moulinasse_03";"abandon";"public";;;"centre cavité";"précis";"precis";"plan au 1/500";"10";"2009-05-06";"M.BORDONNE";"2009-06-02";"5";"392281.000000";"1983455.000000";;"392281";"1983455";"33466";;;"gironde@brgm.fr";"2009-12-09";"gironde@brgm.fr";"2009-01-01";"2011-08-22";"S.BesdeBerc@brgm.fr";"sbdbAdministrateur@brgm.fr";"2";;
"104120";"AQIAA0020468";;;"galeries filantes";"carrière";"carriere";"Mariotte_au_Rouergue";"abandon";"public";;;"centre cavité";"précis";"precis";"plan au 1/500";"10";"2009-05-06";"M.BORDONNE";"2009-06-02";"5";"392175.000000";"1983159.000000";;"392175";"1983159";"33466";;;"gironde@brgm.fr";"2009-12-09";"gironde@brgm.fr";"2009-01-01";"2011-08-22";"S.BesdeBerc@brgm.fr";"sbdbAdministrateur@brgm.fr";"2";;
"104422";"AQIAA0020469";;;"chambres et piliers";"carrière";"carriere";"Le_Vigneau";"abandon";"public";;;"centre cavité";"précis";"precis";"plan au 1/500";"10";"2009-05-06";"M.BORDONNE";"2009-06-02";"5";"393568.000000";"1983821.000000";;"393568";"1983821";"33466";;;"gironde@brgm.fr";"2009-12-09";"gironde@brgm.fr";"2009-01-01";"2011-08-22";"S.BesdeBerc@brgm.fr";"sbdbAdministrateur@brgm.fr";"2";;
"104937";"AQIAA0020470";;;"chambres et piliers";"carrière";"carriere";"Le_Petit_Lembert";"abandon";"public";;;"centre cavité";"précis";"precis";"plan au 1/500";"10";"2009-05-06";"M.BORDONNE";"2009-06-02";"5";"393830.000000";"1983771.000000";;"393830";"1983771";"33466";;;"gironde@brgm.fr";"2009-12-09";"gironde@brgm.fr";"2009-01-01";"2011-08-22";"S.BesdeBerc@brgm.fr";"sbdbAdministrateur@brgm.fr";"2";;
"104457";"AQIAA0020471";;;"chambres et galeries";"carrière";"carriere";"Naudin_01";"abandon";"public";;;"centre cavité";"précis";"precis";"plan au 1/500";"10";"2009-05-06";"M.BORDONNE";"2009-06-02";"5";"393935.000000";"1983715.000000";;"393935";"1983715";"33466";;;"gironde@brgm.fr";"2009-12-09";"gironde@brgm.fr";"2009-01-01";"2011-08-22";"S.BesdeBerc@brgm.fr";"sbdbAdministrateur@brgm.fr";"2";;
"104881";"AQIAA0020472";;;"chambres et piliers";"carrière";"carriere";"Naudin_02";"abandon";"public";;;"centre cavité";"précis";"precis";"plan au 1/500";"10";"2009-05-06";"M.BORDONNE";"2009-06-02";"5";"393924.000000";"1983683.000000";;"393924";"1983683";"33466";;;"gironde@brgm.fr";"2009-12-09";"gironde@brgm.fr";"2009-01-01";"2011-08-22";"S.BesdeBerc@brgm.fr";"sbdbAdministrateur@brgm.fr";"2";;
"107379";"AQIAA0020473";;;"chambres et piliers";"carrière";"carriere";"Le_Grand_Lembert_01";"abandon";"public";;;"centre cavité";"précis";"precis";"plan au 1/500";"10";"2009-05-06";"M.BORDONNE";"2009-06-02";"5";"393734.000000";"1983594.000000";;"393734";"1983594";"33466";;;"gironde@brgm.fr";"2009-12-09";"gironde@brgm.fr";"2009-01-01";"2011-08-22";"S.BesdeBerc@brgm.fr";"sbdbAdministrateur@brgm.fr";"2";;
"104562";"AQIAA0020474";;;"chambres et piliers";"carrière";"carriere";"Labatut_01";"abandon";"public";;;"centre cavité";"précis";"precis";"plan au 1/500";"10";"2009-05-06";"M.BORDONNE";"2009-06-02";"5";"393770.000000";"1983555.000000";;"393770";"1983555";"33466";;;"gironde@brgm.fr";"2009-12-09";"gironde@brgm.fr";"2009-01-01";"2011-08-22";"S.BesdeBerc@brgm.fr";"sbdbAdministrateur@brgm.fr";"2";;
"106991";"AQIAA0020475";;;"chambres et galeries";"carrière";"carriere";"Labatut_02";"abandon";"public";;;"centre cavité";"précis";"precis";"plan au 1/500";"10";"2009-05-06";"M.BORDONNE";"2009-06-02";"5";"393724.000000";"1983533.000000";;"393724";"1983533";"33466";;;"gironde@brgm.fr";"2009-12-09";"gironde@brgm.fr";"2009-01-01";"2011-08-22";"S.BesdeBerc@brgm.fr";"sbdbAdministrateur@brgm.fr";"2";;
"107517";"AQIAA0020476";;;"chambres et galeries";"carrière";"carriere";"Le_Grand_Lembert_02";"abandon";"public";;;"centre cavité";"précis";"precis";"plan au 1/500";"10";"2009-05-06";"M.BORDONNE";"2009-06-02";"5";"393669.000000";"1983528.000000";;"393669";"1983528";"33466";;;"gironde@brgm.fr";"2009-12-09";"gironde@brgm.fr";"2009-01-01";"2011-08-22";"S.BesdeBerc@brgm.fr";"sbdbAdministrateur@brgm.fr";"2";;
"107778";"AQIAA0020477";;;"chambres et piliers";"carrière";"carriere";"Bariac_Peyrelebade";"abandon";"public";;;"centre cavité";"précis";"precis";"plan au 1/500";"10";"2009-05-06";"M.BORDONNE";"2009-06-02";"5";"393427.000000";"1982599.000000";;"393427";"1982599";"33466";;;"gironde@brgm.fr";"2009-12-09";"gironde@brgm.fr";"2009-01-01";"2011-08-22";"S.BesdeBerc@brgm.fr";"sbdbAdministrateur@brgm.fr";"2";;
"104716";"AQIAA0020478";;;"galeries filantes";"carrière";"carriere";"Le_Roc_02";"abandon";"public";;;"centre cavité";"précis";"precis";"plan au 1/500";"10";"2009-05-06";"M.BORDONNE";"2009-06-02";"5";"393707.000000";"1982305.000000";;"393707";"1982305";"33466";;;"gironde@brgm.fr";"2009-12-09";"gironde@brgm.fr";"2009-01-01";"2011-08-22";"S.BesdeBerc@brgm.fr";"sbdbAdministrateur@brgm.fr";"2";;
"2647";"AQIAA0020479";;;"galeries filantes";"carrière";"carriere";"Le_Peyrat_01";"abandon";"public";;;"centre cavité";"précis";"precis";"plan au 1/500";"10";"2009-05-06";"M.BORDONNE";"2009-06-02";"5";"393695.000000";"1982037.000000";;"393695";"1982037";"33466";;;"gironde@brgm.fr";"2009-12-09";"gironde@brgm.fr";"2009-01-01";"2011-08-22";"S.BesdeBerc@brgm.fr";"sbdbAdministrateur@brgm.fr";"2";;
"104555";"AQIAA0020480";;;"chambres et piliers";"carrière";"carriere";"Le_Peyrat_02";"abandon";"public";;;"centre cavité";"précis";"precis";"plan au 1/500";"10";"2009-05-06";"M.BORDONNE";"2009-06-02";"5";"393689.000000";"1981871.000000";;"393689";"1981871";"33466";;;"gironde@brgm.fr";"2009-12-09";"gironde@brgm.fr";"2009-01-01";"2011-08-22";"S.BesdeBerc@brgm.fr";"sbdbAdministrateur@brgm.fr";"2";;
"104702";"AQIAA0020481";;;"chambres et piliers";"carrière";"carriere";"Le_Peyrat_03";"abandon";"public";;;"centre cavité";"précis";"precis";"plan au 1/500";"10";"2009-05-06";"M.BORDONNE";"2009-06-02";"5";"393665.000000";"1981800.000000";;"393665";"1981800";"33466";;;"gironde@brgm.fr";"2009-12-09";"gironde@brgm.fr";"2009-01-01";"2011-08-22";"S.BesdeBerc@brgm.fr";"sbdbAdministrateur@brgm.fr";"2";;
"107704";"AQIAA0020482";;;"galeries filantes";"carrière";"carriere";"Le_Peyrat_04";"abandon";"public";;;"centre cavité";"précis";"precis";"plan au 1/500";"10";"2009-05-06";"M.BORDONNE";"2009-06-02";"5";"393617.000000";"1981760.000000";;"393617";"1981760";"33466";;;"gironde@brgm.fr";"2009-12-09";"gironde@brgm.fr";"2009-01-01";"2011-08-22";"S.BesdeBerc@brgm.fr";"sbdbAdministrateur@brgm.fr";"2";;
"106757";"AQIAA0020483";;;"galeries filantes";"carrière";"carriere";"Le_Peyrat_05";"abandon";"public";;;"centre cavité";"précis";"precis";"plan au 1/500";"10";"2009-05-06";"M.BORDONNE";"2009-06-02";"5";"393581.000000";"1981750.000000";;"393581";"1981750";"33466";;;"gironde@brgm.fr";"2009-12-09";"gironde@brgm.fr";"2009-01-01";"2011-08-22";"S.BesdeBerc@brgm.fr";"sbdbAdministrateur@brgm.fr";"2";;
"107332";"AQIAA0020484";;;"chambres et galeries";"carrière";"carriere";"Le_Peyrat_06";"abandon";"public";;;"centre cavité";"précis";"precis";"plan au 1/500";"10";"2009-05-06";"M.BORDONNE";"2009-06-02";"5";"393516.000000";"1981742.000000";;"393516";"1981742";"33466";;;"gironde@brgm.fr";"2009-12-09";"gironde@brgm.fr";"2009-01-01";"2011-08-22";"S.BesdeBerc@brgm.fr";"sbdbAdministrateur@brgm.fr";"2";;
"107525";"AQIAA0020485";;;"chambres et piliers";"carrière";"carriere";"Le_Bourcey";"abandon";"public";;;"centre cavité";"précis";"precis";"plan au 1/500";"10";"2009-05-26";"M.BORDONNE";"2009-06-02";"5";"392672.000000";"1984403.000000";;"392672";"1984403";"33466";;;"gironde@brgm.fr";"2009-12-09";"gironde@brgm.fr";"2009-01-01";"2011-08-22";"S.BesdeBerc@brgm.fr";"sbdbAdministrateur@brgm.fr";"2";;
"104955";"AQIAA0020486";;;"galeries filantes";"carrière";"carriere";"Garineaud";"abandon";"public";;;"centre cavité";"précis";"precis";"plan au 1/500";"10";"2009-06-02";"M.BORDONNE";"2009-10-07";"5";"402576.000000";"1973534.000000";;"402576";"1973534";"33175";;;"gironde@brgm.fr";"2009-12-09";"gironde@brgm.fr";"2009-01-01";"2011-08-22";"S.BesdeBerc@brgm.fr";"sbdbAdministrateur@brgm.fr";"2";;
"104471";"AQIAA0020487";;;"galeries filantes";"carrière";"carriere";"Gréteau";"abandon";"public";;;"centre cavité";"précis";"precis";"plan au 1/500";"10";"2009-06-03";"M.BORDONNE";"2009-06-04";"5";"385374.000000";"1974920.000000";;"385374";"1974920";"33201";;;"gironde@brgm.fr";"2009-12-09";"gironde@brgm.fr";"2009-01-01";"2011-08-22";"S.BesdeBerc@brgm.fr";"sbdbAdministrateur@brgm.fr";"2";;
"104611";"AQIAA0020488";;;"chambres et galeries";"carrière";"carriere";"Lamothe_01";"abandon";"public";;;"centre cavité";"précis";"precis";"plan au 1/500";"10";"2009-06-03";"M.BORDONNE";"2009-06-04";"5";"384855.000000";"1974264.000000";;"384855";"1974264";"33201";;;"gironde@brgm.fr";"2009-12-09";"gironde@brgm.fr";"2009-01-01";"2011-08-22";"S.BesdeBerc@brgm.fr";"sbdbAdministrateur@brgm.fr";"2";;
"107417";"AQIAA0020489";;;"galeries filantes";"carrière";"carriere";"Lamothe_02";"abandon";"public";;;"centre cavité";"précis";"precis";"plan au 1/500";"10";"2009-06-03";"M.BORDONNE";"2009-06-04";"5";"384956.000000";"1974237.000000";;"384956";"1974237";"33201";;;"gironde@brgm.fr";"2009-12-09";"gironde@brgm.fr";"2009-01-01";"2011-08-22";"S.BesdeBerc@brgm.fr";"sbdbAdministrateur@brgm.fr";"2";;
"104245";"AQIAA0020490";;;"galeries filantes";"carrière";"carriere";"Moustous";"abandon";"public";;;"centre cavité";"précis";"precis";"plan au 1/500";"10";"2009-06-03";"M.BORDONNE";"2009-06-04";"5";"384644.000000";"1974084.000000";;"384644";"1974084";"33201";;;"gironde@brgm.fr";"2009-12-09";"gironde@brgm.fr";"2009-01-01";"2011-08-22";"S.BesdeBerc@brgm.fr";"sbdbAdministrateur@brgm.fr";"2";;
"105545";"AQIAA0020491";;;"chambres et piliers";"carrière";"carriere";"Lamothe_03";"abandon";"public";;;"centre cavité";"précis";"precis";"plan au 1/500";"10";"2009-06-03";"M.BORDONNE";"2009-06-04";"5";"384927.000000";"1974117.000000";;"384927";"1974117";"33201";;;"gironde@brgm.fr";"2009-12-09";"gironde@brgm.fr";"2009-01-01";"2011-08-22";"S.BesdeBerc@brgm.fr";"sbdbAdministrateur@brgm.fr";"2";;
"107545";"AQIAA0020492";;;"galeries filantes";"carrière";"carriere";"Lamothe_04";"abandon";"public";;;"centre cavité";"précis";"precis";"plan au 1/500";"10";"2009-06-03";"M.BORDONNE";"2009-06-04";"5";"384885.000000";"1973975.000000";;"384885";"1973975";"33201";;;"gironde@brgm.fr";"2009-12-09";"gironde@brgm.fr";"2009-01-01";"2011-08-22";"S.BesdeBerc@brgm.fr";"sbdbAdministrateur@brgm.fr";"2";;
"107139";"AQIAA0020493";;;"galeries filantes";"carrière";"carriere";"Lamothe_05";"abandon";"public";;;"centre cavité";"précis";"precis";"plan au 1/500";"10";"2009-06-03";"M.BORDONNE";"2009-06-04";"5";"384958.000000";"1973955.000000";;"384958";"1973955";"33201";;;"gironde@brgm.fr";"2009-12-09";"gironde@brgm.fr";"2009-01-01";"2011-08-22";"S.BesdeBerc@brgm.fr";"sbdbAdministrateur@brgm.fr";"2";;
"104757";"AQIAA0020494";;;"chambres et piliers";"carrière";"carriere";"Lamothe_06";"abandon";"public";;;"centre cavité";"précis";"precis";"plan au 1/500";"10";"2009-06-03";"M.BORDONNE";"2009-06-04";"5";"384962.000000";"1973971.000000";;"384962";"1973971";"33201";;;"gironde@brgm.fr";"2009-12-09";"gironde@brgm.fr";"2009-01-01";"2011-08-22";"S.BesdeBerc@brgm.fr";"sbdbAdministrateur@brgm.fr";"2";;
"104685";"AQIAA0020495";;;"galeries filantes";"carrière";"carriere";"Lamothe_07";"abandon";"public";;;"centre cavité";"précis";"precis";"plan au 1/500";"10";"2009-06-03";"M.BORDONNE";"2009-06-04";"5";"385116.000000";"1973949.000000";;"385116";"1973949";"33201";;;"gironde@brgm.fr";"2009-12-09";"gironde@brgm.fr";"2009-01-01";"2011-08-22";"S.BesdeBerc@brgm.fr";"sbdbAdministrateur@brgm.fr";"2";;
"104339";"AQIAA0020496";;;"chambres et piliers";"carrière";"carriere";"Les_Tuileries_01";"abandon";"public";;;"centre cavité";"précis";"precis";"plan au 1/500";"10";"2009-06-03";"M.BORDONNE";"2009-06-04";"5";"384980.000000";"1973856.000000";;"384980";"1973856";"33201";;;"gironde@brgm.fr";"2009-12-09";"gironde@brgm.fr";"2009-01-01";"2011-08-22";"S.BesdeBerc@brgm.fr";"sbdbAdministrateur@brgm.fr";"2";;
"104409";"AQIAA0020497";;;"chambres et piliers";"carrière";"carriere";"Le_Grava";"abandon";"public";;;"centre cavité";"précis";"precis";"plan au 1/500";"10";"2009-06-03";"M.BORDONNE";"2009-06-04";"5";"384241.000000";"1973768.000000";;"384241";"1973768";"33201";;;"gironde@brgm.fr";"2009-12-09";"gironde@brgm.fr";"2009-01-01";"2011-08-22";"S.BesdeBerc@brgm.fr";"sbdbAdministrateur@brgm.fr";"2";;
"107446";"AQIAA0020498";;;"chambres et piliers";"carrière";"carriere";"Les_Tuileries_02";"abandon";"public";;;"centre cavité";"précis";"precis";"plan au 1/500";"10";"2009-06-03";"M.BORDONNE";"2009-06-04";"5";"384871.000000";"1973616.000000";;"384871";"1973616";"33201";;;"gironde@brgm.fr";"2009-12-09";"gironde@brgm.fr";"2009-01-01";"2011-08-22";"S.BesdeBerc@brgm.fr";"sbdbAdministrateur@brgm.fr";"2";;
"107568";"AQIAA0020499";;;"chambres et piliers";"carrière";"carriere";"Courcouyac_01";"abandon";"public";;;"centre cavité";"précis";"precis";"plan au 1/500";"10";"2009-06-03";"M.BORDONNE";"2009-06-04";"5";"384470.000000";"1973028.000000";;"384470";"1973028";"33201";;;"gironde@brgm.fr";"2009-12-09";"gironde@brgm.fr";"2009-01-01";"2011-08-22";"S.BesdeBerc@brgm.fr";"sbdbAdministrateur@brgm.fr";"2";;
"107355";"AQIAA0020500";;;"chambres et piliers";"carrière";"carriere";"Courcouyac_02";"abandon";"public";;;"centre cavité";"précis";"precis";"plan au 1/500";"10";"2009-06-03";"M.BORDONNE";"2009-06-04";"5";"384541.000000";"1972889.000000";;"384541";"1972889";"33201";;;"gironde@brgm.fr";"2009-12-09";"gironde@brgm.fr";"2009-01-01";"2011-08-22";"S.BesdeBerc@brgm.fr";"sbdbAdministrateur@brgm.fr";"2";;
"107349";"AQIAA0020501";;;"salle";"cave";"cave";"Coucouyac_03";"abandon";"public";;;"centre cavité";"précis";"precis";"plan au 1/500";"10";"2009-06-03";"M.BORDONNE";"2009-06-04";"5";"384500.000000";"1972660.000000";;"384500";"1972660";"33201";;;"gironde@brgm.fr";"2009-12-09";"gironde@brgm.fr";"2009-01-01";"2011-08-22";"S.BesdeBerc@brgm.fr";"sbdbAdministrateur@brgm.fr";"2";;
"108112";"AQIAA0020502";;;"chambres et piliers";"carrière";"carriere";"Courcouyac_04";"abandon";"public";;;"centre cavité";"précis";"precis";"plan au 1/500";"10";"2009-06-03";"M.BORDONNE";"2009-06-04";"5";"384575.000000";"1972720.000000";;"384575";"1972720";"33201";;;"gironde@brgm.fr";"2009-12-09";"gironde@brgm.fr";"2009-01-01";"2011-08-22";"S.BesdeBerc@brgm.fr";"sbdbAdministrateur@brgm.fr";"2";;
"2549";"AQIAA0020503";;;"chambres et piliers";"carrière";"carriere";"Courcouyac_08";"abandon";"public";;;"centre cavité";"précis";"precis";"plan au 1/500";"10";"2009-06-03";"M.BORDONNE";"2009-06-04";"5";"384712.000000";"1972685.000000";;"384712";"1972685";"33201";;;"gironde@brgm.fr";"2009-12-09";"gironde@brgm.fr";"2009-01-01";"2011-08-22";"S.BesdeBerc@brgm.fr";"sbdbAdministrateur@brgm.fr";"2";;
"107465";"AQIAA0020504";;;"galeries filantes";"carrière";"carriere";"La_Clotte_01";"abandon";"public";;;"centre cavité";"précis";"precis";"plan au 1/500";"10";"2009-06-03";"M.BORDONNE";"2009-06-04";"5";"384839.000000";"1972730.000000";;"384839";"1972730";"33201";;;"gironde@brgm.fr";"2009-12-09";"gironde@brgm.fr";"2009-01-01";"2011-08-22";"S.BesdeBerc@brgm.fr";"sbdbAdministrateur@brgm.fr";"2";;
"107980";"AQIAA0020505";;;"chambres et galeries";"carrière";"carriere";"La_Clotte_02";"abandon";"public";;;"centre cavité";"précis";"precis";"plan au 1/500";"10";"2009-06-03";"M.BORDONNE";"2009-06-04";"5";"384843.000000";"1972709.000000";;"384843";"1972709";"33201";;;"gironde@brgm.fr";"2009-12-09";"gironde@brgm.fr";"2009-01-01";"2011-08-22";"S.BesdeBerc@brgm.fr";"sbdbAdministrateur@brgm.fr";"2";;
"104698";"AQIAA0020506";;;"chambres et piliers";"carrière";"carriere";"La_Gorce_La_Clotte_03";"abandon";"public";;;"centre cavité";"précis";"precis";"plan au 1/500";"10";"2009-06-03";"M.BORDONNE";"2009-06-04";"5";"385122.000000";"1972872.000000";;"385122";"1972872";"33201";;;"gironde@brgm.fr";"2009-12-09";"gironde@brgm.fr";"2009-01-01";"2011-08-22";"S.BesdeBerc@brgm.fr";"sbdbAdministrateur@brgm.fr";"2";;
"108116";"AQIAA0020507";;;"chambres et piliers";"carrière";"carriere";"Moulin_de_Barbot_01";"abandon";"public";;;"centre cavité";"précis";"precis";"plan au 1/500";"10";"2009-06-03";"M.BORDONNE";"2009-06-04";"5";"385744.000000";"1972550.000000";;"385744";"1972550";"33201";;;"gironde@brgm.fr";"2009-12-09";"gironde@brgm.fr";"2009-01-01";"2011-08-22";"S.BesdeBerc@brgm.fr";"sbdbAdministrateur@brgm.fr";"2";;
"2622";"AQIAA0020508";;;"galeries filantes";"carrière";"carriere";"Moulin_de_Barbot_02";"abandon";"public";;;"centre cavité";"précis";"precis";"plan au 1/500";"10";"2009-06-03";"M.BORDONNE";"2009-06-04";"5";"385868.000000";"1972510.000000";;"385868";"1972510";"33201";;;"gironde@brgm.fr";"2009-12-09";"gironde@brgm.fr";"2009-01-01";"2011-08-22";"S.BesdeBerc@brgm.fr";"sbdbAdministrateur@brgm.fr";"2";;
"104552";"AQIAA0020509";;;"chambres et galeries";"carrière";"carriere";"Moulin_de_Barbot_03";"abandon";"public";;;"centre cavité";"précis";"precis";"plan au 1/500";"10";"2009-06-03";"M.BORDONNE";"2009-06-04";"5";"385964.000000";"1972529.000000";;"385964";"1972529";"33201";;;"gironde@brgm.fr";"2009-12-09";"gironde@brgm.fr";"2009-01-01";"2011-08-22";"S.BesdeBerc@brgm.fr";"sbdbAdministrateur@brgm.fr";"2";;
"104893";"AQIAA0020510";;;"galeries filantes";"carrière";"carriere";"Moulin_de_Barbot_04";"abandon";"public";;;"centre cavité";"précis";"precis";"plan au 1/500";"10";"2009-06-03";"M.BORDONNE";"2009-06-04";"5";"386150.000000";"1972518.000000";;"386150";"1972518";"33201";;;"gironde@brgm.fr";"2009-12-09";"gironde@brgm.fr";"2009-01-01";"2011-08-22";"S.BesdeBerc@brgm.fr";"sbdbAdministrateur@brgm.fr";"2";;
"106820";"AQIAA0020511";;;"chambres et piliers";"carrière";"carriere";"Laborie";"abandon";"public";;;"centre cavité";"précis";"precis";"plan au 1/500";"10";"2009-06-03";"M.BORDONNE";"2009-06-04";"5";"386669.000000";"1983048.000000";;"386669";"1983048";"33335";;;"gironde@brgm.fr";"2009-12-09";"gironde@brgm.fr";"2009-01-01";"2011-08-22";"S.BesdeBerc@brgm.fr";"sbdbAdministrateur@brgm.fr";"2";;
"106825";"AQIAA0020512";;;"galeries filantes";"carrière";"carriere";"Coquillac";"abandon";"public";;;"centre cavité";"précis";"precis";"plan au 1/500";"10";"2009-06-03";"M.BORDONNE";"2009-06-04";"5";"407392.000000";"1980347.000000";;"407392";"1980347";"33282";;;"gironde@brgm.fr";"2009-12-09";"gironde@brgm.fr";"2009-01-01";"2011-08-22";"S.BesdeBerc@brgm.fr";"sbdbAdministrateur@brgm.fr";"2";;
"104462";"AQIAA0020513";;;"chambres et galeries";"carrière";"carriere";"Le_Cluzeau";"abandon";"public";;;"centre cavité";"précis";"precis";"plan au 1/500";"10";"2009-06-03";"M.BORDONNE";"2009-06-04";"5";"407457.000000";"1980078.000000";;"407457";"1980078";"33282";;;"gironde@brgm.fr";"2009-12-09";"gironde@brgm.fr";"2009-01-01";"2011-08-22";"S.BesdeBerc@brgm.fr";"sbdbAdministrateur@brgm.fr";"2";;
"104519";"AQIAA0020514";;;"chambres et piliers";"carrière";"carriere";"Le_Bergey_01";"abandon";"public";;;"centre cavité";"précis";"precis";"plan au 1/500";"10";"2009-06-03";"M.BORDONNE";"2009-06-04";"5";"407545.000000";"1979985.000000";;"407545";"1979985";"33282";;;"gironde@brgm.fr";"2009-12-09";"gironde@brgm.fr";"2009-01-01";"2011-08-22";"S.BesdeBerc@brgm.fr";"sbdbAdministrateur@brgm.fr";"2";;
"104373";"AQIAA0020515";;;"galeries filantes";"carrière";"carriere";"Le_Bergey_02";"abandon";"public";;;"centre cavité";"précis";"precis";"plan au 1/500";"10";"2009-06-03";"M.BORDONNE";"2009-06-04";"5";"407562.000000";"1979795.000000";;"407562";"1979795";"33282";;;"gironde@brgm.fr";"2009-12-09";"gironde@brgm.fr";"2009-01-01";"2011-08-22";"S.BesdeBerc@brgm.fr";"sbdbAdministrateur@brgm.fr";"2";;
"104928";"AQIAA0020516";;;"chambres et galeries";"carrière";"carriere";"Le_Bergey_03";"abandon";"public";;;"centre cavité";"précis";"precis";"plan au 1/500";"10";"2009-06-03";"M.BORDONNE";"2009-06-04";"5";"407614.000000";"1979803.000000";;"407614";"1979803";"33282";;;"gironde@brgm.fr";"2009-12-09";"gironde@brgm.fr";"2009-01-01";"2011-08-22";"S.BesdeBerc@brgm.fr";"sbdbAdministrateur@brgm.fr";"2";;
"104870";"AQIAA0020517";;;"galeries filantes";"carrière";"carriere";"Le_Mayne_A_Gauty_01";"abandon";"public";;;"centre cavité";"précis";"precis";"plan au 1/500";"10";"2009-06-03";"M.BORDONNE";"2009-06-04";"5";"407133.000000";"1979425.000000";;"407133";"1979425";"33282";;;"gironde@brgm.fr";"2009-12-09";"gironde@brgm.fr";"2009-01-01";"2011-08-22";"S.BesdeBerc@brgm.fr";"sbdbAdministrateur@brgm.fr";"2";;
"104638";"AQIAA0020518";;;"chambres et piliers";"carrière";"carriere";"Le_Mayne_02";"abandon";"public";;;"centre cavité";"précis";"precis";"plan au 1/500";"10";"2009-06-03";"M.BORDONNE";"2009-06-04";"5";"407440.000000";"1979538.000000";;"407440";"1979538";"33282";;;"gironde@brgm.fr";"2009-12-09";"gironde@brgm.fr";"2009-01-01";"2011-08-22";"S.BesdeBerc@brgm.fr";"sbdbAdministrateur@brgm.fr";"2";;
"2636";"AQIAA0020519";;;"chambres et piliers";"carrière";"carriere";"La_Rocheraie";"abandon";"public";;;"centre cavité";"précis";"precis";"plan au 1/500";"10";"2009-06-03";"M.BORDONNE";"2009-06-04";"5";"407963.000000";"1979448.000000";;"407963";"1979448";"33282";;;"gironde@brgm.fr";"2009-12-09";"gironde@brgm.fr";"2009-01-01";"2011-08-22";"S.BesdeBerc@brgm.fr";"sbdbAdministrateur@brgm.fr";"2";;
"107357";"AQIAA0020520";;;"chambres et piliers";"carrière";"carriere";"Gratesaou";"abandon";"public";;;"centre cavité";"précis";"precis";"plan au 1/500";"10";"2009-06-03";"M.BORDONNE";"2009-06-04";"5";"407292.000000";"1978843.000000";;"407292";"1978843";"33282";;;"gironde@brgm.fr";"2009-12-09";"gironde@brgm.fr";"2009-01-01";"2011-08-22";"S.BesdeBerc@brgm.fr";"sbdbAdministrateur@brgm.fr";"2";;
"104885";"AQIAA0020521";;;"chambres et piliers";"carrière";"carriere";"Les_Rossignols";"abandon";"public";;;"centre cavité";"précis";"precis";"plan au 1/500";"10";"2009-06-03";"M.BORDONNE";"2009-06-04";"5";"417446.000000";"1955025.000000";;"417446";"1955025";"33287";;;"gironde@brgm.fr";"2009-12-09";"gironde@brgm.fr";"2009-01-01";"2011-08-22";"S.BesdeBerc@brgm.fr";"sbdbAdministrateur@brgm.fr";"2";;
"104595";"AQIAA0020522";;;"chambres et piliers";"carrière";"carriere";"Sauveta";"abandon";"public";;;"centre cavité";"précis";"precis";"plan au 1/500";"10";"2009-06-03";"M.BORDONNE";"2009-06-04";"5";"380622.000000";"1990542.000000";;"380622";"1990542";"33293";;;"gironde@brgm.fr";"2009-12-09";"gironde@brgm.fr";"2009-01-01";"2011-08-22";"S.BesdeBerc@brgm.fr";"sbdbAdministrateur@brgm.fr";"2";;
"107530";"AQIAA0020523";;;"chambres et galeries";"carrière";"carriere";"Les_Anguillères";"abandon";"public";;;"centre cavité";"précis";"precis";"plan au 1/500";"10";"2009-06-03";"M.BORDONNE";"2009-06-04";"5";"432944.000000";"1982197.000000";;"432944";"1982197";"33324";;;"gironde@brgm.fr";"2009-12-09";"gironde@brgm.fr";"2009-01-01";"2011-08-22";"S.BesdeBerc@brgm.fr";"sbdbAdministrateur@brgm.fr";"2";;
"107986";"AQIAA0020524";;;"chambres et galeries";"carrière";"carriere";"Jean_Dubos";"abandon";"public";;;"centre cavité";"précis";"precis";"plan au 1/500";"10";"2009-06-03";"M.BORDONNE";"2009-06-04";"5";"387938.000000";"1956051.000000";;"387938";"1956051";"33343";;;"gironde@brgm.fr";"2009-12-09";"gironde@brgm.fr";"2009-01-01";"2011-08-22";"S.BesdeBerc@brgm.fr";"sbdbAdministrateur@brgm.fr";"2";;
"104211";"AQIAA0020525";;;"chambres et piliers";"carrière";"carriere";"Colas";"abandon";"public";;;"centre cavité";"précis";"precis";"plan au 1/500";"10";"2009-06-03";"M.BORDONNE";"2009-06-04";"5";"387204.000000";"1955881.000000";;"387204";"1955881";"33343";;;"gironde@brgm.fr";"2009-12-09";"gironde@brgm.fr";"2009-01-01";"2011-08-22";"S.BesdeBerc@brgm.fr";"sbdbAdministrateur@brgm.fr";"2";;
"106891";"AQIAA0020526";;;"chambres et piliers";"carrière";"carriere";"Cap_de_Hé_01";"abandon";"public";;;"centre cavité";"précis";"precis";"plan au 1/500";"10";"2009-06-03";"M.BORDONNE";"2009-06-04";"5";"386061.000000";"1955134.000000";;"386061";"1955134";"33343";;;"gironde@brgm.fr";"2009-12-09";"gironde@brgm.fr";"2009-01-01";"2011-08-22";"S.BesdeBerc@brgm.fr";"sbdbAdministrateur@brgm.fr";"2";;
"118685";"AQIAA0020527";;;"galeries filantes";"carrière";"carriere";"Cap_de_Hé_02";"abandon";"public";;;"centre cavité";"précis";"precis";"plan au 1/500";"10";"2009-06-03";"M.BORDONNE";"2009-06-04";"5";"386172.000000";"1955075.000000";;"386172";"1955075";"33343";;;"gironde@brgm.fr";"2009-12-09";"gironde@brgm.fr";"2009-01-01";"2011-08-22";"S.BesdeBerc@brgm.fr";"sbdbAdministrateur@brgm.fr";"2";;
"104619";"AQIAA0020528";;;"chambres et piliers";"carrière";"carriere";"Tristan";"abandon";"public";;;"centre cavité";"précis";"precis";"plan au 1/500";"10";"2009-06-03";"M.BORDONNE";"2009-06-04";"5";"385831.000000";"1954214.000000";;"385831";"1954214";"33343";;;"gironde@brgm.fr";"2009-12-09";"gironde@brgm.fr";"2009-01-01";"2011-08-22";"S.BesdeBerc@brgm.fr";"sbdbAdministrateur@brgm.fr";"2";;
"104585";"AQIAA0020529";;;"chambres et piliers";"carrière";"carriere";"Girolatte";"abandon";"public";;;"centre cavité";"précis";"precis";"plan au 1/500";"10";"2009-06-03";"M.BORDONNE";"2009-06-12";"5";"400329.000000";"1980199.000000";;"400329";"1980199";"33301";;;"gironde@brgm.fr";"2009-12-09";"gironde@brgm.fr";"2009-01-01";"2011-08-22";"S.BesdeBerc@brgm.fr";"sbdbAdministrateur@brgm.fr";"2";;
"107773";"AQIAA0020530";;;"chambres et piliers";"carrière";"carriere";"Escambert_01";"abandon";"public";;;"centre cavité";"précis";"precis";"plan au 1/500";"10";"2009-06-03";"M.BORDONNE";"2009-06-12";"5";"401250.000000";"1980700.000000";;"401250";"1980700";"33301";;;"gironde@brgm.fr";"2009-12-09";"gironde@brgm.fr";"2009-01-01";"2011-08-22";"S.BesdeBerc@brgm.fr";"sbdbAdministrateur@brgm.fr";"2";;
"2876";"AQIAA0020531";;;"chambres et galeries";"carrière";"carriere";"Escambert_02";"abandon";"public";;;"centre cavité";"précis";"precis";"plan au 1/500";"10";"2009-06-03";"M.BORDONNE";"2009-06-12";"5";"401343.000000";"1980809.000000";;"401343";"1980809";"33301";;;"gironde@brgm.fr";"2009-12-09";"gironde@brgm.fr";"2009-01-01";"2011-08-22";"S.BesdeBerc@brgm.fr";"sbdbAdministrateur@brgm.fr";"2";;
"107852";"AQIAA0020532";;;"galeries filantes";"carrière";"carriere";"Escambert_03";"abandon";"public";;;"centre cavité";"précis";"precis";"plan au 1/500";"10";"2009-06-03";"M.BORDONNE";"2009-06-12";"5";"401411.000000";"1980801.000000";;"401411";"1980801";"33301";;;"gironde@brgm.fr";"2009-12-09";"gironde@brgm.fr";"2009-01-01";"2011-08-22";"S.BesdeBerc@brgm.fr";"sbdbAdministrateur@brgm.fr";"2";;
"735";"AQIAA0020533";;;"chambres et piliers";"carrière";"carriere";"Bellegarde";"abandon";"public";;;"centre cavité";"précis";"precis";"plan au 1/500";"10";"2009-06-03";"M.BORDONNE";"2009-06-12";"5";"401049.000000";"1978574.000000";;"401049";"1978574";"33301";;;"gironde@brgm.fr";"2009-12-09";"gironde@brgm.fr";"2009-01-01";"2011-08-22";"S.BesdeBerc@brgm.fr";"sbdbAdministrateur@brgm.fr";"2";;
"104961";"AQIAA0020534";;;"chambres et piliers";"carrière";"carriere";"Côte_de_Vincennes";"abandon";"public";;;"centre cavité";"précis";"precis";"plan au 1/500";"10";"2009-06-03";"M.BORDONNE";"2009-06-12";"5";"400316.000000";"1977795.000000";;"400316";"1977795";"33301";;;"gironde@brgm.fr";"2009-12-09";"gironde@brgm.fr";"2009-01-01";"2011-08-22";"S.BesdeBerc@brgm.fr";"sbdbAdministrateur@brgm.fr";"2";;
"104836";"AQIAA0020535";;;"galeries filantes";"carrière";"carriere";"Magnon";"abandon";"public";;;"centre cavité";"précis";"precis";"plan au 1/500";"10";"2009-06-03";"M.BORDONNE";"2009-06-12";"5";"400020.000000";"1977746.000000";;"400020";"1977746";"33301";;;"gironde@brgm.fr";"2009-12-09";"gironde@brgm.fr";"2009-01-01";"2011-08-22";"S.BesdeBerc@brgm.fr";"sbdbAdministrateur@brgm.fr";"2";;
"106989";"AQIAA0020536";;;"chambres et galeries";"carrière";"carriere";"Le_Roc_01";"abandon";"public";;;"centre cavité";"précis";"precis";"plan au 1/500";"10";"2009-06-04";"M.BORDONNE";"2009-06-04";"5";"393836.000000";"1982428.000000";;"393836";"1982428";"33466";;;"gironde@brgm.fr";"2009-12-09";"gironde@brgm.fr";"2009-01-01";"2011-08-22";"S.BesdeBerc@brgm.fr";"sbdbAdministrateur@brgm.fr";"2";;
"104522";"AQIAA0020537";;;"chambres et piliers";"carrière";"carriere";"Le_Prieur_03";"abandon";"public";;;"centre cavité";"précis";"precis";"plan au 1/500";"10";"2009-06-04";"M.BORDONNE";"2009-06-04";"5";"392152.000000";"1983625.000000";;"392152";"1983625";"33466";;;"gironde@brgm.fr";"2009-12-09";"gironde@brgm.fr";"2009-01-01";"2011-08-22";"S.BesdeBerc@brgm.fr";"sbdbAdministrateur@brgm.fr";"2";;
"104268";"AQIAA0020538";;;"chambres et galeries";"carrière";"carriere";"Courcouyac_05";"abandon";"public";;;"centre cavité";"précis";"precis";"plan au 1/500";"10";"2009-06-04";"M.BORDONNE";"2009-06-04";"5";"384525.000000";"1972638.000000";;"384525";"1972638";"33201";;;"gironde@brgm.fr";"2009-12-09";"gironde@brgm.fr";"2009-01-01";"2011-08-22";"S.BesdeBerc@brgm.fr";"sbdbAdministrateur@brgm.fr";"2";;
"2824";"AQIAA0020539";;;"chambres et galeries";"carrière";"carriere";"Courcouyac_06";"abandon";"public";;;"centre cavité";"précis";"precis";"plan au 1/500";"10";"2009-06-04";"M.BORDONNE";"2009-06-04";"5";"384531.000000";"1972637.000000";;"384531";"1972637";"33201";;;"gironde@brgm.fr";"2009-12-09";"gironde@brgm.fr";"2009-01-01";"2011-08-22";"S.BesdeBerc@brgm.fr";"sbdbAdministrateur@brgm.fr";"2";;
"107594";"AQIAA0020540";;;"chambres et galeries";"carrière";"carriere";"Courcouyac_07";"abandon";"public";;;"centre cavité";"précis";"precis";"plan au 1/500";"10";"2009-06-04";"M.BORDONNE";"2009-06-04";"5";"384509.000000";"1972775.000000";;"384509";"1972775";"33201";;;"gironde@brgm.fr";"2009-12-09";"gironde@brgm.fr";"2009-01-01";"2011-08-22";"S.BesdeBerc@brgm.fr";"sbdbAdministrateur@brgm.fr";"2";;
"107625";"AQIAA0020541";;;"chambres et piliers";"carrière";"carriere";"Papetout_01";"abandon";"public";;;"centre cavité";"précis";"precis";"plan au 1/500";"10";"2009-06-09";"M.BORDONNE";"2009-06-12";"5";"396130.000000";"1985095.000000";;"396130";"1985095";"33298";;;"gironde@brgm.fr";"2009-12-09";"gironde@brgm.fr";"2009-01-01";"2011-08-22";"S.BesdeBerc@brgm.fr";"sbdbAdministrateur@brgm.fr";"2";;
"104302";"AQIAA0020542";;;"chambres et galeries";"carrière";"carriere";"Papetout_02";"abandon";"public";;;"centre cavité";"précis";"precis";"plan au 1/500";"10";"2009-06-09";"M.BORDONNE";"2009-06-12";"5";"396170.000000";"1985097.000000";;"396170";"1985097";"33298";;;"gironde@brgm.fr";"2009-12-09";"gironde@brgm.fr";"2009-01-01";"2011-08-22";"S.BesdeBerc@brgm.fr";"sbdbAdministrateur@brgm.fr";"2";;
"104642";"AQIAA0020543";;;"chambres et galeries";"carrière";"carriere";"Papetout_03";"abandon";"public";;;"centre cavité";"précis";"precis";"plan au 1/500";"10";"2009-06-09";"M.BORDONNE";"2009-06-12";"5";"396163.000000";"1985086.000000";;"396163";"1985086";"33298";;;"gironde@brgm.fr";"2009-12-09";"gironde@brgm.fr";"2009-01-01";"2011-08-22";"S.BesdeBerc@brgm.fr";"sbdbAdministrateur@brgm.fr";"2";;
"104889";"AQIAA0020544";;;"chambres et galeries";"carrière";"carriere";"Papetout_04";"abandon";"public";;;"centre cavité";"précis";"precis";"plan au 1/500";"10";"2009-06-09";"M.BORDONNE";"2009-06-15";"5";"396165.000000";"1985074.000000";;"396165";"1985074";"33298";;;"gironde@brgm.fr";"2009-12-09";"gironde@brgm.fr";"2009-01-01";"2011-08-22";"S.BesdeBerc@brgm.fr";"sbdbAdministrateur@brgm.fr";"2";;
"104206";"AQIAA0020545";;;"chambres et galeries";"carrière";"carriere";"Papetout_05";"abandon";"public";;;"centre cavité";"précis";"precis";"plan au 1/500";"10";"2009-06-09";"M.BORDONNE";"2009-06-12";"5";"396172.000000";"1985065.000000";;"396172";"1985065";"33298";;;"gironde@brgm.fr";"2009-12-09";"gironde@brgm.fr";"2009-01-01";"2011-08-22";"S.BesdeBerc@brgm.fr";"sbdbAdministrateur@brgm.fr";"2";;
"104951";"AQIAA0020546";;;"chambres et galeries";"carrière";"carriere";"Papetout_06";"abandon";"public";;;"centre cavité";"précis";"precis";"plan au 1/500";"10";"2009-06-09";"M.BORDONNE";"2009-06-12";"5";"396186.000000";"1985064.000000";;"396186";"1985064";"33298";;;"gironde@brgm.fr";"2009-12-09";"gironde@brgm.fr";"2009-01-01";"2011-08-22";"S.BesdeBerc@brgm.fr";"sbdbAdministrateur@brgm.fr";"2";;
"106938";"AQIAA0020547";;;"chambres et galeries";"carrière";"carriere";"Papetout_07";"abandon";"public";;;"centre cavité";"précis";"precis";"plan au 1/500";"10";"2009-06-09";"M.BORDONNE";"2009-06-12";"5";"396198.000000";"1985058.000000";;"396198";"1985058";"33298";;;"gironde@brgm.fr";"2009-12-09";"gironde@brgm.fr";"2009-01-01";"2011-08-22";"S.BesdeBerc@brgm.fr";"sbdbAdministrateur@brgm.fr";"2";;
"104587";"AQIAA0020548";;;"galeries filantes";"carrière";"carriere";"Papetout_08";"abandon";"public";;;"centre cavité";"précis";"precis";"plan au 1/500";"10";"2009-06-09";"M.BORDONNE";"2009-06-12";"5";"396207.000000";"1985057.000000";;"396207";"1985057";"33298";;;"gironde@brgm.fr";"2009-12-09";"gironde@brgm.fr";"2009-01-01";"2011-08-22";"S.BesdeBerc@brgm.fr";"sbdbAdministrateur@brgm.fr";"2";;
"108184";"AQIAA0020549";;;"chambres et piliers";"carrière";"carriere";"Papetout_09";"abandon";"public";;;"centre cavité";"précis";"precis";"plan au 1/500";"10";"2009-06-09";"M.BORDONNE";"2009-06-12";"5";"396229.000000";"1985040.000000";;"396229";"1985040";"33298";;;"gironde@brgm.fr";"2009-12-09";"gironde@brgm.fr";"2009-01-01";"2011-08-22";"S.BesdeBerc@brgm.fr";"sbdbAdministrateur@brgm.fr";"2";;
"104615";"AQIAA0020550";;;"chambres et piliers";"carrière";"carriere";"Jacquet";"abandon";"public";;;"centre cavité";"précis";"precis";"plan au 1/500";"10";"2009-06-09";"M.BORDONNE";"2009-06-12";"5";"397160.000000";"1984490.000000";;"397160";"1984490";"33298";;;"gironde@brgm.fr";"2009-12-09";"gironde@brgm.fr";"2009-01-01";"2011-08-22";"S.BesdeBerc@brgm.fr";"sbdbAdministrateur@brgm.fr";"2";;
"104608";"AQIAA0020551";;;"chambres et galeries";"carrière";"carriere";"Grande_Grave";"abandon";"public";;;"centre cavité";"précis";"precis";"plan au 1/500";"10";"2009-06-09";"M.BORDONNE";"2009-06-12";"5";"397275.000000";"1984575.000000";;"397275";"1984575";"33298";;;"gironde@brgm.fr";"2009-12-09";"gironde@brgm.fr";"2009-01-01";"2011-08-22";"S.BesdeBerc@brgm.fr";"sbdbAdministrateur@brgm.fr";"2";;
"108180";"AQIAA0020552";;;"chambres et piliers";"carrière";"carriere";"Mahon";"abandon";"public";;;"centre cavité";"précis";"precis";"plan au 1/500";"10";"2009-06-09";"M.BORDONNE";"2009-06-12";"5";"387821.000000";"1955604.000000";;"387821";"1955604";"33337";;;"gironde@brgm.fr";"2009-12-09";"gironde@brgm.fr";"2009-01-01";"2011-08-22";"S.BesdeBerc@brgm.fr";"sbdbAdministrateur@brgm.fr";"2";;
"108178";"AQIAA0020553";;;"salle";"cave";"cave";"Bataney_01";"abandon";"public";;;"centre cavité";"précis";"precis";"plan au 1/500";"10";"2009-06-09";"M.BORDONNE";"2009-06-12";"5";"388329.000000";"1955674.000000";;"388329";"1955674";"33337";;;"gironde@brgm.fr";"2009-12-09";"gironde@brgm.fr";"2009-01-01";"2011-08-22";"S.BesdeBerc@brgm.fr";"sbdbAdministrateur@brgm.fr";"2";;
"107382";"AQIAA0020554";;;"galeries filantes";"carrière";"carriere";"Bataney_02";"abandon";"public";;;"centre cavité";"précis";"precis";"plan au 1/500";"10";"2009-06-09";"M.BORDONNE";"2009-06-12";"5";"388325.000000";"1955656.000000";;"388325";"1955656";"33337";;;"gironde@brgm.fr";"2009-12-09";"gironde@brgm.fr";"2009-01-01";"2011-08-22";"S.BesdeBerc@brgm.fr";"sbdbAdministrateur@brgm.fr";"2";;
"104655";"AQIAA0020555";;;"galeries filantes";"carrière";"carriere";"Lamotte";"abandon";"public";;;"centre cavité";"précis";"precis";"plan au 1/500";"10";"2009-06-09";"M.BORDONNE";"2009-06-12";"5";"388696.000000";"1955988.000000";;"388696";"1955988";"33337";;;"gironde@brgm.fr";"2009-12-09";"gironde@brgm.fr";"2009-01-01";"2011-08-22";"S.BesdeBerc@brgm.fr";"sbdbAdministrateur@brgm.fr";"2";;
"107410";"AQIAA0020556";;;"chambres et galeries";"carrière";"carriere";"Sahuc_04";"abandon";"public";;;"centre cavité";"précis";"precis";"plan au 1/500";"10";"2009-06-09";"M.BORDONNE";"2009-06-12";"5";"389116.000000";"1956337.000000";;"389116";"1956337";"33337";;;"gironde@brgm.fr";"2009-12-09";"gironde@brgm.fr";"2009-01-01";"2011-08-22";"S.BesdeBerc@brgm.fr";"sbdbAdministrateur@brgm.fr";"2";;
"107566";"AQIAA0020557";;;"chambres et galeries";"carrière";"carriere";"Sahuc_03";"abandon";"public";;;"centre cavité";"précis";"precis";"plan au 1/500";"10";"2009-06-09";"M.BORDONNE";"2009-06-12";"5";"389109.000000";"1956293.000000";;"389109";"1956293";"33337";;;"gironde@brgm.fr";"2009-12-09";"gironde@brgm.fr";"2009-01-01";"2011-08-22";"S.BesdeBerc@brgm.fr";"sbdbAdministrateur@brgm.fr";"2";;
"107408";"AQIAA0020558";;;"chambres et galeries";"carrière";"carriere";"Sahuc_02";"abandon";"public";;;"centre cavité";"précis";"precis";"plan au 1/500";"10";"2009-06-09";"M.BORDONNE";"2009-06-12";"5";"389105.000000";"1956278.000000";;"389105";"1956278";"33337";;;"gironde@brgm.fr";"2009-12-09";"gironde@brgm.fr";"2009-01-01";"2011-08-22";"S.BesdeBerc@brgm.fr";"sbdbAdministrateur@brgm.fr";"2";;
"106931";"AQIAA0020559";;;"galeries filantes";"carrière";"carriere";"Sahuc_01";"abandon";"public";;;"centre cavité";"précis";"precis";"plan au 1/500";"10";"2009-06-09";"M.BORDONNE";"2009-06-12";"5";"388970.000000";"1956068.000000";;"388970";"1956068";"33337";;;"gironde@brgm.fr";"2009-12-09";"gironde@brgm.fr";"2009-01-01";"2011-08-22";"S.BesdeBerc@brgm.fr";"sbdbAdministrateur@brgm.fr";"2";;
"107411";"AQIAA0020560";;;"galeries filantes";"carrière";"carriere";"Sahuc_05";"abandon";"public";;;"centre cavité";"précis";"precis";"plan au 1/500";"10";"2009-06-09";"M.BORDONNE";"2011-07-27";"5";"389194.000000";"1956033.000000";"16";"389194";"1956033";"33337";"Fiches BDMVT n°203 00219 et 633 00291Cavité partiellement effondrée et remblayée2 evenements connus :- 13/06/1988 à Sahuc au niveau du pont sur l'autoroute (WGS84 ; X = -0,31631° ; Y = 44,57360°) - Sans dommages- 02/08/1989 à Pick (WGS84 ; X = -0,31590° ; Y = 44,57237°) - Dommages repertoriés mais non précisés";;"gironde@brgm.fr";"2009-12-09";"gironde@brgm.fr";"2009-01-01";"2011-08-22";"S.BesdeBerc@brgm.fr";"sbdbAdministrateur@brgm.fr";"2";;
"107687";"AQIAA0020561";;;"galeries filantes";"carrière";"carriere";"Ronce";"abandon";"public";;;"centre cavité";"précis";"precis";"plan au 1/500";"10";"2009-06-09";"M.BORDONNE";"2009-06-12";"5";"390980.000000";"1956355.000000";;"390980";"1956355";"33337";;;"gironde@brgm.fr";"2009-12-09";"gironde@brgm.fr";"2009-01-01";"2011-08-22";"S.BesdeBerc@brgm.fr";"sbdbAdministrateur@brgm.fr";"2";;
"107700";"AQIAA0020562";;;"chambres et piliers";"carrière";"carriere";"Le_Bourg_01";"abandon";"public";;;"centre cavité";"précis";"precis";"plan au 1/500";"10";"2009-06-15";"M.BORDONNE";"2009-06-18";"5";"385809.000000";"2005361.000000";;"385809";"2005361";"33495";;;"gironde@brgm.fr";"2009-12-09";"gironde@brgm.fr";"2009-01-01";"2011-08-22";"S.BesdeBerc@brgm.fr";"sbdbAdministrateur@brgm.fr";"2";;
"106824";"AQIAA0020563";;;"chambres et piliers";"carrière";"carriere";"Le_Bourg_02";"abandon";"public";;;"centre cavité";"précis";"precis";"plan au 1/500";"10";"2009-06-15";"M.BORDONNE";"2009-06-18";"5";"385824.000000";"2005316.000000";;"385824";"2005316";"33495";;;"gironde@brgm.fr";"2009-12-09";"gironde@brgm.fr";"2009-01-01";"2011-08-22";"S.BesdeBerc@brgm.fr";"sbdbAdministrateur@brgm.fr";"2";;
"106898";"AQIAA0020564";;;"chambres et piliers";"carrière";"carriere";"Tarreyrots_Louima";"abandon";"public";;;"centre cavité";"précis";"precis";"plan au 1/500";"10";"2009-06-15";"M.BORDONNE";"2009-06-18";"5";"387183.000000";"2003819.000000";;"387183";"2003819";"33495";;;"gironde@brgm.fr";"2009-12-09";"gironde@brgm.fr";"2009-01-01";"2011-08-22";"S.BesdeBerc@brgm.fr";"sbdbAdministrateur@brgm.fr";"2";;
"104258";"AQIAA0020565";;;"galeries filantes";"carrière";"carriere";"Le_Petit_Cos";"abandon";"public";;;"centre cavité";"précis";"precis";"plan au 1/500";"10";"2009-06-15";"M.BORDONNE";"2009-06-18";"5";"383835.000000";"1984702.000000";;"383835";"1984702";"33496";;;"gironde@brgm.fr";"2009-12-09";"gironde@brgm.fr";"2009-01-01";"2011-08-22";"S.BesdeBerc@brgm.fr";"sbdbAdministrateur@brgm.fr";"2";;
"106774";"AQIAA0020566";;;"chambres et piliers";"carrière";"carriere";"Mizan_01";"abandon";"public";;;"centre cavité";"précis";"precis";"plan au 1/500";"10";"2009-06-15";"M.BORDONNE";"2009-10-07";"5";"408273.000000";"1967345.000000";;"408273";"1967345";"33506";;;"gironde@brgm.fr";"2009-12-09";"gironde@brgm.fr";"2009-01-01";"2011-08-22";"S.BesdeBerc@brgm.fr";"sbdbAdministrateur@brgm.fr";"2";;
"2657";"AQIAA0020567";;;"chambres et galeries";"carrière";"carriere";"Bédat_01";"abandon";"public";;;"centre cavité";"précis";"precis";"plan au 1/500";"10";"2009-06-15";"M.BORDONNE";"2009-06-18";"5";"402268.000000";"1982156.000000";;"402268";"1982156";"33375";;;"gironde@brgm.fr";"2009-12-09";"gironde@brgm.fr";"2009-01-01";"2011-08-22";"S.BesdeBerc@brgm.fr";"sbdbAdministrateur@brgm.fr";"2";;
"104478";"AQIAA0020568";;;"chambres et piliers";"carrière";"carriere";"Bédat_02";"abandon";"public";;;"centre cavité";"précis";"precis";"plan au 1/500";"10";"2009-06-15";"M.BORDONNE";"2009-06-18";"5";"402268.000000";"1982083.000000";;"402268";"1982083";"33375";;;"gironde@brgm.fr";"2009-12-09";"gironde@brgm.fr";"2009-01-01";"2011-08-22";"S.BesdeBerc@brgm.fr";"sbdbAdministrateur@brgm.fr";"2";;
"104672";"AQIAA0020569";;;"chambres et piliers";"carrière";"carriere";"Jappe_Loup";"abandon";"public";;;"centre cavité";"précis";"precis";"plan au 1/500";"10";"2009-06-15";"M.BORDONNE";"2009-06-18";"5";"408095.000000";"1990436.000000";;"408095";"1990436";"33396";;;"gironde@brgm.fr";"2009-12-09";"gironde@brgm.fr";"2009-01-01";"2011-08-22";"S.BesdeBerc@brgm.fr";"sbdbAdministrateur@brgm.fr";"2";;
"107695";"AQIAA0020570";;;"chambres et piliers";"carrière";"carriere";"A_Niord";"abandon";"public";;;"centre cavité";"précis";"precis";"plan au 1/500";"10";"2009-06-15";"M.BORDONNE";"2009-06-18";"5";"406707.000000";"1989640.000000";;"406707";"1989640";"33396";;;"gironde@brgm.fr";"2009-12-09";"gironde@brgm.fr";"2009-01-01";"2011-08-22";"S.BesdeBerc@brgm.fr";"sbdbAdministrateur@brgm.fr";"2";;
"104963";"AQIAA0020571";;;"galeries filantes";"carrière";"carriere";"Marot_Rouyon";"abandon";"public";;;"centre cavité";"précis";"precis";"plan au 1/500";"10";"2009-06-15";"M.BORDONNE";"2009-07-09";"5";"386304.000000";"1976836.000000";;"386304";"1976836";"33408";;;"gironde@brgm.fr";"2009-12-09";"gironde@brgm.fr";"2009-01-01";"2011-08-22";"S.BesdeBerc@brgm.fr";"sbdbAdministrateur@brgm.fr";"2";;
"107630";"AQIAA0020572";;;"galeries filantes";"carrière";"carriere";"Bergerie";"abandon";"public";;;"centre cavité";"précis";"precis";"plan au 1/500";"10";"2009-06-15";"M.BORDONNE";"2009-07-09";"5";"386343.000000";"1976352.000000";;"386343";"1976352";"33408";;;"gironde@brgm.fr";"2009-12-09";"gironde@brgm.fr";"2009-01-01";"2011-08-22";"S.BesdeBerc@brgm.fr";"sbdbAdministrateur@brgm.fr";"2";;
"104152";"AQIAA0020573";;;"galeries filantes";"carrière";"carriere";"Loursionne";"abandon";"public";;;"centre cavité";"précis";"precis";"plan au 1/500";"10";"2009-06-15";"M.BORDONNE";"2009-09-14";"5";"385577.000000";"1976029.000000";;"385577";"1976029";"33408";;;"gironde@brgm.fr";"2009-12-09";"gironde@brgm.fr";"2009-01-01";"2011-08-22";"S.BesdeBerc@brgm.fr";"sbdbAdministrateur@brgm.fr";"2";;
"107632";"AQIAA0020574";;;"chambres et piliers";"carrière";"carriere";"Grottes de Ferrand";"abandon";"public";;;"centre cavité";"précis";"precis";"plan au 1/500";"10";"2009-06-15";"M.BORDONNE";"2009-06-18";"5";"405551.000000";"1989815.000000";;"405551";"1989815";"33420";;;"gironde@brgm.fr";"2009-12-09";"gironde@brgm.fr";"2009-01-01";"2011-08-22";"S.BesdeBerc@brgm.fr";"sbdbAdministrateur@brgm.fr";"2";;
"105534";"AQIAA0020575";;;"galeries filantes";"carrière";"carriere";"Saint_Hippolyte_01";"abandon";"public";;;"centre cavité";"précis";"precis";"plan au 1/500";"10";"2009-06-15";"M.BORDONNE";"2009-06-18";"5";"405678.000000";"1989357.000000";;"405678";"1989357";"33420";;;"gironde@brgm.fr";"2009-12-09";"gironde@brgm.fr";"2009-01-01";"2011-08-22";"S.BesdeBerc@brgm.fr";"sbdbAdministrateur@brgm.fr";"2";;
"104862";"AQIAA0020576";;;"chambres et piliers";"carrière";"carriere";"Saint_Hippolyte_02";"abandon";"public";;;"centre cavité";"précis";"precis";"plan au 1/500";"10";"2009-06-15";"M.BORDONNE";"2009-06-18";"5";"405973.000000";"1989327.000000";;"405973";"1989327";"33420";;;"gironde@brgm.fr";"2009-12-09";"gironde@brgm.fr";"2009-01-01";"2011-08-22";"S.BesdeBerc@brgm.fr";"sbdbAdministrateur@brgm.fr";"2";;
"104208";"AQIAA0020577";;;"chambres et piliers";"carrière";"carriere";"Saint_Hippolyte_03";"abandon";"public";;;"centre cavité";"précis";"precis";"plan au 1/500";"10";"2009-06-15";"M.BORDONNE";"2009-06-18";"5";"406095.000000";"1989353.000000";;"406095";"1989353";"33420";;;"gironde@brgm.fr";"2009-12-09";"gironde@brgm.fr";"2009-01-01";"2011-08-22";"S.BesdeBerc@brgm.fr";"sbdbAdministrateur@brgm.fr";"2";;
"106977";"AQIAA0020578";;;"chambres et galeries";"carrière";"carriere";"Saint_Hippolyte_04";"abandon";"public";;;"centre cavité";"précis";"precis";"plan au 1/500";"10";"2009-06-15";"M.BORDONNE";"2009-06-18";"5";"406185.000000";"1989483.000000";;"406185";"1989483";"33420";;;"gironde@brgm.fr";"2009-12-09";"gironde@brgm.fr";"2009-01-01";"2011-08-22";"S.BesdeBerc@brgm.fr";"sbdbAdministrateur@brgm.fr";"2";;
"2615";"AQIAA0020579";;;"chambres et galeries";"carrière";"carriere";"Saint_Hippolyte_05";"abandon";"public";;;"centre cavité";"précis";"precis";"plan au 1/500";"10";"2009-06-15";"M.BORDONNE";"2009-06-18";"5";"406190.000000";"1989493.000000";;"406190";"1989493";"33420";;;"gironde@brgm.fr";"2009-12-09";"gironde@brgm.fr";"2009-01-01";"2011-08-22";"S.BesdeBerc@brgm.fr";"sbdbAdministrateur@brgm.fr";"2";;
"104934";"AQIAA0020580";;;"chambres et piliers";"carrière";"carriere";"Boulaballe";"abandon";"public";;;"centre cavité";"précis";"precis";"plan au 1/500";"10";"2009-06-15";"M.BORDONNE";"2009-07-09";"5";"395676.000000";"1954780.000000";;"395676";"1954780";"33435";;;"gironde@brgm.fr";"2009-12-09";"gironde@brgm.fr";"2009-01-01";"2011-08-22";"S.BesdeBerc@brgm.fr";"sbdbAdministrateur@brgm.fr";"2";;
"108179";"AQIAA0020581";;;"chambres et galeries";"carrière";"carriere";"Le_Bourg_01_Place_de_l'Eglise";"abandon";"public";;;"centre cavité";"précis";"precis";"plan au 1/500";"10";"2009-06-15";"M.BORDONNE";"2009-07-09";"5";"396330.000000";"1954719.000000";;"396330";"1954719";"33435";;;"gironde@brgm.fr";"2009-12-09";"gironde@brgm.fr";"2009-01-01";"2011-08-22";"S.BesdeBerc@brgm.fr";"sbdbAdministrateur@brgm.fr";"2";;
"104466";"AQIAA0020582";;;"chambres et galeries";"carrière";"carriere";"Le_Bourg_02_Place_de_l'Eglise";"abandon";"public";;;"centre cavité";"précis";"precis";"plan au 1/500";"10";"2009-06-15";"M.BORDONNE";"2009-07-09";"5";"396376.000000";"1954746.000000";;"396376";"1954746";"33435";;;"gironde@brgm.fr";"2009-12-09";"gironde@brgm.fr";"2009-01-01";"2011-08-22";"S.BesdeBerc@brgm.fr";"sbdbAdministrateur@brgm.fr";"2";;
"105474";"AQIAA0020583";;;"chambres et piliers";"carrière";"carriere";"Le_Bourg_03_Le_Château_de_Tardes";"abandon";"public";;;"centre cavité";"précis";"precis";"plan au 1/500";"10";"2009-06-15";"M.BORDONNE";"2009-07-09";"5";"396455.000000";"1954805.000000";;"396455";"1954805";"33435";;;"gironde@brgm.fr";"2009-12-09";"gironde@brgm.fr";"2009-01-01";"2011-08-22";"S.BesdeBerc@brgm.fr";"sbdbAdministrateur@brgm.fr";"2";;
"104617";"AQIAA0020584";;;"chambres et galeries";"carrière";"carriere";"Mauhargat";"abandon";"public";;;"centre cavité";"précis";"precis";"plan au 1/500";"25";"2009-06-15";"M.BORDONNE";"2011-07-26";"5";"396676.000000";"1955135.000000";"20";"396676";"1955135";"33435";"Fiche BDMVT n°633 00343 ;  633 00344Cavité effondrée en partie remblayée, caractère évolutif inconnueDescription :  2 Effondrement de carrières souterraines :               - Le 18/02/1986 à midi : Fontis de 2 m de diamètre pour 3 m de profondeur (L2e - X : 396 637 ; Y :  1 955 139) au 53 cours de la    république (Propriété de M. BAURY parcelle C71)               - Le 04/05/1988 : Fontis de 1 m de diamètre pour 5 m de profondeur (L2e - X : 396 596 ; Y : 1 955 127 ) au 45 rue de la républiqueDes traces d'effondrements anciens ramblayés ont également été reporté aux coordonnées suivantes :        - L2e - X : 396 642 ; Y : 1 955 148        - L2e - X : 396 628 ; Y : 1 955 144La carrière au niveau de l'effondrement du 53 cours de la République est tres peu profonde (3 m sous la surface). Il n'y avait pas d'acces connus en 1986.
Risque de fontis";;"gironde@brgm.fr";"2009-12-09";"gironde@brgm.fr";"2009-01-01";"2011-08-22";"S.BesdeBerc@brgm.fr";"sbdbAdministrateur@brgm.fr";"2";;
"107473";"AQIAA0020585";;;"chambres et piliers";"carrière";"carriere";"Belle_Croix";"abandon";"public";;;"centre cavité";"précis";"precis";"plan au 1/500";"10";"2009-06-15";"M.BORDONNE";"2009-07-09";"5";"397085.000000";"1955272.000000";;"397085";"1955272";"33435";;;"gironde@brgm.fr";"2009-12-09";"gironde@brgm.fr";"2009-01-01";"2011-08-22";"S.BesdeBerc@brgm.fr";"sbdbAdministrateur@brgm.fr";"2";;
"106772";"AQIAA0020586";;;"chambres et galeries";"carrière";"carriere";"Peyroutic_01_La_Croisiere";"abandon";"public";;;"centre cavité";"précis";"precis";"plan au 1/500";"10";"2009-06-16";"M.BORDONNE";"2009-06-19";"5";"382866.000000";"1971609.000000";;"382866";"1971609";"33534";;;"gironde@brgm.fr";"2009-12-09";"gironde@brgm.fr";"2009-01-01";"2011-08-22";"S.BesdeBerc@brgm.fr";"sbdbAdministrateur@brgm.fr";"2";;
"2671";"AQIAA0020587";;;"galeries filantes";"carrière";"carriere";"Peyroutic_02_La_Croisiere";"abandon";"public";;;"centre cavité";"précis";"precis";"plan au 1/500";"10";"2009-06-16";"M.BORDONNE";"2009-06-19";"5";"382878.000000";"1971625.000000";;"382878";"1971625";"33534";;;"gironde@brgm.fr";"2009-12-09";"gironde@brgm.fr";"2009-01-01";"2011-08-22";"S.BesdeBerc@brgm.fr";"sbdbAdministrateur@brgm.fr";"2";;
"104473";"AQIAA0020588";;;"galeries filantes";"carrière";"carriere";"Peyroutic_03_La_Croisiere";"abandon";"public";;;"centre cavité";"précis";"precis";"plan au 1/500";"10";"2009-06-16";"M.BORDONNE";"2009-10-07";"5";"382971.000000";"1971730.000000";;"382971";"1971730";"33534";;;"gironde@brgm.fr";"2009-12-09";"gironde@brgm.fr";"2009-01-01";"2011-08-22";"S.BesdeBerc@brgm.fr";"sbdbAdministrateur@brgm.fr";"2";;
"106821";"AQIAA0020589";;;"galeries filantes";"carrière";"carriere";"Le_Bourg_Le_Bayle";"abandon";"public";;;"centre cavité";"précis";"precis";"plan au 1/500";"10";"2009-06-16";"M.BORDONNE";"2009-06-19";"5";"383068.000000";"1971695.000000";;"383068";"1971695";"33534";;;"gironde@brgm.fr";"2009-12-09";"gironde@brgm.fr";"2009-01-01";"2011-08-22";"S.BesdeBerc@brgm.fr";"sbdbAdministrateur@brgm.fr";"2";;
"104729";"AQIAA0020590";;;"galeries filantes";"carrière";"carriere";"Le_Mesnil_Le_Plantey_01";"abandon";"public";;;"centre cavité";"précis";"precis";"plan au 1/500";"10";"2009-06-16";"M.BORDONNE";"2009-06-19";"5";"383296.000000";"1971901.000000";;"383296";"1971901";"33534";;;"gironde@brgm.fr";"2009-12-09";"gironde@brgm.fr";"2009-01-01";"2011-08-22";"S.BesdeBerc@brgm.fr";"sbdbAdministrateur@brgm.fr";"2";;
"106724";"AQIAA0020591";;;"galeries filantes";"carrière";"carriere";"Le_Mesnil_Le_Plantey_02";"abandon";"public";;;"centre cavité";"précis";"precis";"plan au 1/500";"10";"2009-06-16";"M.BORDONNE";"2009-06-19";"5";"383320.000000";"1971960.000000";;"383320";"1971960";"33534";;;"gironde@brgm.fr";"2009-12-09";"gironde@brgm.fr";"2009-01-01";"2011-08-22";"S.BesdeBerc@brgm.fr";"sbdbAdministrateur@brgm.fr";"2";;
"104201";"AQIAA0020592";;;"galeries filantes";"carrière";"carriere";"La_Ronde_01_Beauregard";"abandon";"public";;;"centre cavité";"précis";"precis";"plan au 1/500";"10";"2009-06-16";"M.BORDONNE";"2009-06-19";"5";"383261.000000";"1972142.000000";;"383261";"1972142";"33534";;;"gironde@brgm.fr";"2009-12-09";"gironde@brgm.fr";"2009-01-01";"2011-08-22";"S.BesdeBerc@brgm.fr";"sbdbAdministrateur@brgm.fr";"2";;
"104876";"AQIAA0020593";;;"galeries filantes";"carrière";"carriere";"La_Ronde_02_Beauregard";"abandon";"public";;;"centre cavité";"précis";"precis";"plan au 1/500";"10";"2009-06-16";"M.BORDONNE";"2009-10-07";"5";"383277.000000";"1972147.000000";;"383277";"1972147";"33534";;;"gironde@brgm.fr";"2009-12-09";"gironde@brgm.fr";"2009-01-01";"2011-08-22";"S.BesdeBerc@brgm.fr";"sbdbAdministrateur@brgm.fr";"2";;
"104679";"AQIAA0020594";;;"chambres et galeries";"carrière";"carriere";"La_Ronde_03";"abandon";"public";;;"centre cavité";"précis";"precis";"plan au 1/500";"10";"2009-06-16";"M.BORDONNE";"2009-06-19";"5";"383410.000000";"1972144.000000";;"383410";"1972144";"33534";;;"gironde@brgm.fr";"2009-12-09";"gironde@brgm.fr";"2009-01-01";"2011-08-22";"S.BesdeBerc@brgm.fr";"sbdbAdministrateur@brgm.fr";"2";;
"107439";"AQIAA0020595";;;"chambres et galeries";"carrière";"carriere";"La_Ronde_04";"abandon";"public";;;"centre cavité";"précis";"precis";"plan au 1/500";"10";"2009-06-16";"M.BORDONNE";"2009-06-19";"5";"383424.000000";"1972134.000000";;"383424";"1972134";"33534";;;"gironde@brgm.fr";"2009-12-09";"gironde@brgm.fr";"2009-01-01";"2011-08-22";"S.BesdeBerc@brgm.fr";"sbdbAdministrateur@brgm.fr";"2";;
"104699";"AQIAA0020596";;;"galeries filantes";"carrière";"carriere";"La_Ronde_05";"abandon";"public";;;"centre cavité";"précis";"precis";"plan au 1/500";"10";"2009-06-16";"M.BORDONNE";"2009-06-19";"5";"383487.000000";"1972053.000000";;"383487";"1972053";"33534";;;"gironde@brgm.fr";"2009-12-09";"gironde@brgm.fr";"2009-01-01";"2011-08-22";"S.BesdeBerc@brgm.fr";"sbdbAdministrateur@brgm.fr";"2";;
"105483";"AQIAA0020597";;;"galeries filantes";"carrière";"carriere";"La_Ronde_06_La_Fosse";"abandon";"public";;;"centre cavité";"précis";"precis";"plan au 1/500";"10";"2009-06-16";"M.BORDONNE";"2009-06-19";"5";"383640.000000";"1972050.000000";;"383640";"1972050";"33534";;;"gironde@brgm.fr";"2009-12-09";"gironde@brgm.fr";"2009-01-01";"2011-08-22";"S.BesdeBerc@brgm.fr";"sbdbAdministrateur@brgm.fr";"2";;
"106939";"AQIAA0020598";;;"chambres et galeries";"carrière";"carriere";"La_Ronde_07_La_Fosse";"abandon";"public";;;"centre cavité";"précis";"precis";"plan au 1/500";"10";"2009-06-16";"M.BORDONNE";"2009-06-19";"5";"383654.000000";"1972063.000000";;"383654";"1972063";"33534";;;"gironde@brgm.fr";"2009-12-09";"gironde@brgm.fr";"2009-01-01";"2011-08-22";"S.BesdeBerc@brgm.fr";"sbdbAdministrateur@brgm.fr";"2";;
"107438";"AQIAA0020599";;;"galeries filantes";"carrière";"carriere";"Blanchon_01_Maroutine";"abandon";"public";;;"centre cavité";"précis";"precis";"plan au 1/500";"10";"2009-06-16";"M.BORDONNE";"2009-06-19";"5";"383893.000000";"1972382.000000";;"383893";"1972382";"33534";;;"gironde@brgm.fr";"2009-12-09";"gironde@brgm.fr";"2009-01-01";"2011-08-22";"S.BesdeBerc@brgm.fr";"sbdbAdministrateur@brgm.fr";"2";;
"107497";"AQIAA0020600";;;"chambres et galeries";"carrière";"carriere";"Blanchon_02_Maroutine";"abandon";"public";;;"centre cavité";"précis";"precis";"plan au 1/500";"10";"2009-06-16";"M.BORDONNE";"2009-06-19";"5";"383851.000000";"1972449.000000";;"383851";"1972449";"33534";;;"gironde@brgm.fr";"2009-12-09";"gironde@brgm.fr";"2009-01-01";"2011-08-22";"S.BesdeBerc@brgm.fr";"sbdbAdministrateur@brgm.fr";"2";;
"104714";"AQIAA0020601";;;"chambres et galeries";"carrière";"carriere";"Blanchon_03_Maroutine";"abandon";"public";;;"centre cavité";"précis";"precis";"plan au 1/500";"10";"2009-06-16";"M.BORDONNE";"2009-06-19";"5";"383934.000000";"1972450.000000";;"383934";"1972450";"33534";;;"gironde@brgm.fr";"2009-12-09";"gironde@brgm.fr";"2009-01-01";"2011-08-22";"S.BesdeBerc@brgm.fr";"sbdbAdministrateur@brgm.fr";"2";;
"107455";"AQIAA0020602";;;"chambres et galeries";"carrière";"carriere";"Blanchon_04_Maroutine";"abandon";"public";;;"centre cavité";"précis";"precis";"plan au 1/500";"10";"2009-06-16";"M.BORDONNE";"2009-06-19";"5";"383961.000000";"1972435.000000";;"383961";"1972435";"33534";;;"gironde@brgm.fr";"2009-12-09";"gironde@brgm.fr";"2009-01-01";"2011-08-22";"S.BesdeBerc@brgm.fr";"sbdbAdministrateur@brgm.fr";"2";;
"104682";"AQIAA0020603";;;"galeries filantes";"carrière";"carriere";"Blanchon_05_Maroutine";"abandon";"public";;;"centre cavité";"précis";"precis";"plan au 1/500";"10";"2009-06-16";"M.BORDONNE";"2009-06-19";"5";"383999.000000";"1972445.000000";;"383999";"1972445";"33534";;;"gironde@brgm.fr";"2009-12-09";"gironde@brgm.fr";"2009-01-01";"2011-08-22";"S.BesdeBerc@brgm.fr";"sbdbAdministrateur@brgm.fr";"2";;
"104530";"AQIAA0020604";;;"chambres et galeries";"carrière";"carriere";"Blanchon_06";"abandon";"public";;;"centre cavité";"précis";"precis";"plan au 1/500";"10";"2009-06-16";"M.BORDONNE";"2009-06-19";"5";"384338.000000";"1972780.000000";;"384338";"1972780";"33534";;;"gironde@brgm.fr";"2009-12-09";"gironde@brgm.fr";"2009-01-01";"2011-08-22";"S.BesdeBerc@brgm.fr";"sbdbAdministrateur@brgm.fr";"2";;
"107326";"AQIAA0020605";;;"chambres et galeries";"carrière";"carriere";"Les_Barthe_01";"abandon";"public";;;"centre cavité";"précis";"precis";"plan au 1/500";"10";"2009-06-16";"M.BORDONNE";"2009-06-19";"5";"384069.000000";"1973074.000000";;"384069";"1973074";"33534";;;"gironde@brgm.fr";"2009-12-09";"gironde@brgm.fr";"2009-01-01";"2011-08-22";"S.BesdeBerc@brgm.fr";"sbdbAdministrateur@brgm.fr";"2";;
"107606";"AQIAA0020606";;;"chambres et galeries";"carrière";"carriere";"Les_Barthe_02";"abandon";"public";;;"centre cavité";"précis";"precis";"plan au 1/500";"10";"2009-06-16";"M.BORDONNE";"2009-06-19";"5";"384020.000000";"1973085.000000";;"384020";"1973085";"33534";;;"gironde@brgm.fr";"2009-12-09";"gironde@brgm.fr";"2009-01-01";"2011-08-22";"S.BesdeBerc@brgm.fr";"sbdbAdministrateur@brgm.fr";"2";;
"108189";"AQIAA0020607";;;"galeries filantes";"carrière";"carriere";"Les_Barthe_05";"abandon";"public";;;"centre cavité";"précis";"precis";"plan au 1/500";"10";"2009-06-16";"M.BORDONNE";"2009-06-19";"5";"383905.000000";"1973015.000000";;"383905";"1973015";"33534";;;"gironde@brgm.fr";"2009-12-09";"gironde@brgm.fr";"2009-01-01";"2011-08-22";"S.BesdeBerc@brgm.fr";"sbdbAdministrateur@brgm.fr";"2";;
"104255";"AQIAA0020608";;;"galeries filantes";"carrière";"carriere";"Les_Barthe_06";"abandon";"public";;;"centre cavité";"précis";"precis";"plan au 1/500";"10";"2009-06-16";"M.BORDONNE";"2009-06-19";"5";"383915.000000";"1973018.000000";;"383915";"1973018";"33534";;;"gironde@brgm.fr";"2009-12-09";"gironde@brgm.fr";"2009-01-01";"2011-08-22";"S.BesdeBerc@brgm.fr";"sbdbAdministrateur@brgm.fr";"2";;
"107925";"AQIAA0020609";;;"chambres et galeries";"carrière";"carriere";"Les_Barthe_04";"abandon";"public";;;"centre cavité";"précis";"precis";"plan au 1/500";"10";"2009-06-16";"M.BORDONNE";"2009-06-19";"5";"383881.000000";"1973042.000000";;"383881";"1973042";"33534";;;"gironde@brgm.fr";"2009-12-09";"gironde@brgm.fr";"2009-01-01";"2011-08-22";"S.BesdeBerc@brgm.fr";"sbdbAdministrateur@brgm.fr";"2";;
"118679";"AQIAA0020610";;;"galeries filantes";"carrière";"carriere";"Les_Barthe_03";"abandon";"public";;;"centre cavité";"précis";"precis";"plan au 1/500";"10";"2009-06-16";"M.BORDONNE";"2009-06-19";"5";"383917.000000";"1973096.000000";;"383917";"1973096";"33534";;;"gironde@brgm.fr";"2009-12-09";"gironde@brgm.fr";"2009-01-01";"2011-08-22";"S.BesdeBerc@brgm.fr";"sbdbAdministrateur@brgm.fr";"2";;
"104674";"AQIAA0020611";;;"chambres et piliers";"carrière";"carriere";"Luby";"abandon";"public";;;"centre cavité";"précis";"precis";"plan au 1/500";"10";"2009-06-16";"M.BORDONNE";"2009-07-16";"5";"384190.000000";"1973649.000000";;"384190";"1973649";"33534";;;"gironde@brgm.fr";"2009-12-09";"gironde@brgm.fr";"2009-01-01";"2011-08-22";"S.BesdeBerc@brgm.fr";"sbdbAdministrateur@brgm.fr";"2";;
"2577";"AQIAA0020612";;;"galeries filantes";"carrière";"carriere";"Le_Bouilh_02";"abandon";"public";;;"centre cavité";"précis";"precis";"plan au 1/500";"10";"2009-06-16";"M.BORDONNE";"2009-06-18";"5";"379757.000000";"2005092.000000";;"379757";"2005092";"33366";;;"gironde@brgm.fr";"2009-12-09";"gironde@brgm.fr";"2009-01-01";"2011-08-22";"S.BesdeBerc@brgm.fr";"sbdbAdministrateur@brgm.fr";"2";;
"106827";"AQIAA0020613";;;"chambres et piliers";"carrière";"carriere";"Le_Bouilh_01_Château_du_Bouilh";"abandon";"public";;;"centre cavité";"précis";"precis";"plan au 1/500";"10";"2009-06-16";"M.BORDONNE";"2009-06-18";"5";"379891.000000";"2004975.000000";;"379891";"2004975";"33366";;;"gironde@brgm.fr";"2009-12-09";"gironde@brgm.fr";"2009-01-01";"2011-08-22";"S.BesdeBerc@brgm.fr";"sbdbAdministrateur@brgm.fr";"2";;
"105538";"AQIAA0020614";;;"chambres et galeries";"carrière";"carriere";"Le_Bouilh_03";"abandon";"public";;;"centre cavité";"précis";"precis";"plan au 1/500";"10";"2009-06-16";"M.BORDONNE";"2009-06-18";"5";"379798.000000";"2004596.000000";;"379798";"2004596";"33366";;;"gironde@brgm.fr";"2009-12-09";"gironde@brgm.fr";"2009-01-01";"2011-08-22";"S.BesdeBerc@brgm.fr";"sbdbAdministrateur@brgm.fr";"2";;
"104964";"AQIAA0020615";;;"chambres et galeries";"carrière";"carriere";"Le_Bouilh_04";"abandon";"public";;;"centre cavité";"précis";"precis";"plan au 1/500";"10";"2009-06-16";"M.BORDONNE";"2009-06-18";"5";"379906.000000";"2004610.000000";;"379906";"2004610";"33366";;;"gironde@brgm.fr";"2009-12-09";"gironde@brgm.fr";"2009-01-01";"2011-08-22";"S.BesdeBerc@brgm.fr";"sbdbAdministrateur@brgm.fr";"2";;
"107636";"AQIAA0020616";;;"chambres et piliers";"carrière";"carriere";"Le_Bouilh_05";"abandon";"public";;;"centre cavité";"précis";"precis";"plan au 1/500";"10";"2009-06-16";"M.BORDONNE";"2009-06-18";"5";"379850.000000";"2004489.000000";;"379850";"2004489";"33366";;;"gironde@brgm.fr";"2009-12-09";"gironde@brgm.fr";"2009-01-01";"2011-08-22";"S.BesdeBerc@brgm.fr";"sbdbAdministrateur@brgm.fr";"2";;
"107604";"AQIAA0020617";;;"chambres et piliers";"carrière";"carriere";"La_Vignolle";"abandon";"public";;;"centre cavité";"précis";"precis";"plan au 1/500";"10";"2009-06-16";"M.BORDONNE";"2009-06-18";"5";"379892.000000";"2004284.000000";;"379892";"2004284";"33366";;;"gironde@brgm.fr";"2009-12-09";"gironde@brgm.fr";"2009-01-01";"2011-08-22";"S.BesdeBerc@brgm.fr";"sbdbAdministrateur@brgm.fr";"2";;
"107536";"AQIAA0020618";;;"chambres et piliers";"carrière";"carriere";"Les_Roquettes";"abandon";"public";;;"centre cavité";"précis";"precis";"plan au 1/500";"10";"2009-06-16";"M.BORDONNE";"2009-06-18";"5";"380253.000000";"2004406.000000";;"380253";"2004406";"33366";;;"gironde@brgm.fr";"2009-12-09";"gironde@brgm.fr";"2009-01-01";"2011-08-22";"S.BesdeBerc@brgm.fr";"sbdbAdministrateur@brgm.fr";"2";;
"107842";"AQIAA0020619";;;"chambres et piliers";"carrière";"carriere";"Le_Tasta";"abandon";"public";;;"centre cavité";"précis";"precis";"plan au 1/500";"10";"2009-06-16";"M.BORDONNE";"2009-06-18";"5";"380669.000000";"2004043.000000";;"380669";"2004043";"33366";;;"gironde@brgm.fr";"2009-12-09";"gironde@brgm.fr";"2009-01-01";"2011-08-22";"S.BesdeBerc@brgm.fr";"sbdbAdministrateur@brgm.fr";"2";;
"105485";"AQIAA0020620";;;"chambres et piliers";"carrière";"carriere";"Le_Plantey_La_Pouyade";"abandon";"public";;;"centre cavité";"précis";"precis";"plan au 1/500";"10";"2009-06-16";"M.BORDONNE";"2009-06-18";"5";"381184.000000";"2003859.000000";;"381184";"2003859";"33366";;;"gironde@brgm.fr";"2009-12-09";"gironde@brgm.fr";"2009-01-01";"2011-08-22";"S.BesdeBerc@brgm.fr";"sbdbAdministrateur@brgm.fr";"2";;
"109983";"AQIAA0020621";;;"chambres et piliers";"carrière";"carriere";"Le_Grand_Jacques";"abandon";"public";;;"centre cavité";"précis";"precis";"plan au 1/500";"10";"2009-06-17";"M.BORDONNE";"2009-10-07";"5";"404187.000000";"1991129.000000";;"404187";"1991129";"33384";;;"gironde@brgm.fr";"2009-12-09";"gironde@brgm.fr";"2009-01-01";"2011-08-22";"S.BesdeBerc@brgm.fr";"sbdbAdministrateur@brgm.fr";"2";;
"104352";"AQIAA0020622";;;"chambres et piliers";"carrière";"carriere";"Lapeleterie_01";"abandon";"public";;;"centre cavité";"précis";"precis";"plan au 1/500";"10";"2009-06-17";"M.BORDONNE";"2009-06-19";"5";"405287.000000";"1990922.000000";;"405287";"1990922";"33384";;;"gironde@brgm.fr";"2009-12-09";"gironde@brgm.fr";"2009-01-01";"2011-08-22";"S.BesdeBerc@brgm.fr";"sbdbAdministrateur@brgm.fr";"2";;
"107634";"AQIAA0020623";;;"chambres et galeries";"carrière";"carriere";"Lapeleterie_02";"abandon";"public";;;"centre cavité";"précis";"precis";"plan au 1/500";"10";"2009-06-17";"M.BORDONNE";"2009-06-19";"5";"405287.000000";"1990871.000000";;"405287";"1990871";"33384";;;"gironde@brgm.fr";"2009-12-09";"gironde@brgm.fr";"2009-01-01";"2011-08-22";"S.BesdeBerc@brgm.fr";"sbdbAdministrateur@brgm.fr";"2";;
"2656";"AQIAA0020624";;;"chambres et galeries";"carrière";"carriere";"Lapeleterie_03";"abandon";"public";;;"centre cavité";"précis";"precis";"plan au 1/500";"10";"2009-06-17";"M.BORDONNE";"2009-06-19";"5";"405311.000000";"1990845.000000";;"405311";"1990845";"33384";;;"gironde@brgm.fr";"2009-12-09";"gironde@brgm.fr";"2009-01-01";"2011-08-22";"S.BesdeBerc@brgm.fr";"sbdbAdministrateur@brgm.fr";"2";;
"107330";"AQIAA0020625";;;"galeries filantes";"carrière";"carriere";"Lapeleterie_04";"abandon";"public";;;"centre cavité";"précis";"precis";"plan au 1/500";"10";"2009-06-17";"M.BORDONNE";"2009-06-19";"5";"405264.000000";"1990828.000000";;"405264";"1990828";"33384";;;"gironde@brgm.fr";"2009-12-09";"gironde@brgm.fr";"2009-01-01";"2011-08-22";"S.BesdeBerc@brgm.fr";"sbdbAdministrateur@brgm.fr";"2";;
"104888";"AQIAA0020626";;;"chambres et galeries";"carrière";"carriere";"Lapeleterie_05";"abandon";"public";;;"centre cavité";"précis";"precis";"plan au 1/500";"10";"2009-06-17";"M.BORDONNE";"2009-06-19";"5";"405300.000000";"1990823.000000";;"405300";"1990823";"33384";;;"gironde@brgm.fr";"2009-12-09";"gironde@brgm.fr";"2009-01-01";"2011-08-22";"S.BesdeBerc@brgm.fr";"sbdbAdministrateur@brgm.fr";"2";;
"2575";"AQIAA0020627";;;"chambres et galeries";"carrière";"carriere";"Lapeleterie_06";"abandon";"public";;;"centre cavité";"précis";"precis";"plan au 1/500";"10";"2009-06-17";"M.BORDONNE";"2009-06-19";"5";"405214.000000";"1990808.000000";;"405214";"1990808";"33384";;;"gironde@brgm.fr";"2009-12-09";"gironde@brgm.fr";"2009-01-01";"2011-08-22";"S.BesdeBerc@brgm.fr";"sbdbAdministrateur@brgm.fr";"2";;
"107364";"AQIAA0020628";;;"chambres et galeries";"carrière";"carriere";"Lapeleterie_07";"abandon";"public";;;"centre cavité";"précis";"precis";"plan au 1/500";"10";"2009-06-17";"M.BORDONNE";"2009-06-19";"5";"405285.000000";"1990800.000000";;"405285";"1990800";"33384";;;"gironde@brgm.fr";"2009-12-09";"gironde@brgm.fr";"2009-01-01";"2011-08-22";"S.BesdeBerc@brgm.fr";"sbdbAdministrateur@brgm.fr";"2";;
"105542";"AQIAA0020629";;;"chambres et galeries";"carrière";"carriere";"Lapeleterie_08";"abandon";"public";;;"centre cavité";"précis";"precis";"plan au 1/500";"10";"2009-06-17";"M.BORDONNE";"2009-06-19";"5";"405313.000000";"1990804.000000";;"405313";"1990804";"33384";;;"gironde@brgm.fr";"2009-12-09";"gironde@brgm.fr";"2009-01-01";"2011-08-22";"S.BesdeBerc@brgm.fr";"sbdbAdministrateur@brgm.fr";"2";;
"104122";"AQIAA0020630";;;"chambres et galeries";"carrière";"carriere";"Lapeleterie_09";"abandon";"public";;;"centre cavité";"précis";"precis";"plan au 1/500";"10";"2009-06-17";"M.BORDONNE";"2009-06-19";"5";"405212.000000";"1990777.000000";;"405212";"1990777";"33384";;;"gironde@brgm.fr";"2009-12-09";"gironde@brgm.fr";"2009-01-01";"2011-08-22";"S.BesdeBerc@brgm.fr";"sbdbAdministrateur@brgm.fr";"2";;
"104314";"AQIAA0020631";;;"galeries filantes";"carrière";"carriere";"Lapeleterie_10";"abandon";"public";;;"centre cavité";"précis";"precis";"plan au 1/500";"10";"2009-06-17";"M.BORDONNE";"2009-06-19";"5";"405250.000000";"1990765.000000";;"405250";"1990765";"33384";;;"gironde@brgm.fr";"2009-12-09";"gironde@brgm.fr";"2009-01-01";"2011-08-22";"S.BesdeBerc@brgm.fr";"sbdbAdministrateur@brgm.fr";"2";;
"104239";"AQIAA0020632";;;"galeries filantes";"carrière";"carriere";"Lapeleterie_11";"abandon";"public";;;"centre cavité";"précis";"precis";"plan au 1/500";"10";"2009-06-17";"M.BORDONNE";"2009-06-19";"5";"405293.000000";"1990735.000000";;"405293";"1990735";"33384";;;"gironde@brgm.fr";"2009-12-09";"gironde@brgm.fr";"2009-01-01";"2011-08-22";"S.BesdeBerc@brgm.fr";"sbdbAdministrateur@brgm.fr";"2";;
"108043";"AQIAA0020633";;;"chambres et galeries";"carrière";"carriere";"Lapeleterie_12";"abandon";"public";;;"centre cavité";"précis";"precis";"plan au 1/500";"10";"2009-06-17";"M.BORDONNE";"2009-06-19";"5";"405383.000000";"1990947.000000";;"405383";"1990947";"33384";;;"gironde@brgm.fr";"2009-12-09";"gironde@brgm.fr";"2009-01-01";"2011-08-22";"S.BesdeBerc@brgm.fr";"sbdbAdministrateur@brgm.fr";"2";;
"104349";"AQIAA0020634";;;"chambres et galeries";"carrière";"carriere";"Lapeleterie_13";"abandon";"public";;;"centre cavité";"précis";"precis";"plan au 1/500";"10";"2009-06-17";"M.BORDONNE";"2009-06-19";"5";"405390.000000";"1990934.000000";;"405390";"1990934";"33384";;;"gironde@brgm.fr";"2009-12-09";"gironde@brgm.fr";"2009-01-01";"2011-08-22";"S.BesdeBerc@brgm.fr";"sbdbAdministrateur@brgm.fr";"2";;
"107577";"AQIAA0020635";;;"chambres et galeries";"carrière";"carriere";"Lapeleterie_14";"abandon";"public";;;"centre cavité";"précis";"precis";"plan au 1/500";"10";"2009-06-17";"M.BORDONNE";"2009-06-19";"5";"405395.000000";"1990919.000000";;"405395";"1990919";"33384";;;"gironde@brgm.fr";"2009-12-09";"gironde@brgm.fr";"2009-01-01";"2011-08-22";"S.BesdeBerc@brgm.fr";"sbdbAdministrateur@brgm.fr";"2";;
"115661";"AQIAA0020636";;;"chambres et galeries";"carrière";"carriere";"Lapeleterie_15";"abandon";"public";;;"centre cavité";"précis";"precis";"plan au 1/500";"10";"2009-06-17";"M.BORDONNE";"2009-06-19";"5";"405392.000000";"1990903.000000";;"405392";"1990903";"33384";;;"gironde@brgm.fr";"2009-12-09";"gironde@brgm.fr";"2009-01-01";"2011-08-22";"S.BesdeBerc@brgm.fr";"sbdbAdministrateur@brgm.fr";"2";;
"107479";"AQIAA0020637";;;"chambres et galeries";"carrière";"carriere";"Lapeleterie_16";"abandon";"public";;;"centre cavité";"précis";"precis";"plan au 1/500";"10";"2009-06-17";"M.BORDONNE";"2009-06-19";"5";"405419.000000";"1990897.000000";;"405419";"1990897";"33384";;;"gironde@brgm.fr";"2009-12-09";"gironde@brgm.fr";"2009-01-01";"2011-08-22";"S.BesdeBerc@brgm.fr";"sbdbAdministrateur@brgm.fr";"2";;
"2587";"AQIAA0020638";;;"chambres et piliers";"carrière";"carriere";"Lapeleterie_17";"abandon";"public";;;"centre cavité";"précis";"precis";"plan au 1/500";"10";"2009-06-17";"M.BORDONNE";"2009-06-19";"5";"405439.000000";"1990800.000000";;"405439";"1990800";"33384";;;"gironde@brgm.fr";"2009-12-09";"gironde@brgm.fr";"2009-01-01";"2011-08-22";"S.BesdeBerc@brgm.fr";"sbdbAdministrateur@brgm.fr";"2";;
"107612";"AQIAA0020639";;;"chambres et galeries";"carrière";"carriere";"Guillemot";"abandon";"public";;;"centre cavité";"précis";"precis";"plan au 1/500";"10";"2009-06-17";"M.BORDONNE";"2009-06-19";"5";"405391.000000";"1990628.000000";;"405391";"1990628";"33384";;;"gironde@brgm.fr";"2009-12-09";"gironde@brgm.fr";"2009-01-01";"2011-08-22";"S.BesdeBerc@brgm.fr";"sbdbAdministrateur@brgm.fr";"2";;
"107854";"AQIAA0020640";;;"chambres et piliers";"carrière";"carriere";"Mondottes";"abandon";"public";;;"centre cavité";"précis";"precis";"plan au 1/500";"10";"2009-06-17";"M.BORDONNE";"2009-07-09";"5";"404327.000000";"1990491.000000";;"404327";"1990491";"33426";;;"gironde@brgm.fr";"2009-12-09";"gironde@brgm.fr";"2009-01-01";"2011-08-22";"S.BesdeBerc@brgm.fr";"sbdbAdministrateur@brgm.fr";"2";;
"107569";"AQIAA0020641";;;"chambres et piliers";"carrière";"carriere";"Les_Carrières_Baladoz";"abandon";"public";;;"centre cavité";"précis";"precis";"plan au 1/500";"10";"2009-06-17";"M.BORDONNE";"2009-07-09";"5";"404141.000000";"1990047.000000";;"404141";"1990047";"33426";;;"gironde@brgm.fr";"2009-12-09";"gironde@brgm.fr";"2009-01-01";"2011-08-22";"S.BesdeBerc@brgm.fr";"sbdbAdministrateur@brgm.fr";"2";;
"2651";"AQIAA0020642";;;"chambres et piliers";"carrière";"carriere";"Belcier";"abandon";"public";;;"centre cavité";"précis";"precis";"plan au 1/500";"10";"2009-06-17";"M.BORDONNE";"2009-07-09";"5";"404520.000000";"1989978.000000";;"404520";"1989978";"33426";;;"gironde@brgm.fr";"2009-12-09";"gironde@brgm.fr";"2009-01-01";"2011-08-22";"S.BesdeBerc@brgm.fr";"sbdbAdministrateur@brgm.fr";"2";;
"104863";"AQIAA0020643";;;"chambres et galeries";"carrière";"carriere";"Le_Tertre_01_Le_Bourg";"abandon";"public";;;"centre cavité";"précis";"precis";"plan au 1/500";"10";"2009-06-17";"M.BORDONNE";"2009-07-09";"5";"404552.000000";"1989959.000000";;"404552";"1989959";"33426";;;"gironde@brgm.fr";"2009-12-09";"gironde@brgm.fr";"2009-01-01";"2011-08-22";"S.BesdeBerc@brgm.fr";"sbdbAdministrateur@brgm.fr";"2";;
"106728";"AQIAA0020644";;;"chambres et galeries";"carrière";"carriere";"Le_Tertre_02_Le_Bourg";"abandon";"public";;;"centre cavité";"précis";"precis";"plan au 1/500";"10";"2009-06-17";"M.BORDONNE";"2009-07-09";"5";"404561.000000";"1989970.000000";;"404561";"1989970";"33426";;;"gironde@brgm.fr";"2009-12-09";"gironde@brgm.fr";"2009-01-01";"2011-08-22";"S.BesdeBerc@brgm.fr";"sbdbAdministrateur@brgm.fr";"2";;
"106896";"AQIAA0020645";;;"galeries filantes";"carrière";"carriere";"Le_Tertre_03_Le_Bourg";"abandon";"public";;;"centre cavité";"précis";"precis";"plan au 1/500";"10";"2009-06-17";"M.BORDONNE";"2009-07-09";"5";"404561.000000";"1989951.000000";;"404561";"1989951";"33426";;;"gironde@brgm.fr";"2009-12-09";"gironde@brgm.fr";"2009-01-01";"2011-08-22";"S.BesdeBerc@brgm.fr";"sbdbAdministrateur@brgm.fr";"2";;
"104459";"AQIAA0020646";;;"chambres et piliers";"carrière";"carriere";"Le_Tertre_04_Le_Bourg";"abandon";"public";;;"centre cavité";"précis";"precis";"plan au 1/500";"10";"2009-06-17";"M.BORDONNE";"2009-10-07";"5";"404623.000000";"1989989.000000";;"404623";"1989989";"33426";;;"gironde@brgm.fr";"2009-12-09";"gironde@brgm.fr";"2009-01-01";"2011-08-22";"S.BesdeBerc@brgm.fr";"sbdbAdministrateur@brgm.fr";"2";;
"108054";"AQIAA0020647";;;"chambres et piliers";"carrière";"carriere";"La_Rye";"abandon";"public";;;"centre cavité";"précis";"precis";"plan au 1/500";"10";"2009-06-17";"M.BORDONNE";"2009-06-18";"5";"418647.000000";"1955681.000000";;"418647";"1955681";"33453";;;"gironde@brgm.fr";"2009-12-09";"gironde@brgm.fr";"2009-01-01";"2011-08-22";"S.BesdeBerc@brgm.fr";"sbdbAdministrateur@brgm.fr";"2";;
"107044";"AQIAA0020648";;;"chambres et galeries";"carrière";"carriere";"La_Peyreyre_01";"abandon";"public";;;"centre cavité";"précis";"precis";"plan au 1/500";"10";"2009-06-17";"M.BORDONNE";"2009-10-07";"5";"353693.000000";"2036257.000000";;"353693";"2036257";"33476";;;"gironde@brgm.fr";"2009-12-09";"gironde@brgm.fr";"2009-01-01";"2011-08-22";"S.BesdeBerc@brgm.fr";"sbdbAdministrateur@brgm.fr";"2";;
"105479";"AQIAA0020649";;;"chambres et galeries";"carrière";"carriere";"La_Peyreyre_02";"abandon";"public";;;"centre cavité";"précis";"precis";"plan au 1/500";"10";"2009-06-17";"M.BORDONNE";"2009-10-07";"5";"353685.000000";"2036241.000000";;"353685";"2036241";"33476";;;"gironde@brgm.fr";"2009-12-09";"gironde@brgm.fr";"2009-01-01";"2011-08-22";"S.BesdeBerc@brgm.fr";"sbdbAdministrateur@brgm.fr";"2";;
"107352";"AQIAA0020650";;;"chambres et galeries";"carrière";"carriere";"La_Peyreyre_03";"abandon";"public";;;"centre cavité";"précis";"precis";"plan au 1/500";"10";"2009-06-17";"M.BORDONNE";"2009-10-07";"5";"353697.000000";"2036227.000000";;"353697";"2036227";"33476";;;"gironde@brgm.fr";"2009-12-09";"gironde@brgm.fr";"2009-01-01";"2011-08-22";"S.BesdeBerc@brgm.fr";"sbdbAdministrateur@brgm.fr";"2";;
"104531";"AQIAA0020651";;;"chambres et piliers";"carrière";"carriere";"La_Peyreyre_04";"abandon";"public";;;"centre cavité";"précis";"precis";"plan au 1/500";"10";"2009-06-17";"M.BORDONNE";"2009-07-09";"5";"353723.000000";"2036266.000000";;"353723";"2036266";"33476";;;"gironde@brgm.fr";"2009-12-09";"gironde@brgm.fr";"2009-01-01";"2011-08-22";"S.BesdeBerc@brgm.fr";"sbdbAdministrateur@brgm.fr";"2";;
"107982";"AQIAA0020652";;;"chambres et piliers";"carrière";"carriere";"La_Peyreyre_05";"abandon";"public";;;"centre cavité";"précis";"precis";"plan au 1/500";"10";"2009-06-17";"M.BORDONNE";"2009-07-09";"5";"353745.000000";"2036261.000000";;"353745";"2036261";"33476";;;"gironde@brgm.fr";"2009-12-09";"gironde@brgm.fr";"2009-01-01";"2011-08-22";"S.BesdeBerc@brgm.fr";"sbdbAdministrateur@brgm.fr";"2";;
"104931";"AQIAA0020653";;;"chambres et galeries";"carrière";"carriere";"Château_de_Taste_01";"abandon";"public";;;"centre cavité";"précis";"precis";"plan au 1/500";"10";"2009-06-17";"M.BORDONNE";"2009-06-19";"5";"391862.000000";"1958218.000000";;"391862";"1958218";"33392";;;"gironde@brgm.fr";"2009-12-09";"gironde@brgm.fr";"2009-01-01";"2011-08-22";"S.BesdeBerc@brgm.fr";"sbdbAdministrateur@brgm.fr";"2";;
"107401";"AQIAA0020654";;;"chambres et galeries";"carrière";"carriere";"Château_de_Taste_02";"abandon";"public";;;"centre cavité";"précis";"precis";"plan au 1/500";"10";"2009-06-17";"M.BORDONNE";"2009-06-19";"5";"391887.000000";"1958205.000000";;"391887";"1958205";"33392";;;"gironde@brgm.fr";"2009-12-09";"gironde@brgm.fr";"2009-01-01";"2011-08-22";"S.BesdeBerc@brgm.fr";"sbdbAdministrateur@brgm.fr";"2";;
"104923";"AQIAA0020655";;;"chambres et galeries";"carrière";"carriere";"Loubens";"abandon";"public";;;"centre cavité";"précis";"precis";"plan au 1/500";"10";"2009-06-17";"M.BORDONNE";"2009-06-19";"5";"392145.000000";"1957969.000000";;"392145";"1957969";"33392";;;"gironde@brgm.fr";"2009-12-09";"gironde@brgm.fr";"2009-01-01";"2011-08-22";"S.BesdeBerc@brgm.fr";"sbdbAdministrateur@brgm.fr";"2";;
"108097";"AQIAA0020656";;;"chambres et galeries";"carrière";"carriere";"Rey_01";"abandon";"public";;;"centre cavité";"précis";"precis";"plan au 1/500";"10";"2009-06-17";"M.BORDONNE";"2009-07-17";"5";"410711.000000";"1990135.000000";;"410711";"1990135";"33390";;;"gironde@brgm.fr";"2009-12-09";"gironde@brgm.fr";"2009-01-01";"2011-08-22";"S.BesdeBerc@brgm.fr";"sbdbAdministrateur@brgm.fr";"2";;
"108113";"AQIAA0020657";;;"chambres et piliers";"carrière";"carriere";"Rey_02";"abandon";"public";;;"centre cavité";"précis";"precis";"plan au 1/500";"10";"2009-06-17";"M.BORDONNE";"2009-07-17";"5";"410668.000000";"1990101.000000";;"410668";"1990101";"33390";;;"gironde@brgm.fr";"2009-12-09";"gironde@brgm.fr";"2009-01-01";"2011-08-22";"S.BesdeBerc@brgm.fr";"sbdbAdministrateur@brgm.fr";"2";;
"105488";"AQIAA0020658";;;"galeries filantes";"carrière";"carriere";"Rey_03";"abandon";"public";;;"centre cavité";"précis";"precis";"plan au 1/500";"10";"2009-06-17";"M.BORDONNE";"2009-07-17";"5";"410689.000000";"1990104.000000";;"410689";"1990104";"33390";;;"gironde@brgm.fr";"2009-12-09";"gironde@brgm.fr";"2009-01-01";"2011-08-22";"S.BesdeBerc@brgm.fr";"sbdbAdministrateur@brgm.fr";"2";;
"107519";"AQIAA0020659";;;"galeries filantes";"carrière";"carriere";"Rey_04";"abandon";"public";;;"centre cavité";"précis";"precis";"plan au 1/500";"10";"2009-06-17";"M.BORDONNE";"2009-07-17";"5";"410645.000000";"1990050.000000";;"410645";"1990050";"33390";;;"gironde@brgm.fr";"2009-12-09";"gironde@brgm.fr";"2009-01-01";"2011-08-22";"S.BesdeBerc@brgm.fr";"sbdbAdministrateur@brgm.fr";"2";;
"107564";"AQIAA0020660";;;"chambres et galeries";"carrière";"carriere";"Rey_05";"abandon";"public";;;"centre cavité";"précis";"precis";"plan au 1/500";"10";"2009-06-17";"M.BORDONNE";"2009-07-17";"5";"410653.000000";"1990054.000000";;"410653";"1990054";"33390";;;"gironde@brgm.fr";"2009-12-09";"gironde@brgm.fr";"2009-01-01";"2011-08-22";"S.BesdeBerc@brgm.fr";"sbdbAdministrateur@brgm.fr";"2";;
"107502";"AQIAA0020661";;;"chambres et piliers";"carrière";"carriere";"Rey_06";"abandon";"public";;;"centre cavité";"précis";"precis";"plan au 1/500";"10";"2009-06-17";"M.BORDONNE";"2009-07-17";"5";"410682.000000";"1990009.000000";;"410682";"1990009";"33390";;;"gironde@brgm.fr";"2009-12-09";"gironde@brgm.fr";"2009-01-01";"2011-08-22";"S.BesdeBerc@brgm.fr";"sbdbAdministrateur@brgm.fr";"2";;
"104261";"AQIAA0020662";;;"chambres et piliers";"carrière";"carriere";"Lardit";"abandon";"public";;;"centre cavité";"précis";"precis";"plan au 1/500";"10";"2009-06-17";"M.BORDONNE";"2009-07-17";"5";"410623.000000";"1989765.000000";;"410623";"1989765";"33390";;;"gironde@brgm.fr";"2009-12-09";"gironde@brgm.fr";"2009-01-01";"2011-08-22";"S.BesdeBerc@brgm.fr";"sbdbAdministrateur@brgm.fr";"2";;
"106719";"AQIAA0020663";;;"chambres et piliers";"carrière";"carriere";"Les_Landes";"abandon";"public";;;"centre cavité";"précis";"precis";"plan au 1/500";"10";"2009-06-17";"M.BORDONNE";"2009-07-17";"5";"410457.000000";"1989585.000000";;"410457";"1989585";"33390";;;"gironde@brgm.fr";"2009-12-09";"gironde@brgm.fr";"2009-01-01";"2011-08-22";"S.BesdeBerc@brgm.fr";"sbdbAdministrateur@brgm.fr";"2";;
"107392";"AQIAA0020664";;;"chambres et piliers";"carrière";"carriere";"Grand_Jean_01";"abandon";"public";;;"centre cavité";"précis";"precis";"plan au 1/500";"10";"2009-06-17";"M.BORDONNE";"2009-06-19";"5";"394381.000000";"1957967.000000";;"394381";"1957967";"33543";;;"gironde@brgm.fr";"2009-12-09";"gironde@brgm.fr";"2009-01-01";"2011-08-22";"S.BesdeBerc@brgm.fr";"sbdbAdministrateur@brgm.fr";"2";;
"2661";"AQIAA0020665";;;"chambres et piliers";"carrière";"carriere";"Grand_Jean_02";"abandon";"public";;;"centre cavité";"précis";"precis";"plan au 1/500";"10";"2009-06-17";"M.BORDONNE";"2009-06-19";"5";"394321.000000";"1957808.000000";;"394321";"1957808";"33543";;;"gironde@brgm.fr";"2009-12-09";"gironde@brgm.fr";"2009-01-01";"2011-08-22";"S.BesdeBerc@brgm.fr";"sbdbAdministrateur@brgm.fr";"2";;
"104712";"AQIAA0020666";;;"chambres et galeries";"carrière";"carriere";"Les_Camarts";"abandon";"public";;;"centre cavité";"précis";"precis";"plan au 1/500";"10";"2009-06-17";"M.BORDONNE";"2009-06-19";"5";"394528.000000";"1957843.000000";;"394528";"1957843";"33543";;;"gironde@brgm.fr";"2009-12-09";"gironde@brgm.fr";"2009-01-01";"2011-08-22";"S.BesdeBerc@brgm.fr";"sbdbAdministrateur@brgm.fr";"2";;
"106766";"AQIAA0020667";;;"chambres et piliers";"carrière";"carriere";"Monforton";"abandon";"public";;;"centre cavité";"précis";"precis";"plan au 1/500";"10";"2009-06-17";"M.BORDONNE";"2009-07-17";"5";"374801.000000";"2008615.000000";;"374801";"2008615";"33525";;;"gironde@brgm.fr";"2009-12-09";"gironde@brgm.fr";"2009-01-01";"2011-08-22";"S.BesdeBerc@brgm.fr";"sbdbAdministrateur@brgm.fr";"2";;
"107985";"AQIAA0020668";;;"chambres et piliers";"carrière";"carriere";"Le_Cros_01";"abandon";"public";;;"centre cavité";"précis";"precis";"plan au 1/500";"10";"2009-06-17";"M.BORDONNE";"2009-07-17";"5";"375251.000000";"2008945.000000";;"375251";"2008945";"33525";;;"gironde@brgm.fr";"2009-12-09";"gironde@brgm.fr";"2009-01-01";"2011-08-22";"S.BesdeBerc@brgm.fr";"sbdbAdministrateur@brgm.fr";"2";;
"104247";"AQIAA0020669";;;"galeries filantes";"carrière";"carriere";"Le_Cros_02";"abandon";"public";;;"centre cavité";"précis";"precis";"plan au 1/500";"10";"2009-06-17";"M.BORDONNE";"2009-07-17";"5";"375286.000000";"2008863.000000";;"375286";"2008863";"33525";;;"gironde@brgm.fr";"2009-12-09";"gironde@brgm.fr";"2009-01-01";"2011-08-22";"S.BesdeBerc@brgm.fr";"sbdbAdministrateur@brgm.fr";"2";;
"105547";"AQIAA0020670";;;"chambres et piliers";"carrière";"carriere";"Le_Cros_03";"abandon";"public";;;"centre cavité";"précis";"precis";"plan au 1/500";"10";"2009-06-17";"M.BORDONNE";"2009-07-17";"5";"375164.000000";"2008800.000000";;"375164";"2008800";"33525";;;"gironde@brgm.fr";"2009-12-09";"gironde@brgm.fr";"2009-01-01";"2011-08-22";"S.BesdeBerc@brgm.fr";"sbdbAdministrateur@brgm.fr";"2";;
"104516";"AQIAA0020671";;;"chambres et piliers";"carrière";"carriere";"La_Pierrière_Beurier_Raillot";"abandon";"public";;;"centre cavité";"précis";"precis";"plan au 1/500";"10";"2009-06-17";"M.BORDONNE";"2009-07-17";"5";"375427.000000";"2008554.000000";;"375427";"2008554";"33525";;;"gironde@brgm.fr";"2009-12-09";"gironde@brgm.fr";"2009-01-01";"2011-08-22";"S.BesdeBerc@brgm.fr";"sbdbAdministrateur@brgm.fr";"2";;
"105482";"AQIAA0020673";;;"chambres et piliers";"carrière";"carriere";"Mizan_02";"abandon";"public";;;"centre cavité";"précis";"precis";"plan au 1/500";"10";"2009-07-01";"M.BORDONNE";"2009-07-09";"5";"408225.000000";"1967341.000000";;"408225";"1967341";"33506";;;"gironde@brgm.fr";"2009-12-09";"gironde@brgm.fr";"2009-01-01";"2011-08-22";"S.BesdeBerc@brgm.fr";"sbdbAdministrateur@brgm.fr";"2";;
"104589";"AQIAA0020674";;;"chambres et galeries";"carrière";"carriere";"Aux_Carrières_01";"abandon";"public";;;"centre cavité";"précis";"precis";"plan au 1/500";"10";"2009-07-01";"M.BORDONNE";"2009-07-09";"5";"353559.000000";"2036237.000000";;"353559";"2036237";"33476";;;"gironde@brgm.fr";"2009-12-09";"gironde@brgm.fr";"2009-01-01";"2011-08-22";"S.BesdeBerc@brgm.fr";"sbdbAdministrateur@brgm.fr";"2";;
"108111";"AQIAA0020675";;;"chambres et galeries";"carrière";"carriere";"Aux_Carrières_02";"abandon";"public";;;"centre cavité";"précis";"precis";"plan au 1/500";"10";"2009-07-01";"M.BORDONNE";"2009-07-09";"5";"353543.000000";"2036234.000000";;"353543";"2036234";"33476";;;"gironde@brgm.fr";"2009-12-09";"gironde@brgm.fr";"2009-01-01";"2011-08-22";"S.BesdeBerc@brgm.fr";"sbdbAdministrateur@brgm.fr";"2";;
"104873";"AQIAA0020676";;;"galeries filantes";"carrière";"carriere";"Le_Puy_02";"abandon";"public";;;"centre cavité";"précis";"precis";"plan au 1/500";"10";"2009-07-01";"M.BORDONNE";"2009-07-09";"5";"352921.000000";"2029895.000000";;"352921";"2029895";"33125";;;"gironde@brgm.fr";"2009-12-09";"gironde@brgm.fr";"2009-01-01";"2011-08-22";"S.BesdeBerc@brgm.fr";"sbdbAdministrateur@brgm.fr";"2";;
"107565";"AQIAA0020677";;;"chambres et piliers";"carrière";"carriere";"La_Peyreyre_06";"abandon";"public";;;"centre cavité";"précis";"precis";"plan au 1/500";"10";"2009-07-01";"M.BORDONNE";"2009-07-09";"5";"353661.000000";"2036266.000000";;"353661";"2036266";"33476";;;"gironde@brgm.fr";"2009-12-09";"gironde@brgm.fr";"2009-01-01";"2011-08-22";"S.BesdeBerc@brgm.fr";"sbdbAdministrateur@brgm.fr";"2";;
"104953";"AQIAA0020678";;;"galeries filantes";"carrière";"carriere";"Rouquey_01";"abandon";"public";;;"centre cavité";"précis";"precis";"plan au 1/500";"10";"2009-07-03";"M.BORDONNE";"2009-07-09";"5";"381432.000000";"1972677.000000";;"381432";"1972677";"33518";;;"gironde@brgm.fr";"2009-12-09";"gironde@brgm.fr";"2009-01-01";"2011-08-22";"S.BesdeBerc@brgm.fr";"sbdbAdministrateur@brgm.fr";"2";;
"104353";"AQIAA0020679";;;"galeries filantes";"carrière";"carriere";"Rouquey_02";"abandon";"public";;;"centre cavité";"précis";"precis";"plan au 1/500";"10";"2009-07-03";"M.BORDONNE";"2009-07-09";"5";"381502.000000";"1972649.000000";;"381502";"1972649";"33518";;;"gironde@brgm.fr";"2009-12-09";"gironde@brgm.fr";"2009-01-01";"2011-08-22";"S.BesdeBerc@brgm.fr";"sbdbAdministrateur@brgm.fr";"2";;
"107613";"AQIAA0020680";;;"galeries filantes";"carrière";"carriere";"Rouquey_03";"abandon";"public";;;"centre cavité";"précis";"precis";"plan au 1/500";"10";"2009-07-03";"M.BORDONNE";"2009-07-09";"5";"381532.000000";"1972652.000000";;"381532";"1972652";"33518";;;"gironde@brgm.fr";"2009-12-09";"gironde@brgm.fr";"2009-01-01";"2011-08-22";"S.BesdeBerc@brgm.fr";"sbdbAdministrateur@brgm.fr";"2";;
"107863";"AQIAA0020681";;;"galeries filantes";"carrière";"carriere";"Rouquey_04";"abandon";"public";;;"centre cavité";"précis";"precis";"plan au 1/500";"10";"2009-07-03";"M.BORDONNE";"2009-07-09";"5";"381558.000000";"1972649.000000";;"381558";"1972649";"33518";;;"gironde@brgm.fr";"2009-12-09";"gironde@brgm.fr";"2009-01-01";"2011-08-22";"S.BesdeBerc@brgm.fr";"sbdbAdministrateur@brgm.fr";"2";;
"104691";"AQIAA0020682";;;"galeries filantes";"carrière";"carriere";"Rouquey_05";"abandon";"public";;;"centre cavité";"précis";"precis";"plan au 1/500";"10";"2009-07-03";"M.BORDONNE";"2009-07-09";"5";"381547.000000";"1972630.000000";;"381547";"1972630";"33518";;;"gironde@brgm.fr";"2009-12-09";"gironde@brgm.fr";"2009-01-01";"2011-08-22";"S.BesdeBerc@brgm.fr";"sbdbAdministrateur@brgm.fr";"2";;
"104313";"AQIAA0020683";;;"galeries filantes";"carrière";"carriere";"Rouquey_06";"abandon";"public";;;"centre cavité";"précis";"precis";"plan au 1/500";"10";"2009-07-03";"M.BORDONNE";"2009-07-09";"5";"381571.000000";"1972634.000000";;"381571";"1972634";"33518";;;"gironde@brgm.fr";"2009-12-09";"gironde@brgm.fr";"2009-01-01";"2011-08-22";"S.BesdeBerc@brgm.fr";"sbdbAdministrateur@brgm.fr";"2";;
"104567";"AQIAA0020684";;;"galeries filantes";"carrière";"carriere";"Rouquey_07";"abandon";"public";;;"centre cavité";"précis";"precis";"plan au 1/500";"10";"2009-07-03";"M.BORDONNE";"2009-07-09";"5";"381580.000000";"1972632.000000";;"381580";"1972632";"33518";;;"gironde@brgm.fr";"2009-12-09";"gironde@brgm.fr";"2009-01-01";"2011-08-22";"S.BesdeBerc@brgm.fr";"sbdbAdministrateur@brgm.fr";"2";;
"107689";"AQIAA0020685";;;"galeries filantes";"carrière";"carriere";"Rouquey_08";"abandon";"public";;;"centre cavité";"précis";"precis";"plan au 1/500";"10";"2009-07-03";"M.BORDONNE";"2009-07-09";"5";"381608.000000";"1972570.000000";;"381608";"1972570";"33518";;;"gironde@brgm.fr";"2009-12-09";"gironde@brgm.fr";"2009-01-01";"2011-08-22";"S.BesdeBerc@brgm.fr";"sbdbAdministrateur@brgm.fr";"2";;
"2559";"AQIAA0020686";;;"galeries filantes";"carrière";"carriere";"Rouquey_09";"abandon";"public";;;"centre cavité";"précis";"precis";"plan au 1/500";"10";"2009-07-03";"M.BORDONNE";"2009-07-09";"5";"381665.000000";"1972591.000000";;"381665";"1972591";"33518";;;"gironde@brgm.fr";"2009-12-09";"gironde@brgm.fr";"2009-01-01";"2011-08-22";"S.BesdeBerc@brgm.fr";"sbdbAdministrateur@brgm.fr";"2";;
"107618";"AQIAA0020687";;;"chambres et galeries";"carrière";"carriere";"Rouquey_10";"abandon";"public";;;"centre cavité";"précis";"precis";"plan au 1/500";"10";"2009-07-03";"M.BORDONNE";"2009-07-09";"5";"381714.000000";"1972642.000000";;"381714";"1972642";"33518";;;"gironde@brgm.fr";"2009-12-09";"gironde@brgm.fr";"2009-01-01";"2011-08-22";"S.BesdeBerc@brgm.fr";"sbdbAdministrateur@brgm.fr";"2";;
"107971";"AQIAA0020688";;;"chambres et piliers";"carrière";"carriere";"Madrolles_01";"abandon";"public";;;"centre cavité";"précis";"precis";"plan au 1/500";"10";"2009-07-03";"M.BORDONNE";"2009-07-09";"5";"381699.000000";"1972792.000000";;"381699";"1972792";"33518";;;"gironde@brgm.fr";"2009-12-09";"gironde@brgm.fr";"2009-01-01";"2011-08-22";"S.BesdeBerc@brgm.fr";"sbdbAdministrateur@brgm.fr";"2";;
"107476";"AQIAA0020689";;;"galeries filantes";"carrière";"carriere";"Madrolles_02";"abandon";"public";;;"centre cavité";"précis";"precis";"plan au 1/500";"10";"2009-07-03";"M.BORDONNE";"2009-07-09";"5";"381755.000000";"1972744.000000";;"381755";"1972744";"33518";;;"gironde@brgm.fr";"2009-12-09";"gironde@brgm.fr";"2009-01-01";"2011-08-22";"S.BesdeBerc@brgm.fr";"sbdbAdministrateur@brgm.fr";"2";;
"108050";"AQIAA0020690";;;"galeries filantes";"carrière";"carriere";"Madrolles_03";"abandon";"public";;;"centre cavité";"précis";"precis";"plan au 1/500";"10";"2009-07-03";"M.BORDONNE";"2009-07-09";"5";"381838.000000";"1972758.000000";;"381838";"1972758";"33518";;;"gironde@brgm.fr";"2009-12-09";"gironde@brgm.fr";"2009-01-01";"2011-08-22";"S.BesdeBerc@brgm.fr";"sbdbAdministrateur@brgm.fr";"2";;
"107043";"AQIAA0020691";;;"galeries filantes";"carrière";"carriere";"Madrolles_04";"abandon";"public";;;"centre cavité";"précis";"precis";"plan au 1/500";"10";"2009-07-03";"M.BORDONNE";"2009-07-09";"5";"381861.000000";"1972775.000000";;"381861";"1972775";"33518";;;"gironde@brgm.fr";"2009-12-09";"gironde@brgm.fr";"2009-01-01";"2011-08-22";"S.BesdeBerc@brgm.fr";"sbdbAdministrateur@brgm.fr";"2";;
"107351";"AQIAA0020692";;;"galeries filantes";"carrière";"carriere";"Madrolles_05";"abandon";"public";;;"centre cavité";"précis";"precis";"plan au 1/500";"10";"2009-07-03";"M.BORDONNE";"2009-10-07";"5";"381888.000000";"1972788.000000";;"381888";"1972788";"33518";;;"gironde@brgm.fr";"2009-12-09";"gironde@brgm.fr";"2009-01-01";"2011-08-22";"S.BesdeBerc@brgm.fr";"sbdbAdministrateur@brgm.fr";"2";;
"105549";"AQIAA0020693";;;"chambres et galeries";"carrière";"carriere";"Madrolles_06";"abandon";"public";;;"centre cavité";"précis";"precis";"plan au 1/500";"10";"2009-07-03";"M.BORDONNE";"2009-07-09";"5";"381924.000000";"1972818.000000";;"381924";"1972818";"33518";;;"gironde@brgm.fr";"2009-12-09";"gironde@brgm.fr";"2009-01-01";"2011-08-22";"S.BesdeBerc@brgm.fr";"sbdbAdministrateur@brgm.fr";"2";;
"107858";"AQIAA0020694";;;"galeries filantes";"carrière";"carriere";"Madrolles_07";"abandon";"public";;;"centre cavité";"précis";"precis";"plan au 1/500";"10";"2009-07-03";"M.BORDONNE";"2009-07-09";"5";"381949.000000";"1972840.000000";;"381949";"1972840";"33518";;;"gironde@brgm.fr";"2009-12-09";"gironde@brgm.fr";"2009-01-01";"2011-08-22";"S.BesdeBerc@brgm.fr";"sbdbAdministrateur@brgm.fr";"2";;
"107548";"AQIAA0020695";;;"galeries filantes";"carrière";"carriere";"Madrolles_08";"abandon";"public";;;"centre cavité";"précis";"precis";"plan au 1/500";"10";"2009-07-03";"M.BORDONNE";"2009-07-09";"5";"381982.000000";"1972873.000000";;"381982";"1972873";"33518";;;"gironde@brgm.fr";"2009-12-09";"gironde@brgm.fr";"2009-01-01";"2011-08-22";"S.BesdeBerc@brgm.fr";"sbdbAdministrateur@brgm.fr";"2";;
"107575";"AQIAA0020696";;;"galeries filantes";"carrière";"carriere";"Madrolles_09";"abandon";"public";;;"centre cavité";"précis";"precis";"plan au 1/500";"10";"2009-07-03";"M.BORDONNE";"2009-07-09";"5";"381997.000000";"1972858.000000";;"381997";"1972858";"33518";;;"gironde@brgm.fr";"2009-12-09";"gironde@brgm.fr";"2009-01-01";"2011-08-22";"S.BesdeBerc@brgm.fr";"sbdbAdministrateur@brgm.fr";"2";;
"107493";"AQIAA0020697";;;"galeries filantes";"carrière";"carriere";"Madrolles_10";"abandon";"public";;;"centre cavité";"précis";"precis";"plan au 1/500";"10";"2009-07-03";"M.BORDONNE";"2009-07-09";"5";"382013.000000";"1972871.000000";;"382013";"1972871";"33518";;;"gironde@brgm.fr";"2009-12-09";"gironde@brgm.fr";"2009-01-01";"2011-08-22";"S.BesdeBerc@brgm.fr";"sbdbAdministrateur@brgm.fr";"2";;
"104210";"AQIAA0020698";;;"chambres et galeries";"carrière";"carriere";"Madrolles_11";"abandon";"public";;;"centre cavité";"précis";"precis";"plan au 1/500";"10";"2009-07-03";"M.BORDONNE";"2009-07-09";"5";"382021.000000";"1972877.000000";;"382021";"1972877";"33518";;;"gironde@brgm.fr";"2009-12-09";"gironde@brgm.fr";"2009-01-01";"2011-08-22";"S.BesdeBerc@brgm.fr";"sbdbAdministrateur@brgm.fr";"2";;
"107131";"AQIAA0020699";;;"chambres et piliers";"carrière";"carriere";"Madrolles_12";"abandon";"public";;;"centre cavité";"précis";"precis";"plan au 1/500";"10";"2009-07-03";"M.BORDONNE";"2009-07-09";"5";"382057.000000";"1972908.000000";;"382057";"1972908";"33518";;;"gironde@brgm.fr";"2009-12-09";"gironde@brgm.fr";"2009-01-01";"2011-08-22";"S.BesdeBerc@brgm.fr";"sbdbAdministrateur@brgm.fr";"2";;
"107333";"AQIAA0020700";;;"galeries filantes";"carrière";"carriere";"Madrolles_13";"abandon";"public";;;"centre cavité";"précis";"precis";"plan au 1/500";"10";"2009-07-03";"M.BORDONNE";"2009-07-09";"5";"382052.000000";"1972875.000000";;"382052";"1972875";"33518";;;"gironde@brgm.fr";"2009-12-09";"gironde@brgm.fr";"2009-01-01";"2011-08-22";"S.BesdeBerc@brgm.fr";"sbdbAdministrateur@brgm.fr";"2";;
"104458";"AQIAA0020701";;;"galeries filantes";"carrière";"carriere";"Madrolles_14";"abandon";"public";;;"centre cavité";"précis";"precis";"plan au 1/500";"10";"2009-07-03";"M.BORDONNE";"2009-07-09";"5";"382063.000000";"1972880.000000";;"382063";"1972880";"33518";;;"gironde@brgm.fr";"2009-12-09";"gironde@brgm.fr";"2009-01-01";"2011-08-22";"S.BesdeBerc@brgm.fr";"sbdbAdministrateur@brgm.fr";"2";;
"107443";"AQIAA0020702";;;"galeries filantes";"carrière";"carriere";"Madrolles_15";"abandon";"public";;;"centre cavité";"précis";"precis";"plan au 1/500";"10";"2009-07-03";"M.BORDONNE";"2009-07-09";"5";"382081.000000";"1972893.000000";;"382081";"1972893";"33518";;;"gironde@brgm.fr";"2009-12-09";"gironde@brgm.fr";"2009-01-01";"2011-08-22";"S.BesdeBerc@brgm.fr";"sbdbAdministrateur@brgm.fr";"2";;
"104680";"AQIAA0020703";;;"chambres et piliers";"carrière";"carriere";"Bigorre";"abandon";"public";;;"centre cavité";"précis";"precis";"plan au 1/500";"10";"2009-07-03";"M.BORDONNE";"2009-07-09";"5";"382188.000000";"1973071.000000";;"382188";"1973071";"33518";;;"gironde@brgm.fr";"2009-12-09";"gironde@brgm.fr";"2009-01-01";"2011-08-22";"S.BesdeBerc@brgm.fr";"sbdbAdministrateur@brgm.fr";"2";;
"104591";"AQIAA0020704";;;"galeries filantes";"carrière";"carriere";"Renon_Roque-Taillade";"abandon";"public";;;"centre cavité";"précis";"precis";"plan au 1/500";"10";"2009-07-03";"M.BORDONNE";"2009-07-09";"5";"382381.000000";"1972989.000000";;"382381";"1972989";"33518";;;"gironde@brgm.fr";"2009-12-09";"gironde@brgm.fr";"2009-01-01";"2011-08-22";"S.BesdeBerc@brgm.fr";"sbdbAdministrateur@brgm.fr";"2";;
"104257";"AQIAA0020705";;;"chambres et piliers";"carrière";"carriere";"Carmelet_Margoton_La_Côte";"abandon";"public";;;"centre cavité";"précis";"precis";"plan au 1/500";"10";"2009-07-03";"M.BORDONNE";"2009-07-17";"5";"382248.000000";"1972258.000000";;"382248";"1972258";"33518";;;"gironde@brgm.fr";"2009-12-09";"gironde@brgm.fr";"2009-01-01";"2011-08-22";"S.BesdeBerc@brgm.fr";"sbdbAdministrateur@brgm.fr";"2";;
"106985";"AQIAA0020706";;;"chambres et piliers";"carrière";"carriere";"Rouquey_04";"abandon";"public";;;"centre cavité";"précis";"precis";"plan au 1/500";"10";"2009-07-03";"M.BORDONNE";"2009-07-17";"5";"382078.000000";"1972720.000000";;"382078";"1972720";"33518";;;"gironde@brgm.fr";"2009-12-09";"gironde@brgm.fr";"2009-01-01";"2011-08-22";"S.BesdeBerc@brgm.fr";"sbdbAdministrateur@brgm.fr";"2";;
"107770";"AQIAA0020707";;;"galeries filantes";"carrière";"carriere";"Rouquey_03";"abandon";"public";;;"centre cavité";"précis";"precis";"plan au 1/500";"10";"2009-07-03";"M.BORDONNE";"2009-07-17";"5";"382020.000000";"1972680.000000";;"382020";"1972680";"33518";;;"gironde@brgm.fr";"2009-12-09";"gironde@brgm.fr";"2009-01-01";"2011-08-22";"S.BesdeBerc@brgm.fr";"sbdbAdministrateur@brgm.fr";"2";;
"107688";"AQIAA0020708";;;"galeries filantes";"carrière";"carriere";"Rouquey_02";"abandon";"public";;;"centre cavité";"précis";"precis";"plan au 1/500";"10";"2009-07-03";"M.BORDONNE";"2009-07-17";"5";"382031.000000";"1972626.000000";;"382031";"1972626";"33518";;;"gironde@brgm.fr";"2009-12-09";"gironde@brgm.fr";"2009-01-01";"2011-08-22";"S.BesdeBerc@brgm.fr";"sbdbAdministrateur@brgm.fr";"2";;
"104669";"AQIAA0020709";;;"chambres et piliers";"carrière";"carriere";"Rouquey_01";"abandon";"public";;;"centre cavité";"précis";"precis";"plan au 1/500";"10";"2009-07-03";"M.BORDONNE";"2009-07-17";"5";"381892.000000";"1972519.000000";;"381892";"1972519";"33518";;;"gironde@brgm.fr";"2009-12-09";"gironde@brgm.fr";"2009-01-01";"2011-08-22";"S.BesdeBerc@brgm.fr";"sbdbAdministrateur@brgm.fr";"2";;
"104517";"AQIAA0020710";;;"galeries filantes";"carrière";"carriere";"Saint_Agnan_01";"abandon";"public";;;"centre cavité";"précis";"precis";"plan au 1/500";"10";"2009-07-03";"M.BORDONNE";"2009-07-17";"5";"381912.000000";"1972203.000000";;"381912";"1972203";"33518";;;"gironde@brgm.fr";"2009-12-09";"gironde@brgm.fr";"2009-01-01";"2011-08-22";"S.BesdeBerc@brgm.fr";"sbdbAdministrateur@brgm.fr";"2";;
"104542";"AQIAA0020711";;;"galeries filantes";"carrière";"carriere";"Saint_Agnan_02";"abandon";"public";;;"centre cavité";"précis";"precis";"plan au 1/500";"10";"2009-07-03";"M.BORDONNE";"2009-07-17";"5";"381917.000000";"1972189.000000";;"381917";"1972189";"33518";;;"gironde@brgm.fr";"2009-12-09";"gironde@brgm.fr";"2009-01-01";"2011-08-22";"S.BesdeBerc@brgm.fr";"sbdbAdministrateur@brgm.fr";"2";;
"107508";"AQIAA0020712";;;"galeries filantes";"carrière";"carriere";"Saint_Agnan_03";"abandon";"public";;;"centre cavité";"précis";"precis";"plan au 1/500";"10";"2009-07-03";"M.BORDONNE";"2009-07-17";"5";"381920.000000";"1972177.000000";;"381920";"1972177";"33518";;;"gironde@brgm.fr";"2009-12-09";"gironde@brgm.fr";"2009-01-01";"2011-08-22";"S.BesdeBerc@brgm.fr";"sbdbAdministrateur@brgm.fr";"2";;
"104369";"AQIAA0020713";;;"chambres et galeries";"carrière";"carriere";"Saint_Agnan_04";"abandon";"public";;;"centre cavité";"précis";"precis";"plan au 1/500";"10";"2009-07-03";"M.BORDONNE";"2009-07-17";"5";"381942.000000";"1972118.000000";;"381942";"1972118";"33518";;;"gironde@brgm.fr";"2009-12-09";"gironde@brgm.fr";"2009-01-01";"2011-08-22";"S.BesdeBerc@brgm.fr";"sbdbAdministrateur@brgm.fr";"2";;
"108174";"AQIAA0020714";;;"galeries filantes";"carrière";"carriere";"Saint_Agnan_05";"abandon";"public";;;"centre cavité";"précis";"precis";"plan au 1/500";"10";"2009-07-03";"M.BORDONNE";"2009-07-17";"5";"381964.000000";"1972086.000000";;"381964";"1972086";"33518";;;"gironde@brgm.fr";"2009-12-09";"gironde@brgm.fr";"2009-01-01";"2011-08-22";"S.BesdeBerc@brgm.fr";"sbdbAdministrateur@brgm.fr";"2";;
"104922";"AQIAA0020715";;;"chambres et piliers";"carrière";"carriere";"Petit_Jouanin_Tuillac_01";"abandon";"public";;;"centre cavité";"précis";"precis";"plan au 1/500";"10";"2009-07-03";"M.BORDONNE";"2009-07-17";"5";"412069.000000";"1994198.000000";;"412069";"1994198";"33461";;;"gironde@brgm.fr";"2009-12-09";"gironde@brgm.fr";"2009-01-01";"2011-08-22";"S.BesdeBerc@brgm.fr";"sbdbAdministrateur@brgm.fr";"2";;
"104891";"AQIAA0020716";;;"chambres et piliers";"carrière";"carriere";"Petit_Jouanin_Tuillac_02";"abandon";"public";;;"centre cavité";"précis";"precis";"plan au 1/500";"10";"2009-07-03";"M.BORDONNE";"2009-07-17";"5";"412215.000000";"1994119.000000";;"412215";"1994119";"33461";;;"gironde@brgm.fr";"2009-12-09";"gironde@brgm.fr";"2009-01-01";"2011-08-22";"S.BesdeBerc@brgm.fr";"sbdbAdministrateur@brgm.fr";"2";;
"104970";"AQIAA0020717";;;"chambres et piliers";"carrière";"carriere";"Petit_Jouanin_Baradis_03";"abandon";"public";;;"centre cavité";"précis";"precis";"plan au 1/500";"10";"2009-07-03";"M.BORDONNE";"2009-07-17";"5";"412121.000000";"1994019.000000";;"412121";"1994019";"33461";;;"gironde@brgm.fr";"2009-12-09";"gironde@brgm.fr";"2009-01-01";"2011-08-22";"S.BesdeBerc@brgm.fr";"sbdbAdministrateur@brgm.fr";"2";;
"107459";"AQIAA0020718";;;"chambres et galeries";"carrière";"carriere";"La_Chapelle_01";"abandon";"public";;;"centre cavité";"précis";"precis";"plan au 1/500";"10";"2009-07-03";"M.BORDONNE";"2009-10-14";"5";"412413.000000";"1993424.000000";;"412413";"1993424";"33461";;;"gironde@brgm.fr";"2009-12-09";"gironde@brgm.fr";"2009-01-01";"2011-08-22";"S.BesdeBerc@brgm.fr";"sbdbAdministrateur@brgm.fr";"2";;
"104509";"AQIAA0020719";;;"chambres et piliers";"carrière";"carriere";"La_Chapelle_02";"abandon";"public";;;"centre cavité";"précis";"precis";"plan au 1/500";"10";"2009-07-03";"M.BORDONNE";"2009-10-07";"5";"412440.000000";"1993302.000000";;"412440";"1993302";"33461";;;"gironde@brgm.fr";"2009-12-09";"gironde@brgm.fr";"2009-01-01";"2011-08-22";"S.BesdeBerc@brgm.fr";"sbdbAdministrateur@brgm.fr";"2";;
"2550";"AQIAA0020720";;;"chambres et piliers";"carrière";"carriere";"Candeleyre_01";"abandon";"public";;;"centre cavité";"précis";"precis";"plan au 1/500";"10";"2009-07-03";"M.BORDONNE";"2009-07-17";"5";"413331.000000";"1994196.000000";;"413331";"1994196";"33461";;;"gironde@brgm.fr";"2009-12-09";"gironde@brgm.fr";"2009-01-01";"2011-08-22";"S.BesdeBerc@brgm.fr";"sbdbAdministrateur@brgm.fr";"2";;
"104925";"AQIAA0020721";;;"chambres et galeries";"carrière";"carriere";"Candeleyre_02";"abandon";"public";;;"centre cavité";"précis";"precis";"plan au 1/500";"10";"2009-07-03";"M.BORDONNE";"2009-07-17";"5";"413436.000000";"1994272.000000";;"413436";"1994272";"33461";;;"gironde@brgm.fr";"2009-12-09";"gironde@brgm.fr";"2009-01-01";"2011-08-22";"S.BesdeBerc@brgm.fr";"sbdbAdministrateur@brgm.fr";"2";;
"107496";"AQIAA0020722";;;"chambres et piliers";"carrière";"carriere";"Candeleyre_03";"abandon";"public";;;"centre cavité";"précis";"precis";"plan au 1/500";"10";"2009-07-03";"M.BORDONNE";"2009-07-17";"5";"413706.000000";"1994096.000000";;"413706";"1994096";"33461";;;"gironde@brgm.fr";"2009-12-09";"gironde@brgm.fr";"2009-01-01";"2011-08-22";"S.BesdeBerc@brgm.fr";"sbdbAdministrateur@brgm.fr";"2";;
"107132";"AQIAA0020723";;;"chambres et piliers";"carrière";"carriere";"Galot_Pinpin_01";"abandon";"public";;;"centre cavité";"précis";"precis";"plan au 1/500";"10";"2009-07-03";"M.BORDONNE";"2009-07-17";"5";"413189.000000";"1993546.000000";;"413189";"1993546";"33461";;;"gironde@brgm.fr";"2009-12-09";"gironde@brgm.fr";"2009-01-01";"2011-08-22";"S.BesdeBerc@brgm.fr";"sbdbAdministrateur@brgm.fr";"2";;
"107929";"AQIAA0020724";;;"chambres et galeries";"carrière";"carriere";"Galot_Pinpin_02";"abandon";"public";;;"centre cavité";"précis";"precis";"plan au 1/500";"10";"2009-07-03";"M.BORDONNE";"2009-07-17";"5";"413227.000000";"1993522.000000";;"413227";"1993522";"33461";;;"gironde@brgm.fr";"2009-12-09";"gironde@brgm.fr";"2009-01-01";"2011-08-22";"S.BesdeBerc@brgm.fr";"sbdbAdministrateur@brgm.fr";"2";;
"107420";"AQIAA0020725";;;"galeries filantes";"carrière";"carriere";"Le_Tros_01";"abandon";"public";;;"centre cavité";"précis";"precis";"plan au 1/500";"10";"2009-07-03";"M.BORDONNE";"2009-07-17";"5";"395902.000000";"1984842.000000";;"395902";"1984842";"33531";;;"gironde@brgm.fr";"2009-12-09";"gironde@brgm.fr";"2009-01-01";"2011-08-22";"S.BesdeBerc@brgm.fr";"sbdbAdministrateur@brgm.fr";"2";;
"104465";"AQIAA0020726";;;"galeries filantes";"carrière";"carriere";"Le_Tros_02";"abandon";"public";;;"centre cavité";"précis";"precis";"plan au 1/500";"10";"2009-07-03";"M.BORDONNE";"2009-10-07";"5";"395940.000000";"1984668.000000";;"395940";"1984668";"33531";;;"gironde@brgm.fr";"2009-12-09";"gironde@brgm.fr";"2009-01-01";"2011-08-22";"S.BesdeBerc@brgm.fr";"sbdbAdministrateur@brgm.fr";"2";;
"109982";"AQIAA0020727";;;"chambres et galeries";"carrière";"carriere";"Le_Tros_03";"abandon";"public";;;"centre cavité";"précis";"precis";"plan au 1/500";"10";"2009-07-03";"M.BORDONNE";"2009-07-17";"5";"396087.000000";"1984686.000000";;"396087";"1984686";"33531";;;"gironde@brgm.fr";"2009-12-09";"gironde@brgm.fr";"2009-01-01";"2011-08-22";"S.BesdeBerc@brgm.fr";"sbdbAdministrateur@brgm.fr";"2";;
"2672";"AQIAA0020728";;;"galeries filantes";"carrière";"carriere";"Les_Artigauts_01";"abandon";"public";;;"centre cavité";"précis";"precis";"plan au 1/500";"10";"2009-07-03";"M.BORDONNE";"2009-07-17";"5";"394897.000000";"1983429.000000";;"394897";"1983429";"33531";;;"gironde@brgm.fr";"2009-12-09";"gironde@brgm.fr";"2009-01-01";"2011-08-22";"S.BesdeBerc@brgm.fr";"sbdbAdministrateur@brgm.fr";"2";;
"104267";"AQIAA0020729";;;"galeries filantes";"carrière";"carriere";"Les_Artigauts_02";"abandon";"public";;;"centre cavité";"précis";"precis";"plan au 1/500";"10";"2009-07-03";"M.BORDONNE";"2009-07-17";"5";"394902.000000";"1983423.000000";;"394902";"1983423";"33531";;;"gironde@brgm.fr";"2009-12-09";"gironde@brgm.fr";"2009-01-01";"2011-08-22";"S.BesdeBerc@brgm.fr";"sbdbAdministrateur@brgm.fr";"2";;
"111314";"AQIAA0020730";;;"galeries filantes";"carrière";"carriere";"Les_Artigauts_03";"abandon";"public";;;"centre cavité";"précis";"precis";"plan au 1/500";"10";"2009-07-03";"M.BORDONNE";"2009-07-17";"5";"394920.000000";"1983413.000000";;"394920";"1983413";"33531";;;"gironde@brgm.fr";"2009-12-09";"gironde@brgm.fr";"2009-01-01";"2011-08-22";"S.BesdeBerc@brgm.fr";"sbdbAdministrateur@brgm.fr";"2";;
"104630";"AQIAA0020731";;;"galeries filantes";"carrière";"carriere";"Les_Artigauts_04";"abandon";"public";;;"centre cavité";"précis";"precis";"plan au 1/500";"10";"2009-07-03";"M.BORDONNE";"2009-07-17";"5";"394945.000000";"1983407.000000";;"394945";"1983407";"33531";;;"gironde@brgm.fr";"2009-12-09";"gironde@brgm.fr";"2009-01-01";"2011-08-22";"S.BesdeBerc@brgm.fr";"sbdbAdministrateur@brgm.fr";"2";;
"104254";"AQIAA0020732";;;"chambres et piliers";"carrière";"carriere";"Le_Belier_Plantier_de_la_Reine";"abandon";"public";;;"centre cavité";"précis";"precis";"plan au 1/500";"10";"2009-07-03";"M.BORDONNE";"2009-07-09";"5";"387628.000000";"2003009.000000";;"387628";"2003009";"33542";;;"gironde@brgm.fr";"2009-12-09";"gironde@brgm.fr";"2009-01-01";"2011-08-22";"S.BesdeBerc@brgm.fr";"sbdbAdministrateur@brgm.fr";"2";;
"104468";"AQIAA0020733";;;"galeries filantes";"carrière";"carriere";"Virles_01";"abandon";"public";;;"centre cavité";"précis";"precis";"plan au 1/500";"10";"2009-07-03";"M.BORDONNE";"2009-10-21";"5";"389323.000000";"2002934.000000";;"389323";"2002934";"33542";;;"gironde@brgm.fr";"2009-12-09";"gironde@brgm.fr";"2009-01-01";"2011-08-22";"S.BesdeBerc@brgm.fr";"sbdbAdministrateur@brgm.fr";"2";;
"107484";"AQIAA0020734";;;"chambres et piliers";"carrière";"carriere";"Virles_02";"abandon";"public";;;"centre cavité";"précis";"precis";"plan au 1/500";"10";"2009-07-03";"M.BORDONNE";"2009-10-21";"5";"389378.000000";"2002980.000000";;"389378";"2002980";"33542";;;"gironde@brgm.fr";"2009-12-09";"gironde@brgm.fr";"2009-01-01";"2011-08-22";"S.BesdeBerc@brgm.fr";"sbdbAdministrateur@brgm.fr";"2";;
"104421";"AQIAA0020736";;;"chambres et piliers";"carrière";"carriere";"Pommier";"abandon";"public";;;"centre cavité";"précis";"precis";"plan au 1/500";"10";"2009-07-07";"M.BORDONNE";"2009-07-09";"5";"390355.000000";"2002089.000000";;"390355";"2002089";"33542";;;"gironde@brgm.fr";"2009-12-09";"gironde@brgm.fr";"2009-01-01";"2011-08-22";"S.BesdeBerc@brgm.fr";"sbdbAdministrateur@brgm.fr";"2";;
"109985";"AQIAA0020749";;;"galeries filantes";"carrière";"carriere";"Contou_Menudey";"abandon";"public";;;"centre cavité";"précis";"precis";"plan au 1/500";"10";"2009-07-17";"M.BORDONNE";"2009-07-17";"5";"383390.000000";"1974112.000000";;"383390";"1974112";"33518";;;"gironde@brgm.fr";"2009-12-09";"gironde@brgm.fr";"2009-01-01";"2011-08-22";"S.BesdeBerc@brgm.fr";"sbdbAdministrateur@brgm.fr";"2";;
"107969";"AQIAA0020750";;;"chambres et piliers";"carrière";"carriere";"Bel_Air";"abandon";"public";;;"centre cavité";"précis";"precis";"plan au 1/500";"10";"2009-07-20";"M.BORDONNE";"2009-07-21";"5";"383213.000000";"2006076.000000";;"383213";"2006076";"33018";;;"gironde@brgm.fr";"2009-12-09";"gironde@brgm.fr";"2009-01-01";"2011-08-22";"S.BesdeBerc@brgm.fr";"sbdbAdministrateur@brgm.fr";"2";;
"104346";"AQIAA0020751";;;"chambres et piliers";"carrière";"carriere";"Lagarde";"abandon";"public";;;"centre cavité";"précis";"precis";"plan au 1/500";"10";"2009-07-20";"M.BORDONNE";"2009-07-21";"5";"383201.000000";"2006130.000000";;"383201";"2006130";"33018";;;"gironde@brgm.fr";"2009-12-09";"gironde@brgm.fr";"2009-01-01";"2011-08-22";"S.BesdeBerc@brgm.fr";"sbdbAdministrateur@brgm.fr";"2";;
"104828";"AQIAA0020752";;;"chambres et piliers";"carrière";"carriere";"Solesse_01";"abandon";"public";;;"centre cavité";"précis";"precis";"plan au 1/500";"10";"2009-07-20";"M.BORDONNE";"2009-07-21";"5";"383584.000000";"2006137.000000";;"383584";"2006137";"33018";;;"gironde@brgm.fr";"2009-12-09";"gironde@brgm.fr";"2009-01-01";"2011-08-22";"S.BesdeBerc@brgm.fr";"sbdbAdministrateur@brgm.fr";"2";;
"154626";"AQIAA0020753";;;"chambres et piliers";"carrière";"carriere";"Solesse_02";"abandon";"public";;;"centre cavité";"précis";"precis";"plan au 1/500";"10";"2009-07-20";"M.BORDONNE";"2024-02-08";"5";"383740.000000";"2006091.000000";;"383740";"2006091";"33018";"On observe un ancien mur en pierres sèches qui confinait un ancien effondrement et on sent un courant d'air qui sort entre le plafond de la carrière et le haut du mur en parpaings construit en 1978 pour circonscrire le comblement réalisé avec du sable. Ceci indique un vide non-négligeable dans la zone de comblement.";"";"gironde@brgm.fr";"2009-12-09";"a.fondin@brgm.fr";"2009-01-01";"2011-08-22";"S.BesdeBerc@brgm.fr";"sbdbAdministrateur@brgm.fr";"2";;
"3628";"AQIAA0020754";;;"chambres et piliers";"carrière";"carriere";"Solesse_03";"abandon";"public";;;"centre cavité";"précis";"precis";"plan au 1/500";"10";"2009-07-20";"M.BORDONNE";"2009-07-21";"5";"383643.000000";"2005999.000000";;"383643";"2005999";"33018";;;"gironde@brgm.fr";"2009-12-09";"gironde@brgm.fr";"2009-01-01";"2011-08-22";"S.BesdeBerc@brgm.fr";"sbdbAdministrateur@brgm.fr";"2";;
"104443";"AQIAA0020755";;;"chambres et piliers";"carrière";"carriere";"Solesse_04";"abandon";"public";;;"centre cavité";"précis";"precis";"plan au 1/500";"10";"2009-07-20";"M.BORDONNE";"2009-07-21";"5";"383727.000000";"2005991.000000";;"383727";"2005991";"33018";;;"gironde@brgm.fr";"2009-12-09";"gironde@brgm.fr";"2009-01-01";"2011-08-22";"S.BesdeBerc@brgm.fr";"sbdbAdministrateur@brgm.fr";"2";;
"104662";"AQIAA0020756";;;"chambres et piliers";"carrière";"carriere";"Aubie_Bourg_Nord";"abandon";"public";;;"centre cavité";"précis";"precis";"plan au 1/500";"10";"2009-07-20";"M.BORDONNE";"2009-07-21";"5";"383705.000000";"2005920.000000";;"383705";"2005920";"33018";;;"gironde@brgm.fr";"2009-12-09";"gironde@brgm.fr";"2009-01-01";"2011-08-22";"S.BesdeBerc@brgm.fr";"sbdbAdministrateur@brgm.fr";"2";;
"104634";"AQIAA0020757";;;"chambres et piliers";"carrière";"carriere";"Bouillas_La_Clotte";"abandon";"public";;;"centre cavité";"précis";"precis";"plan au 1/500";"10";"2009-07-20";"M.BORDONNE";"2009-07-21";"5";"384659.000000";"2005762.000000";;"384659";"2005762";"33018";;;"gironde@brgm.fr";"2009-12-09";"gironde@brgm.fr";"2009-01-01";"2011-08-22";"S.BesdeBerc@brgm.fr";"sbdbAdministrateur@brgm.fr";"2";;
"104975";"AQIAA0020758";;;"chambres et piliers";"carrière";"carriere";"Espessas_01";"abandon";"public";;;"centre cavité";"précis";"precis";"plan au 1/500";"10";"2009-07-20";"M.BORDONNE";"2009-07-21";"5";"384088.000000";"2005557.000000";;"384088";"2005557";"33018";;;"gironde@brgm.fr";"2009-12-09";"gironde@brgm.fr";"2009-01-01";"2011-08-22";"S.BesdeBerc@brgm.fr";"sbdbAdministrateur@brgm.fr";"2";;
"104117";"AQIAA0020759";;;"chambres et piliers";"carrière";"carriere";"Espessas_02";"abandon";"public";;;"centre cavité";"précis";"precis";"plan au 1/500";"10";"2009-07-20";"M.BORDONNE";"2009-07-21";"5";"384130.000000";"2005588.000000";;"384130";"2005588";"33018";;;"gironde@brgm.fr";"2009-12-09";"gironde@brgm.fr";"2009-01-01";"2011-08-22";"S.BesdeBerc@brgm.fr";"sbdbAdministrateur@brgm.fr";"2";;
"104973";"AQIAA0020761";;;"galeries filantes";"carrière";"carriere";"Espessas_03";"abandon";"public";;;"centre cavité";"précis";"precis";"plan au 1/500";"10";"2009-07-20";"M.BORDONNE";"2009-07-21";"5";"384130.000000";"2005547.000000";;"384130";"2005547";"33018";;;"gironde@brgm.fr";"2009-12-09";"gironde@brgm.fr";"2009-01-01";"2011-08-22";"S.BesdeBerc@brgm.fr";"sbdbAdministrateur@brgm.fr";"2";;
"107706";"AQIAA0020762";;;"chambres et galeries";"carrière";"carriere";"Espessas_04";"abandon";"public";;;"centre cavité";"précis";"precis";"plan au 1/500";"10";"2009-07-20";"M.BORDONNE";"2009-07-21";"5";"384150.000000";"2005522.000000";;"384150";"2005522";"33018";;;"gironde@brgm.fr";"2009-12-09";"gironde@brgm.fr";"2009-01-01";"2011-08-22";"S.BesdeBerc@brgm.fr";"sbdbAdministrateur@brgm.fr";"2";;
"108176";"AQIAA0020763";;;"chambres et piliers";"carrière";"carriere";"Maubras_01";"abandon";"public";;;"centre cavité";"précis";"precis";"plan au 1/500";"10";"2009-07-20";"M.BORDONNE";"2009-07-21";"5";"383402.000000";"2005520.000000";;"383402";"2005520";"33018";;;"gironde@brgm.fr";"2009-12-09";"gironde@brgm.fr";"2009-01-01";"2011-08-22";"S.BesdeBerc@brgm.fr";"sbdbAdministrateur@brgm.fr";"2";;
"118670";"AQIAA0020764";;;"galeries filantes";"carrière";"carriere";"Maubras_02";"abandon";"public";;;"centre cavité";"précis";"precis";"plan au 1/500";"10";"2009-07-20";"M.BORDONNE";"2009-07-21";"5";"383382.000000";"2005441.000000";;"383382";"2005441";"33018";;;"gironde@brgm.fr";"2009-12-09";"gironde@brgm.fr";"2009-01-01";"2011-08-22";"S.BesdeBerc@brgm.fr";"sbdbAdministrateur@brgm.fr";"2";;
"104438";"AQIAA0020765";;;"chambres et piliers";"carrière";"carriere";"La_Gruppe_01";"abandon";"public";;;"centre cavité";"précis";"precis";"plan au 1/500";"10";"2009-07-20";"M.BORDONNE";"2009-07-21";"5";"383013.000000";"2005184.000000";;"383013";"2005184";"33018";;;"gironde@brgm.fr";"2009-12-09";"gironde@brgm.fr";"2009-01-01";"2011-08-22";"S.BesdeBerc@brgm.fr";"sbdbAdministrateur@brgm.fr";"2";;
"104684";"AQIAA0020766";;;"chambres et piliers";"carrière";"carriere";"La_Gruppe_02";"abandon";"public";;;"centre cavité";"précis";"precis";"plan au 1/500";"10";"2009-07-20";"M.BORDONNE";"2009-07-21";"5";"383047.000000";"2005175.000000";;"383047";"2005175";"33018";;;"gironde@brgm.fr";"2009-12-09";"gironde@brgm.fr";"2009-01-01";"2011-08-22";"S.BesdeBerc@brgm.fr";"sbdbAdministrateur@brgm.fr";"2";;
"107550";"AQIAA0020767";;;"galeries filantes";"carrière";"carriere";"Les_Caroulles_02";"abandon";"public";;;"centre cavité";"précis";"precis";"plan au 1/500";"10";"2009-07-20";"M.BORDONNE";"2009-08-14";"5";"379417.000000";"1974423.000000";;"379417";"1974423";"33033";;;"gironde@brgm.fr";"2009-12-09";"gironde@brgm.fr";"2009-01-01";"2011-08-22";"S.BesdeBerc@brgm.fr";"sbdbAdministrateur@brgm.fr";"2";;
"104472";"AQIAA0020768";;;"galeries filantes";"carrière";"carriere";"Les_Caroulles_03";"abandon";"public";;;"centre cavité";"précis";"precis";"plan au 1/500";"10";"2009-07-20";"M.BORDONNE";"2009-08-14";"5";"379499.000000";"1974393.000000";;"379499";"1974393";"33033";;;"gironde@brgm.fr";"2009-12-09";"gironde@brgm.fr";"2009-01-01";"2011-08-22";"S.BesdeBerc@brgm.fr";"sbdbAdministrateur@brgm.fr";"2";;
"107921";"AQIAA0020769";;;"chambres et piliers";"carrière";"carriere";"Les_Caroulles_04";"abandon";"public";;;"centre cavité";"précis";"precis";"plan au 1/500";"10";"2009-07-20";"M.BORDONNE";"2009-08-14";"5";"379610.000000";"1974488.000000";;"379610";"1974488";"33033";;;"gironde@brgm.fr";"2009-12-09";"gironde@brgm.fr";"2009-01-01";"2011-08-22";"S.BesdeBerc@brgm.fr";"sbdbAdministrateur@brgm.fr";"2";;
"107416";"AQIAA0020770";;;"galeries filantes";"carrière";"carriere";"Le_Puy_01";"abandon";"public";;;"centre cavité";"précis";"precis";"plan au 1/500";"10";"2009-07-20";"M.BORDONNE";"2009-07-21";"5";"379153.000000";"1974233.000000";;"379153";"1974233";"33033";;;"gironde@brgm.fr";"2009-12-09";"gironde@brgm.fr";"2009-01-01";"2011-08-22";"S.BesdeBerc@brgm.fr";"sbdbAdministrateur@brgm.fr";"2";;
"2777";"AQIAA0020771";;;"galeries filantes";"carrière";"carriere";"Le_Puy_02";"abandon";"public";;;"centre cavité";"précis";"precis";"plan au 1/500";"10";"2009-07-20";"M.BORDONNE";"2009-07-21";"5";"379185.000000";"1974274.000000";;"379185";"1974274";"33033";;;"gironde@brgm.fr";"2009-12-09";"gironde@brgm.fr";"2009-01-01";"2011-08-22";"S.BesdeBerc@brgm.fr";"sbdbAdministrateur@brgm.fr";"2";;
"104157";"AQIAA0020772";;;"chambres et galeries";"carrière";"carriere";"Pouliot_01";"abandon";"public";;;"centre cavité";"précis";"precis";"plan au 1/500";"10";"2009-07-20";"M.BORDONNE";"2009-07-21";"5";"378671.000000";"1973694.000000";;"378671";"1973694";"33033";;;"gironde@brgm.fr";"2009-12-09";"gironde@brgm.fr";"2009-01-01";"2011-08-22";"S.BesdeBerc@brgm.fr";"sbdbAdministrateur@brgm.fr";"2";;
"107788";"AQIAA0020773";;;"chambres et piliers";"carrière";"carriere";"Pouliot_03_Bellevue_Rembeau";"abandon";"public";;;"centre cavité";"précis";"precis";"plan au 1/500";"10";"2009-07-20";"M.BORDONNE";"2009-07-21";"5";"378751.000000";"1973795.000000";;"378751";"1973795";"33033";;;"gironde@brgm.fr";"2009-12-09";"gironde@brgm.fr";"2009-01-01";"2011-08-22";"S.BesdeBerc@brgm.fr";"sbdbAdministrateur@brgm.fr";"2";;
"107506";"AQIAA0020774";;;"chambres et galeries";"carrière";"carriere";"Pouliot_02";"abandon";"public";;;"centre cavité";"précis";"precis";"plan au 1/500";"10";"2009-07-20";"M.BORDONNE";"2009-07-21";"5";"378837.000000";"1973595.000000";;"378837";"1973595";"33033";;;"gironde@brgm.fr";"2009-12-09";"gironde@brgm.fr";"2009-01-01";"2011-08-22";"S.BesdeBerc@brgm.fr";"sbdbAdministrateur@brgm.fr";"2";;
"104248";"AQIAA0020775";;;"chambres et piliers";"carrière";"carriere";"Saint_Jame_Cantelou_Pey_De_Bos";"abandon";"public";;;"centre cavité";"précis";"precis";"plan au 1/500";"10";"2009-07-20";"M.BORDONNE";"2009-07-21";"5";"379510.000000";"1973729.000000";;"379510";"1973729";"33033";;;"gironde@brgm.fr";"2009-12-09";"gironde@brgm.fr";"2009-01-01";"2011-08-22";"S.BesdeBerc@brgm.fr";"sbdbAdministrateur@brgm.fr";"2";;
"107966";"AQIAA0020776";;;"chambres et piliers";"carrière";"carriere";"Dudon_01";"abandon";"public";;;"centre cavité";"précis";"precis";"plan au 1/500";"10";"2009-07-20";"M.BORDONNE";"2009-07-21";"5";"379743.000000";"1973494.000000";;"379743";"1973494";"33033";;;"gironde@brgm.fr";"2009-12-09";"gironde@brgm.fr";"2009-01-01";"2011-08-22";"S.BesdeBerc@brgm.fr";"sbdbAdministrateur@brgm.fr";"2";;
"108193";"AQIAA0020777";;;"galeries filantes";"carrière";"carriere";"Dudon_02";"abandon";"public";;;"centre cavité";"précis";"precis";"plan au 1/500";"10";"2009-07-20";"M.BORDONNE";"2009-07-21";"5";"379868.000000";"1973493.000000";;"379868";"1973493";"33033";;;"gironde@brgm.fr";"2009-12-09";"gironde@brgm.fr";"2009-01-01";"2011-08-22";"S.BesdeBerc@brgm.fr";"sbdbAdministrateur@brgm.fr";"2";;
"104325";"AQIAA0020778";;;"chambres et galeries";"carrière";"carriere";"Dudon_03";"abandon";"public";;;"centre cavité";"précis";"precis";"plan au 1/500";"10";"2009-07-20";"M.BORDONNE";"2009-07-21";"5";"379995.000000";"1973461.000000";;"379995";"1973461";"33033";;;"gironde@brgm.fr";"2009-12-09";"gironde@brgm.fr";"2009-01-01";"2011-08-22";"S.BesdeBerc@brgm.fr";"sbdbAdministrateur@brgm.fr";"2";;
"106759";"AQIAA0020779";;;"chambres et galeries";"carrière";"carriere";"Dudon_04";"abandon";"public";;;"centre cavité";"précis";"precis";"plan au 1/500";"10";"2009-07-20";"M.BORDONNE";"2009-07-21";"5";"380014.000000";"1973457.000000";;"380014";"1973457";"33033";;;"gironde@brgm.fr";"2009-12-09";"gironde@brgm.fr";"2009-01-01";"2011-08-22";"S.BesdeBerc@brgm.fr";"sbdbAdministrateur@brgm.fr";"2";;
"104637";"AQIAA0020780";;;"chambres et galeries";"carrière";"carriere";"Montastruc_01";"abandon";"public";;;"centre cavité";"précis";"precis";"plan au 1/500";"10";"2009-07-20";"M.BORDONNE";"2009-07-21";"5";"380082.000000";"1973396.000000";;"380082";"1973396";"33033";;;"gironde@brgm.fr";"2009-12-09";"gironde@brgm.fr";"2009-01-01";"2011-08-22";"S.BesdeBerc@brgm.fr";"sbdbAdministrateur@brgm.fr";"2";;
"104972";"AQIAA0020781";;;"chambres et galeries";"carrière";"carriere";"Montastruc_02";"abandon";"public";;;"centre cavité";"précis";"precis";"plan au 1/500";"10";"2009-07-20";"M.BORDONNE";"2009-07-21";"5";"380171.000000";"1973393.000000";;"380171";"1973393";"33033";;;"gironde@brgm.fr";"2009-12-09";"gironde@brgm.fr";"2009-01-01";"2011-08-22";"S.BesdeBerc@brgm.fr";"sbdbAdministrateur@brgm.fr";"2";;
"104396";"AQIAA0020782";;;"chambres et galeries";"carrière";"carriere";"A_Nort_01";"abandon";"public";;;"centre cavité";"précis";"precis";"plan au 1/500";"10";"2009-07-20";"M.BORDONNE";"2009-07-21";"5";"380336.000000";"1973322.000000";;"380336";"1973322";"33033";;;"gironde@brgm.fr";"2009-12-09";"gironde@brgm.fr";"2009-01-01";"2011-08-22";"S.BesdeBerc@brgm.fr";"sbdbAdministrateur@brgm.fr";"2";;
"104477";"AQIAA0020783";;;"chambres et galeries";"carrière";"carriere";"A_Nort_02";"abandon";"public";;;"centre cavité";"précis";"precis";"plan au 1/500";"10";"2009-07-20";"M.BORDONNE";"2009-07-21";"5";"380372.000000";"1973313.000000";;"380372";"1973313";"33033";;;"gironde@brgm.fr";"2009-12-09";"gironde@brgm.fr";"2009-01-01";"2011-08-22";"S.BesdeBerc@brgm.fr";"sbdbAdministrateur@brgm.fr";"2";;
"104271";"AQIAA0020784";;;"chambres et galeries";"carrière";"carriere";"A_Nort_03";"abandon";"public";;;"centre cavité";"précis";"precis";"plan au 1/500";"10";"2009-07-20";"M.BORDONNE";"2009-07-21";"5";"380381.000000";"1973313.000000";;"380381";"1973313";"33033";;;"gironde@brgm.fr";"2009-12-09";"gironde@brgm.fr";"2009-01-01";"2011-08-22";"S.BesdeBerc@brgm.fr";"sbdbAdministrateur@brgm.fr";"2";;
"104751";"AQIAA0020785";;;"chambres et galeries";"carrière";"carriere";"A_Nort_04";"abandon";"public";;;"centre cavité";"précis";"precis";"plan au 1/500";"10";"2009-07-20";"M.BORDONNE";"2009-07-21";"5";"380392.000000";"1973315.000000";;"380392";"1973315";"33033";;;"gironde@brgm.fr";"2009-12-09";"gironde@brgm.fr";"2009-01-01";"2011-08-22";"S.BesdeBerc@brgm.fr";"sbdbAdministrateur@brgm.fr";"2";;
"107586";"AQIAA0020786";;;"chambres et piliers";"carrière";"carriere";"A_Nort_05";"abandon";"public";;;"centre cavité";"précis";"precis";"plan au 1/500";"10";"2009-07-20";"M.BORDONNE";"2009-07-21";"5";"380440.000000";"1973257.000000";;"380440";"1973257";"33033";;;"gironde@brgm.fr";"2009-12-09";"gironde@brgm.fr";"2009-01-01";"2011-08-22";"S.BesdeBerc@brgm.fr";"sbdbAdministrateur@brgm.fr";"2";;
"107466";"AQIAA0020787";;;"chambres et galeries";"carrière";"carriere";"Gaussens_01";"abandon";"public";;;"centre cavité";"précis";"precis";"plan au 1/500";"10";"2009-07-20";"M.BORDONNE";"2009-07-21";"5";"380511.000000";"1973223.000000";;"380511";"1973223";"33033";;;"gironde@brgm.fr";"2009-12-09";"gironde@brgm.fr";"2009-01-01";"2011-08-22";"S.BesdeBerc@brgm.fr";"sbdbAdministrateur@brgm.fr";"2";;
"107126";"AQIAA0020788";;;"chambres et piliers";"carrière";"carriere";"Gaussens_02";"abandon";"public";;;"centre cavité";"précis";"precis";"plan au 1/500";"10";"2009-07-20";"M.BORDONNE";"2009-07-21";"5";"380602.000000";"1973266.000000";;"380602";"1973266";"33033";;;"gironde@brgm.fr";"2009-12-09";"gironde@brgm.fr";"2009-01-01";"2011-08-22";"S.BesdeBerc@brgm.fr";"sbdbAdministrateur@brgm.fr";"2";;
"111312";"AQIAA0020789";;;"chambres et galeries";"carrière";"carriere";"Gaussens_03";"abandon";"public";;;"centre cavité";"précis";"precis";"plan au 1/500";"10";"2009-07-20";"M.BORDONNE";"2009-07-21";"5";"380760.000000";"1973142.000000";;"380760";"1973142";"33033";;;"gironde@brgm.fr";"2009-12-09";"gironde@brgm.fr";"2009-01-01";"2011-08-22";"S.BesdeBerc@brgm.fr";"sbdbAdministrateur@brgm.fr";"2";;
"107926";"AQIAA0020790";;;"chambres et galeries";"carrière";"carriere";"Gaussens_04";"abandon";"public";;;"centre cavité";"précis";"precis";"plan au 1/500";"10";"2009-07-20";"M.BORDONNE";"2009-07-21";"5";"380773.000000";"1973129.000000";;"380773";"1973129";"33033";;;"gironde@brgm.fr";"2009-12-09";"gironde@brgm.fr";"2009-01-01";"2011-08-22";"S.BesdeBerc@brgm.fr";"sbdbAdministrateur@brgm.fr";"2";;
"106890";"AQIAA0020791";;;"galeries filantes";"carrière";"carriere";"Puygueraud_02";"abandon";"public";;;"centre cavité";"précis";"precis";"plan au 1/500";"10";"2009-07-20";"M.BORDONNE";"2009-07-21";"5";"381031.000000";"1973378.000000";;"381031";"1973378";"33033";;;"gironde@brgm.fr";"2009-12-09";"gironde@brgm.fr";"2009-01-01";"2011-08-22";"S.BesdeBerc@brgm.fr";"sbdbAdministrateur@brgm.fr";"2";;
"108042";"AQIAA0020792";;;"galeries filantes";"carrière";"carriere";"Puygueraud_03_Caussour";"abandon";"public";;;"centre cavité";"précis";"precis";"plan au 1/500";"10";"2009-07-20";"M.BORDONNE";"2009-07-21";"5";"381094.000000";"1973363.000000";;"381094";"1973363";"33033";;;"gironde@brgm.fr";"2009-12-09";"gironde@brgm.fr";"2009-01-01";"2011-08-22";"S.BesdeBerc@brgm.fr";"sbdbAdministrateur@brgm.fr";"2";;
"106984";"AQIAA0020793";;;"galeries filantes";"carrière";"carriere";"Puygueraud_01";"abandon";"public";;;"centre cavité";"précis";"precis";"plan au 1/500";"10";"2009-07-20";"M.BORDONNE";"2009-07-21";"5";"380962.000000";"1973272.000000";;"380962";"1973272";"33033";;;"gironde@brgm.fr";"2009-12-09";"gironde@brgm.fr";"2009-01-01";"2011-08-22";"S.BesdeBerc@brgm.fr";"sbdbAdministrateur@brgm.fr";"2";;
"107135";"AQIAA0020794";;;"galeries filantes";"carrière";"carriere";"Puygueraud_04_Caussour";"abandon";"public";;;"centre cavité";"précis";"precis";"plan au 1/500";"10";"2009-07-20";"M.BORDONNE";"2009-07-21";"5";"381112.000000";"1973215.000000";;"381112";"1973215";"33033";;;"gironde@brgm.fr";"2009-12-09";"gironde@brgm.fr";"2009-01-01";"2011-08-22";"S.BesdeBerc@brgm.fr";"sbdbAdministrateur@brgm.fr";"2";;
"108035";"AQIAA0020795";;;"galeries filantes";"carrière";"carriere";"Champcenetz_01";"abandon";"public";;;"centre cavité";"précis";"precis";"plan au 1/500";"10";"2009-07-20";"M.BORDONNE";"2009-07-21";"5";"381142.000000";"1973004.000000";;"381142";"1973004";"33033";;;"gironde@brgm.fr";"2009-12-09";"gironde@brgm.fr";"2009-01-01";"2011-08-22";"S.BesdeBerc@brgm.fr";"sbdbAdministrateur@brgm.fr";"2";;
"104297";"AQIAA0020796";;;"galeries filantes";"carrière";"carriere";"Champcenetz_02";"abandon";"public";;;"centre cavité";"précis";"precis";"plan au 1/500";"10";"2009-07-20";"M.BORDONNE";"2009-07-21";"5";"381320.000000";"1972897.000000";;"381320";"1972897";"33033";;;"gironde@brgm.fr";"2009-12-09";"gironde@brgm.fr";"2009-01-01";"2011-08-22";"S.BesdeBerc@brgm.fr";"sbdbAdministrateur@brgm.fr";"2";;
"104837";"AQIAA0020797";;;"chambres et galeries";"carrière";"carriere";"Les_Caroulles_01";"abandon";"public";;;"centre cavité";"précis";"precis";"plan au 1/500";"10";"2009-07-20";"M.BORDONNE";"2009-08-14";"5";"379373.000000";"1974410.000000";;"379373";"1974410";"33033";;;"gironde@brgm.fr";"2009-12-09";"gironde@brgm.fr";"2009-01-01";"2011-08-22";"S.BesdeBerc@brgm.fr";"sbdbAdministrateur@brgm.fr";"2";;
"104610";"AQIAA0020798";;;"chambres et piliers";"carrière";"carriere";"La_Palanquette";"abandon";"public";;;"centre cavité";"précis";"precis";"plan au 1/500";"10";"2009-07-20";"M.BORDONNE";"2009-07-23";"5";"377159.000000";"1974729.000000";;"377159";"1974729";"33084";;;"gironde@brgm.fr";"2009-12-09";"gironde@brgm.fr";"2009-01-01";"2011-08-22";"S.BesdeBerc@brgm.fr";"sbdbAdministrateur@brgm.fr";"2";;
"107478";"AQIAA0020799";;;"chambres et piliers";"carrière";"carriere";"La_Corderie_01";"abandon";"public";;;"centre cavité";"précis";"precis";"plan au 1/500";"10";"2009-07-20";"M.BORDONNE";"2009-07-23";"5";"377555.000000";"1974534.000000";;"377555";"1974534";"33084";;;"gironde@brgm.fr";"2009-12-09";"gironde@brgm.fr";"2009-01-01";"2011-08-22";"S.BesdeBerc@brgm.fr";"sbdbAdministrateur@brgm.fr";"2";;
"107556";"AQIAA0020800";;;"chambres et piliers";"carrière";"carriere";"Lardit_01";"abandon";"public";;;"centre cavité";"précis";"precis";"plan au 1/500";"10";"2009-07-20";"M.BORDONNE";"2009-07-23";"5";"377690.000000";"1975054.000000";;"377690";"1975054";"33084";;;"gironde@brgm.fr";"2009-12-09";"gironde@brgm.fr";"2009-01-01";"2011-08-22";"S.BesdeBerc@brgm.fr";"sbdbAdministrateur@brgm.fr";"2";;
"104636";"AQIAA0020801";;;"chambres et galeries";"carrière";"carriere";"Lardit_02";"abandon";"public";;;"centre cavité";"précis";"precis";"plan au 1/500";"10";"2009-07-20";"M.BORDONNE";"2009-07-23";"5";"377711.000000";"1974858.000000";;"377711";"1974858";"33084";;;"gironde@brgm.fr";"2009-12-09";"gironde@brgm.fr";"2009-01-01";"2011-08-22";"S.BesdeBerc@brgm.fr";"sbdbAdministrateur@brgm.fr";"2";;
"2601";"AQIAA0020802";;;"chambres et piliers";"carrière";"carriere";"La_Corderie_02";"abandon";"public";;;"centre cavité";"précis";"precis";"plan au 1/500";"10";"2009-07-20";"M.BORDONNE";"2009-07-23";"5";"377801.000000";"1974710.000000";;"377801";"1974710";"33084";;;"gironde@brgm.fr";"2009-12-09";"gironde@brgm.fr";"2009-01-01";"2011-08-22";"S.BesdeBerc@brgm.fr";"sbdbAdministrateur@brgm.fr";"2";;
"734";"AQIAA0020803";;;"chambres et piliers";"carrière";"carriere";"La_Corderie_03_Ramonet_La_Chabanne";"abandon";"public";;;"centre cavité";"précis";"precis";"plan au 1/500";"10";"2009-07-20";"M.BORDONNE";"2009-07-23";"5";"378294.000000";"1974539.000000";;"378294";"1974539";"33084";;;"gironde@brgm.fr";"2009-12-09";"gironde@brgm.fr";"2009-01-01";"2011-08-22";"S.BesdeBerc@brgm.fr";"sbdbAdministrateur@brgm.fr";"2";;
"105587";"AQIAA0020804";;;"chambres et piliers";"carrière";"carriere";"Bastarde_01_Boisseau";"abandon";"public";;;"centre cavité";"précis";"precis";"plan au 1/500";"10";"2009-07-20";"M.BORDONNE";"2009-07-23";"5";"378667.000000";"1974394.000000";;"378667";"1974394";"33084";;;"gironde@brgm.fr";"2009-12-09";"gironde@brgm.fr";"2009-01-01";"2011-08-22";"S.BesdeBerc@brgm.fr";"sbdbAdministrateur@brgm.fr";"2";;
"106940";"AQIAA0020805";;;"chambres et piliers";"carrière";"carriere";"Loustalot_03";"abandon";"public";;;"centre cavité";"précis";"precis";"plan au 1/500";"10";"2009-07-20";"M.BORDONNE";"2009-07-23";"5";"379294.000000";"1975097.000000";;"379294";"1975097";"33084";;;"gironde@brgm.fr";"2009-12-09";"gironde@brgm.fr";"2009-01-01";"2011-08-22";"S.BesdeBerc@brgm.fr";"sbdbAdministrateur@brgm.fr";"2";;
"104513";"AQIAA0020806";;;"chambres et piliers";"carrière";"carriere";"Loustalot_01_Mirande";"abandon";"public";;;"centre cavité";"précis";"precis";"plan au 1/500";"10";"2009-07-20";"M.BORDONNE";"2009-07-23";"5";"379041.000000";"1974861.000000";;"379041";"1974861";"33084";;;"gironde@brgm.fr";"2009-12-09";"gironde@brgm.fr";"2009-01-01";"2011-08-22";"S.BesdeBerc@brgm.fr";"sbdbAdministrateur@brgm.fr";"2";;
"107595";"AQIAA0020807";;;"galeries filantes";"carrière";"carriere";"Loustalot_02_Montet";"abandon";"public";;;"centre cavité";"précis";"precis";"plan au 1/500";"10";"2009-07-20";"M.BORDONNE";"2009-07-23";"5";"379156.000000";"1974834.000000";;"379156";"1974834";"33084";;;"gironde@brgm.fr";"2009-12-09";"gironde@brgm.fr";"2009-01-01";"2011-08-22";"S.BesdeBerc@brgm.fr";"sbdbAdministrateur@brgm.fr";"2";;
"107656";"AQIAA0020808";;;"chambres et piliers";"carrière";"carriere";"Carcanac_02_Pinte_Raquine";"abandon";"public";;;"centre cavité";"précis";"precis";"plan au 1/500";"10";"2009-07-20";"M.BORDONNE";"2009-07-23";"5";"379463.000000";"1974654.000000";;"379463";"1974654";"33084";;;"gironde@brgm.fr";"2009-12-09";"gironde@brgm.fr";"2009-01-01";"2011-08-22";"S.BesdeBerc@brgm.fr";"sbdbAdministrateur@brgm.fr";"2";;
"106775";"AQIAA0020809";;;"chambres et piliers";"carrière";"carriere";"Carcanac_01_Bastarade";"abandon";"public";;;"centre cavité";"précis";"precis";"plan au 1/500";"10";"2009-07-20";"M.BORDONNE";"2009-07-23";"5";"379031.000000";"1974499.000000";;"379031";"1974499";"33084";;;"gironde@brgm.fr";"2009-12-09";"gironde@brgm.fr";"2009-01-01";"2011-08-22";"S.BesdeBerc@brgm.fr";"sbdbAdministrateur@brgm.fr";"2";;
"104627";"AQIAA0020810";;;"galeries filantes";"carrière";"carriere";"Carcanac_06";"abandon";"public";;;"centre cavité";"précis";"precis";"plan au 1/500";"10";"2009-07-20";"M.BORDONNE";"2009-07-23";"5";"379227.000000";"1974336.000000";;"379227";"1974336";"33084";;;"gironde@brgm.fr";"2009-12-09";"gironde@brgm.fr";"2009-01-01";"2011-08-22";"S.BesdeBerc@brgm.fr";"sbdbAdministrateur@brgm.fr";"2";;
"2631";"AQIAA0020811";;;"galeries filantes";"carrière";"carriere";"Carcanac_05";"abandon";"public";;;"centre cavité";"précis";"precis";"plan au 1/500";"10";"2009-07-20";"M.BORDONNE";"2009-07-23";"5";"379245.000000";"1974337.000000";;"379245";"1974337";"33084";;;"gironde@brgm.fr";"2009-12-09";"gironde@brgm.fr";"2009-01-01";"2011-08-22";"S.BesdeBerc@brgm.fr";"sbdbAdministrateur@brgm.fr";"2";;
"107361";"AQIAA0020812";;;"galeries filantes";"carrière";"carriere";"Carcanac_04";"abandon";"public";;;"centre cavité";"précis";"precis";"plan au 1/500";"10";"2009-07-20";"M.BORDONNE";"2009-07-23";"5";"379263.000000";"1974337.000000";;"379263";"1974337";"33084";;;"gironde@brgm.fr";"2009-12-09";"gironde@brgm.fr";"2009-01-01";"2011-08-22";"S.BesdeBerc@brgm.fr";"sbdbAdministrateur@brgm.fr";"2";;
"107643";"AQIAA0020813";;;"galeries filantes";"carrière";"carriere";"Carcanac_03";"abandon";"public";;;"centre cavité";"précis";"precis";"plan au 1/500";"10";"2009-07-20";"M.BORDONNE";"2009-07-23";"5";"379300.000000";"1974345.000000";;"379300";"1974345";"33084";;;"gironde@brgm.fr";"2009-12-09";"gironde@brgm.fr";"2009-01-01";"2011-08-22";"S.BesdeBerc@brgm.fr";"sbdbAdministrateur@brgm.fr";"2";;
"115665";"AQIAA0020814";;;"chambres et piliers";"carrière";"carriere";"Le_Moulin_Andouat";"abandon";"public";;;"centre cavité";"précis";"precis";"plan au 1/500";"10";"2009-07-20";"M.BORDONNE";"2009-07-23";"5";"378817.000000";"1974170.000000";;"378817";"1974170";"33084";;;"gironde@brgm.fr";"2009-12-09";"gironde@brgm.fr";"2009-01-01";"2011-08-22";"S.BesdeBerc@brgm.fr";"sbdbAdministrateur@brgm.fr";"2";;
"104593";"AQIAA0020815";;;"chambres et galeries";"carrière";"carriere";"Bellevue_La_Tuillère";"abandon";"public";;;"centre cavité";"précis";"precis";"plan au 1/500";"10";"2009-07-20";"M.BORDONNE";"2009-07-23";"5";"378648.000000";"1973713.000000";;"378648";"1973713";"33084";;;"gironde@brgm.fr";"2009-12-09";"gironde@brgm.fr";"2009-01-01";"2011-08-22";"S.BesdeBerc@brgm.fr";"sbdbAdministrateur@brgm.fr";"2";;
"104730";"AQIAA0020816";;;"chambres et piliers";"carrière";"carriere";"Quyot_01_Pasquette";"abandon";"public";;;"centre cavité";"précis";"precis";"plan au 1/500";"10";"2009-07-20";"M.BORDONNE";"2009-11-20";"5";"391100.000000";"1997036.000000";;"391100";"1997036";"33356";;;"gironde@brgm.fr";"2009-12-09";"gironde@brgm.fr";"2009-01-01";"2011-08-22";"S.BesdeBerc@brgm.fr";"sbdbAdministrateur@brgm.fr";"2";;
"104544";"AQIAA0020817";;;"galeries filantes";"carrière";"carriere";"Quyot_02";"abandon";"public";;;"centre cavité";"précis";"precis";"plan au 1/500";"10";"2009-07-20";"M.BORDONNE";"2009-07-24";"5";"391294.000000";"1996782.000000";;"391294";"1996782";"33356";;;"gironde@brgm.fr";"2009-12-09";"gironde@brgm.fr";"2009-01-01";"2011-08-22";"S.BesdeBerc@brgm.fr";"sbdbAdministrateur@brgm.fr";"2";;
"106817";"AQIAA0020818";;;"galeries filantes";"carrière";"carriere";"Quyot_03";"abandon";"public";;;"centre cavité";"précis";"precis";"plan au 1/500";"10";"2009-07-20";"M.BORDONNE";"2009-07-24";"5";"391318.000000";"1996785.000000";;"391318";"1996785";"33356";;;"gironde@brgm.fr";"2009-12-09";"gironde@brgm.fr";"2009-01-01";"2011-08-22";"S.BesdeBerc@brgm.fr";"sbdbAdministrateur@brgm.fr";"2";;
"107857";"AQIAA0020819";;;"galeries filantes";"carrière";"carriere";"Mauvert_01_Jipon";"abandon";"public";;;"centre cavité";"précis";"precis";"plan au 1/500";"10";"2009-07-20";"M.BORDONNE";"2009-07-23";"5";"385355.000000";"1969441.000000";;"385355";"1969441";"33241";;;"gironde@brgm.fr";"2009-12-09";"gironde@brgm.fr";"2009-01-01";"2011-08-22";"S.BesdeBerc@brgm.fr";"sbdbAdministrateur@brgm.fr";"2";;
"107570";"AQIAA0020820";;;"chambres et galeries";"carrière";"carriere";"Mauvert_02_La_Cote";"abandon";"public";;;"centre cavité";"précis";"precis";"plan au 1/500";"10";"2009-07-20";"M.BORDONNE";"2009-07-23";"5";"385562.000000";"1969235.000000";;"385562";"1969235";"33241";;;"gironde@brgm.fr";"2009-12-09";"gironde@brgm.fr";"2009-01-01";"2011-08-22";"S.BesdeBerc@brgm.fr";"sbdbAdministrateur@brgm.fr";"2";;
"107444";"AQIAA0020821";;;"chambres et galeries";"carrière";"carriere";"Carpentey_01_Le_Mourey";"abandon";"public";;;"centre cavité";"précis";"precis";"plan au 1/500";"10";"2009-07-20";"M.BORDONNE";"2009-07-24";"5";"389098.000000";"1998327.000000";;"389098";"1998327";"33259";;;"gironde@brgm.fr";"2009-12-09";"gironde@brgm.fr";"2009-01-01";"2011-08-22";"S.BesdeBerc@brgm.fr";"sbdbAdministrateur@brgm.fr";"2";;
"106832";"AQIAA0020822";;;"chambres et galeries";"carrière";"carriere";"Carpentey_02_Le_Mourey";"abandon";"public";;;"centre cavité";"précis";"precis";"plan au 1/500";"10";"2009-07-20";"M.BORDONNE";"2009-07-24";"5";"389134.000000";"1998315.000000";;"389134";"1998315";"33259";;;"gironde@brgm.fr";"2009-12-09";"gironde@brgm.fr";"2009-01-01";"2011-08-22";"S.BesdeBerc@brgm.fr";"sbdbAdministrateur@brgm.fr";"2";;
"107864";"AQIAA0020823";;;"chambres et galeries";"carrière";"carriere";"Becède_01_Grand_Guilhem";"abandon";"public";;;"centre cavité";"précis";"precis";"plan au 1/500";"10";"2009-07-20";"M.BORDONNE";"2009-07-24";"5";"389175.000000";"1998196.000000";;"389175";"1998196";"33259";;;"gironde@brgm.fr";"2009-12-09";"gironde@brgm.fr";"2009-01-01";"2011-08-22";"S.BesdeBerc@brgm.fr";"sbdbAdministrateur@brgm.fr";"2";;
"107601";"AQIAA0020824";;;"chambres et piliers";"carrière";"carriere";"Becède_02_Le_Sarrailley";"abandon";"public";;;"centre cavité";"précis";"precis";"plan au 1/500";"10";"2009-07-20";"M.BORDONNE";"2009-07-24";"5";"389051.000000";"1998100.000000";;"389051";"1998100";"33259";;;"gironde@brgm.fr";"2009-12-09";"gironde@brgm.fr";"2009-01-01";"2011-08-22";"S.BesdeBerc@brgm.fr";"sbdbAdministrateur@brgm.fr";"2";;
"107772";"AQIAA0020825";;;"chambres et piliers";"carrière";"carriere";"Becède_03";"abandon";"public";;;"centre cavité";"précis";"precis";"plan au 1/500";"10";"2009-07-20";"M.BORDONNE";"2009-07-24";"5";"389122.000000";"1998095.000000";;"389122";"1998095";"33259";;;"gironde@brgm.fr";"2009-12-09";"gironde@brgm.fr";"2009-01-01";"2011-08-22";"S.BesdeBerc@brgm.fr";"sbdbAdministrateur@brgm.fr";"2";;
"104262";"AQIAA0020826";;;"chambres et piliers";"carrière";"carriere";"Becède_04_Hourtet_Hortie";"abandon";"public";;;"centre cavité";"précis";"precis";"plan au 1/500";"10";"2009-07-20";"M.BORDONNE";"2009-07-24";"5";"389258.000000";"1998131.000000";;"389258";"1998131";"33259";;;"gironde@brgm.fr";"2009-12-09";"gironde@brgm.fr";"2009-01-01";"2011-08-22";"S.BesdeBerc@brgm.fr";"sbdbAdministrateur@brgm.fr";"2";;
"107617";"AQIAA0020827";;;"chambres et piliers";"carrière";"carriere";"Caneveau_01_Laulan";"abandon";"public";;;"centre cavité";"précis";"precis";"plan au 1/500";"10";"2009-07-20";"M.BORDONNE";"2009-07-24";"5";"389399.000000";"1998311.000000";;"389399";"1998311";"33259";;;"gironde@brgm.fr";"2009-12-09";"gironde@brgm.fr";"2009-01-01";"2011-08-22";"S.BesdeBerc@brgm.fr";"sbdbAdministrateur@brgm.fr";"2";;
"107359";"AQIAA0020828";;;"chambres et piliers";"carrière";"carriere";"Caneveau_02_Ridet";"abandon";"public";;;"centre cavité";"précis";"precis";"plan au 1/500";"10";"2009-07-20";"M.BORDONNE";"2009-07-24";"5";"389601.000000";"1998422.000000";;"389601";"1998422";"33259";;;"gironde@brgm.fr";"2009-12-09";"gironde@brgm.fr";"2009-01-01";"2011-08-22";"S.BesdeBerc@brgm.fr";"sbdbAdministrateur@brgm.fr";"2";;
"107451";"AQIAA0020829";;;"chambres et piliers";"carrière";"carriere";"Terrachère";"abandon";"public";;;"centre cavité";"précis";"precis";"plan au 1/500";"10";"2009-07-20";"M.BORDONNE";"2009-07-24";"5";"391337.000000";"1998185.000000";;"391337";"1998185";"33365";;;"gironde@brgm.fr";"2009-12-09";"gironde@brgm.fr";"2009-01-01";"2011-08-22";"S.BesdeBerc@brgm.fr";"sbdbAdministrateur@brgm.fr";"2";;
"107860";"AQIAA0020830";;;"chambres et piliers";"carrière";"carriere";"Belluie_01";"abandon";"public";;;"centre cavité";"précis";"precis";"plan au 1/500";"10";"2009-07-20";"M.BORDONNE";"2009-07-21";"5";"380643.000000";"2007298.000000";;"380643";"2007298";"33553";;;"gironde@brgm.fr";"2009-12-09";"gironde@brgm.fr";"2009-01-01";"2011-08-22";"S.BesdeBerc@brgm.fr";"sbdbAdministrateur@brgm.fr";"2";;
"104357";"AQIAA0020831";;;"chambres et galeries";"carrière";"carriere";"Belluie_02";"abandon";"public";;;"centre cavité";"précis";"precis";"plan au 1/500";"10";"2009-07-20";"M.BORDONNE";"2009-07-21";"5";"380778.000000";"2007313.000000";;"380778";"2007313";"33553";;;"gironde@brgm.fr";"2009-12-09";"gironde@brgm.fr";"2009-01-01";"2011-08-22";"S.BesdeBerc@brgm.fr";"sbdbAdministrateur@brgm.fr";"2";;
"107572";"AQIAA0020832";;;"chambres et galeries";"carrière";"carriere";"Château _Latour_01";"abandon";"public";;;"centre cavité";"précis";"precis";"plan au 1/500";"10";"2009-07-22";"M.BORDONNE";"2009-07-24";"5";"376295.000000";"1978865.000000";;"376295";"1978865";"33085";;;"gironde@brgm.fr";"2009-12-09";"gironde@brgm.fr";"2009-01-01";"2011-08-22";"S.BesdeBerc@brgm.fr";"sbdbAdministrateur@brgm.fr";"2";;
"104116";"AQIAA0020833";;;"chambres et galeries";"carrière";"carriere";"Château _Latour_02";"abandon";"public";;;"centre cavité";"précis";"precis";"plan au 1/500";"10";"2009-07-22";"M.BORDONNE";"2009-07-24";"5";"376320.000000";"1978852.000000";;"376320";"1978852";"33085";;;"gironde@brgm.fr";"2009-12-09";"gironde@brgm.fr";"2009-01-01";"2011-08-22";"S.BesdeBerc@brgm.fr";"sbdbAdministrateur@brgm.fr";"2";;
"106828";"AQIAA0020834";;;"chambres et galeries";"carrière";"carriere";"Château _Latour_03";"abandon";"public";;;"centre cavité";"précis";"precis";"plan au 1/500";"10";"2009-07-22";"M.BORDONNE";"2009-07-24";"5";"376357.000000";"1978832.000000";;"376357";"1978832";"33085";;;"gironde@brgm.fr";"2009-12-09";"gironde@brgm.fr";"2009-01-01";"2011-08-22";"S.BesdeBerc@brgm.fr";"sbdbAdministrateur@brgm.fr";"2";;
"106935";"AQIAA0020835";;;"chambres et galeries";"carrière";"carriere";"Château _Latour_04";"abandon";"public";;;"centre cavité";"précis";"precis";"plan au 1/500";"10";"2009-07-22";"M.BORDONNE";"2009-07-24";"5";"376382.000000";"1978809.000000";;"376382";"1978809";"33085";;;"gironde@brgm.fr";"2009-12-09";"gironde@brgm.fr";"2009-01-01";"2011-08-22";"S.BesdeBerc@brgm.fr";"sbdbAdministrateur@brgm.fr";"2";;
"107619";"AQIAA0020836";;;"chambres et piliers";"carrière";"carriere";"Château _Latour_05";"abandon";"public";;;"centre cavité";"précis";"precis";"plan au 1/500";"10";"2009-07-22";"M.BORDONNE";"2009-07-24";"5";"376532.000000";"1978866.000000";;"376532";"1978866";"33085";;;"gironde@brgm.fr";"2009-12-09";"gironde@brgm.fr";"2009-01-01";"2011-08-22";"S.BesdeBerc@brgm.fr";"sbdbAdministrateur@brgm.fr";"2";;
"2614";"AQIAA0020837";;;"chambres et piliers";"carrière";"carriere";"Pinguey_01";"abandon";"public";;;"centre cavité";"précis";"precis";"plan au 1/500";"10";"2009-07-22";"M.BORDONNE";"2009-07-24";"5";"376721.000000";"1978821.000000";;"376721";"1978821";"33085";;;"gironde@brgm.fr";"2009-12-09";"gironde@brgm.fr";"2009-01-01";"2011-08-22";"S.BesdeBerc@brgm.fr";"sbdbAdministrateur@brgm.fr";"2";;
"104950";"AQIAA0020838";;;"galeries filantes";"carrière";"carriere";"Pinguey_02";"abandon";"public";;;"centre cavité";"précis";"precis";"plan au 1/500";"10";"2009-07-22";"M.BORDONNE";"2009-07-30";"5";"376830.000000";"1978773.000000";;"376830";"1978773";"33085";;;"gironde@brgm.fr";"2009-12-09";"gironde@brgm.fr";"2009-01-01";"2011-08-22";"S.BesdeBerc@brgm.fr";"sbdbAdministrateur@brgm.fr";"2";;
"107562";"AQIAA0020839";;;"galeries filantes";"carrière";"carriere";"Pinguey_03";"abandon";"public";;;"centre cavité";"précis";"precis";"plan au 1/500";"10";"2009-07-22";"M.BORDONNE";"2009-07-30";"5";"376839.000000";"1978772.000000";;"376839";"1978772";"33085";;;"gironde@brgm.fr";"2009-12-09";"gironde@brgm.fr";"2009-01-01";"2011-08-22";"S.BesdeBerc@brgm.fr";"sbdbAdministrateur@brgm.fr";"2";;
"106722";"AQIAA0020840";;;"chambres et piliers";"carrière";"carriere";"Gardeloup_02";"abandon";"public";;;"centre cavité";"précis";"precis";"plan au 1/500";"10";"2009-07-22";"M.BORDONNE";"2009-07-24";"5";"376634.000000";"1978581.000000";;"376634";"1978581";"33085";;;"gironde@brgm.fr";"2009-12-09";"gironde@brgm.fr";"2009-01-01";"2011-08-22";"S.BesdeBerc@brgm.fr";"sbdbAdministrateur@brgm.fr";"2";;
"104114";"AQIAA0020841";;;"chambres et piliers";"carrière";"carriere";"Fonbonne_01_Drouillard";"abandon";"public";;;"centre cavité";"précis";"precis";"plan au 1/500";"10";"2009-07-22";"M.BORDONNE";"2009-07-24";"5";"376470.000000";"1978492.000000";;"376470";"1978492";"33085";;;"gironde@brgm.fr";"2009-12-09";"gironde@brgm.fr";"2009-01-01";"2011-08-22";"S.BesdeBerc@brgm.fr";"sbdbAdministrateur@brgm.fr";"2";;
"109981";"AQIAA0020842";;;"chambres et piliers";"carrière";"carriere";"Fonbonne_02_Drouillard";"abandon";"public";;;"centre cavité";"précis";"precis";"plan au 1/500";"10";"2009-07-22";"M.BORDONNE";"2009-07-24";"5";"376477.000000";"1978457.000000";;"376477";"1978457";"33085";;;"gironde@brgm.fr";"2009-12-09";"gironde@brgm.fr";"2009-01-01";"2011-08-22";"S.BesdeBerc@brgm.fr";"sbdbAdministrateur@brgm.fr";"2";;
"107780";"AQIAA0020843";;;"chambres et piliers";"carrière";"carriere";"Menut_01_Fonbonne";"abandon";"public";;;"centre cavité";"précis";"precis";"plan au 1/500";"10";"2009-07-22";"M.BORDONNE";"2009-07-24";"5";"376624.000000";"1978461.000000";;"376624";"1978461";"33085";;;"gironde@brgm.fr";"2009-12-09";"gironde@brgm.fr";"2009-01-01";"2011-08-22";"S.BesdeBerc@brgm.fr";"sbdbAdministrateur@brgm.fr";"2";;
"104433";"AQIAA0020844";;;"galeries filantes";"carrière";"carriere";"Menut_02_Piquet";"abandon";"public";;;"centre cavité";"précis";"precis";"plan au 1/500";"10";"2009-07-22";"M.BORDONNE";"2009-07-24";"5";"376771.000000";"1978334.000000";;"376771";"1978334";"33085";;;"gironde@brgm.fr";"2009-12-09";"gironde@brgm.fr";"2009-01-01";"2011-08-22";"S.BesdeBerc@brgm.fr";"sbdbAdministrateur@brgm.fr";"2";;
"104424";"AQIAA0020845";;;"chambres et piliers";"carrière";"carriere";"Vienne_Garnouilleau";"abandon";"public";;;"centre cavité";"précis";"precis";"plan au 1/500";"10";"2009-07-22";"M.BORDONNE";"2009-07-24";"5";"376583.000000";"1978305.000000";;"376583";"1978305";"33085";;;"gironde@brgm.fr";"2009-12-09";"gironde@brgm.fr";"2009-01-01";"2011-08-22";"S.BesdeBerc@brgm.fr";"sbdbAdministrateur@brgm.fr";"2";;
"104910";"AQIAA0020846";;;"galeries filantes";"carrière";"carriere";"Bavolier_01_Labory";"abandon";"public";;;"centre cavité";"précis";"precis";"plan au 1/500";"10";"2009-07-22";"M.BORDONNE";"2009-07-24";"5";"376861.000000";"1978169.000000";;"376861";"1978169";"33085";;;"gironde@brgm.fr";"2009-12-09";"gironde@brgm.fr";"2009-01-01";"2011-08-22";"S.BesdeBerc@brgm.fr";"sbdbAdministrateur@brgm.fr";"2";;
"118672";"AQIAA0020847";;;"galeries filantes";"carrière";"carriere";"Garaude_01";"abandon";"public";;;"centre cavité";"précis";"precis";"plan au 1/500";"10";"2009-07-22";"M.BORDONNE";"2009-10-07";"5";"376663.000000";"1977967.000000";;"376663";"1977967";"33085";;;"gironde@brgm.fr";"2009-12-09";"gironde@brgm.fr";"2009-01-01";"2011-08-22";"S.BesdeBerc@brgm.fr";"sbdbAdministrateur@brgm.fr";"2";;
"104435";"AQIAA0020848";;;"galeries filantes";"carrière";"carriere";"Garaude_02";"abandon";"public";;;"centre cavité";"précis";"precis";"plan au 1/500";"10";"2009-07-22";"M.BORDONNE";"2009-07-24";"5";"376874.000000";"1977974.000000";;"376874";"1977974";"33085";;;"gironde@brgm.fr";"2009-12-09";"gironde@brgm.fr";"2009-01-01";"2011-08-22";"S.BesdeBerc@brgm.fr";"sbdbAdministrateur@brgm.fr";"2";;
"104244";"AQIAA0020849";;;"chambres et galeries";"carrière";"carriere";"Camblanes_La_Chausse_Robert";"abandon";"public";;;"centre cavité";"précis";"precis";"plan au 1/500";"10";"2009-07-22";"M.BORDONNE";"2009-07-24";"5";"375905.000000";"1977682.000000";;"375905";"1977682";"33085";;;"gironde@brgm.fr";"2009-12-09";"gironde@brgm.fr";"2009-01-01";"2011-08-22";"S.BesdeBerc@brgm.fr";"sbdbAdministrateur@brgm.fr";"2";;
"108188";"AQIAA0020850";;;"galeries filantes";"carrière";"carriere";"Bernazau_01";"abandon";"public";;;"centre cavité";"précis";"precis";"plan au 1/500";"10";"2009-07-22";"M.BORDONNE";"2009-07-24";"5";"376430.000000";"1977606.000000";;"376430";"1977606";"33085";;;"gironde@brgm.fr";"2009-12-09";"gironde@brgm.fr";"2009-01-01";"2011-08-22";"S.BesdeBerc@brgm.fr";"sbdbAdministrateur@brgm.fr";"2";;
"107635";"AQIAA0020851";;;"chambres et galeries";"carrière";"carriere";"Bernazau_02_Dumanieu";"abandon";"public";;;"centre cavité";"précis";"precis";"plan au 1/500";"10";"2009-07-22";"M.BORDONNE";"2009-07-24";"5";"376572.000000";"1977575.000000";;"376572";"1977575";"33085";;;"gironde@brgm.fr";"2009-12-09";"gironde@brgm.fr";"2009-01-01";"2011-08-22";"S.BesdeBerc@brgm.fr";"sbdbAdministrateur@brgm.fr";"2";;
"107754";"AQIAA0020852";;;"chambres et galeries";"carrière";"carriere";"Bernazau_03_Dumanieu";"abandon";"public";;;"centre cavité";"précis";"precis";"plan au 1/500";"10";"2009-07-22";"M.BORDONNE";"2009-07-24";"5";"376599.000000";"1977600.000000";;"376599";"1977600";"33085";;;"gironde@brgm.fr";"2009-12-09";"gironde@brgm.fr";"2009-01-01";"2011-08-22";"S.BesdeBerc@brgm.fr";"sbdbAdministrateur@brgm.fr";"2";;
"107867";"AQIAA0020853";;;"chambres et galeries";"carrière";"carriere";"Bernazau_04_Dumanieu";"abandon";"public";;;"centre cavité";"précis";"precis";"plan au 1/500";"10";"2009-07-22";"M.BORDONNE";"2009-07-24";"5";"376701.000000";"1977643.000000";;"376701";"1977643";"33085";;;"gironde@brgm.fr";"2009-12-09";"gironde@brgm.fr";"2009-01-01";"2011-08-22";"S.BesdeBerc@brgm.fr";"sbdbAdministrateur@brgm.fr";"2";;
"104621";"AQIAA0020854";;;"chambres et galeries";"carrière";"carriere";"Bernazau_05_Dumanieu";"abandon";"public";;;"centre cavité";"précis";"precis";"plan au 1/500";"10";"2009-07-22";"M.BORDONNE";"2009-07-24";"5";"376838.000000";"1977592.000000";;"376838";"1977592";"33085";;;"gironde@brgm.fr";"2009-12-09";"gironde@brgm.fr";"2009-01-01";"2011-08-22";"S.BesdeBerc@brgm.fr";"sbdbAdministrateur@brgm.fr";"2";;
"2591";"AQIAA0020855";;;"chambres et piliers";"carrière";"carriere";"Morillon_Lotte_Le_Pine_Maugey";"abandon";"public";;;"centre cavité";"précis";"precis";"plan au 1/500";"10";"2009-07-22";"M.BORDONNE";"2009-07-30";"5";"377380.000000";"1977757.000000";;"377380";"1977757";"33085";;;"gironde@brgm.fr";"2009-12-09";"gironde@brgm.fr";"2009-01-01";"2011-08-22";"S.BesdeBerc@brgm.fr";"sbdbAdministrateur@brgm.fr";"2";;
"107360";"AQIAA0020856";;;"galeries filantes";"carrière";"carriere";"La_Pique_01";"abandon";"public";;;"centre cavité";"précis";"precis";"plan au 1/500";"10";"2009-07-22";"M.BORDONNE";"2009-07-23";"5";"395270.000000";"1981515.000000";;"395270";"1981515";"33147";;;"gironde@brgm.fr";"2009-12-09";"gironde@brgm.fr";"2009-01-01";"2011-08-22";"S.BesdeBerc@brgm.fr";"sbdbAdministrateur@brgm.fr";"2";;
"107341";"AQIAA0020857";;;"chambres et galeries";"carrière";"carriere";"La_Pique_02";"abandon";"public";;;"centre cavité";"précis";"precis";"plan au 1/500";"10";"2009-07-22";"M.BORDONNE";"2009-07-23";"5";"395267.000000";"1981452.000000";;"395267";"1981452";"33147";;;"gironde@brgm.fr";"2009-12-09";"gironde@brgm.fr";"2009-01-01";"2011-08-22";"S.BesdeBerc@brgm.fr";"sbdbAdministrateur@brgm.fr";"2";;
"107607";"AQIAA0020858";;;"chambres et galeries";"carrière";"carriere";"La_Pique_03";"abandon";"public";;;"centre cavité";"précis";"precis";"plan au 1/500";"10";"2009-07-22";"M.BORDONNE";"2009-07-23";"5";"395276.000000";"1981449.000000";;"395276";"1981449";"33147";;;"gironde@brgm.fr";"2009-12-09";"gironde@brgm.fr";"2009-01-01";"2011-08-22";"S.BesdeBerc@brgm.fr";"sbdbAdministrateur@brgm.fr";"2";;
"2825";"AQIAA0020860";;;"galeries filantes";"carrière";"carriere";"Baringue_02";"abandon";"public";;;"centre cavité";"précis";"precis";"plan au 1/500";"10";"2009-07-22";"M.BORDONNE";"2009-09-18";"5";"395352.000000";"1981373.000000";;"395352";"1981373";"33147";;;"gironde@brgm.fr";"2009-12-09";"gironde@brgm.fr";"2009-01-01";"2011-08-22";"S.BesdeBerc@brgm.fr";"sbdbAdministrateur@brgm.fr";"2";;
"2604";"AQIAA0020861";;;"chambres et piliers";"carrière";"carriere";"Baringue_03";"abandon";"public";;;"centre cavité";"précis";"precis";"plan au 1/500";"10";"2009-07-22";"M.BORDONNE";"2009-09-18";"5";"395514.000000";"1981430.000000";;"395514";"1981430";"33147";;;"gironde@brgm.fr";"2009-12-09";"gironde@brgm.fr";"2009-01-01";"2011-08-22";"S.BesdeBerc@brgm.fr";"sbdbAdministrateur@brgm.fr";"2";;
"104194";"AQIAA0020862";;;"chambres et piliers";"carrière";"carriere";"Le_Bourg_02_dite_du_Génie";"abandon";"public";;;"centre cavité";"précis";"precis";"plan au 1/500";"10";"2009-07-22";"M.BORDONNE";"2009-07-23";"5";"395491.000000";"1980910.000000";;"395491";"1980910";"33147";;;"gironde@brgm.fr";"2009-12-09";"gironde@brgm.fr";"2009-01-01";"2011-08-22";"S.BesdeBerc@brgm.fr";"sbdbAdministrateur@brgm.fr";"2";;
"104566";"AQIAA0020863";;;"chambres et galeries";"carrière";"carriere";"Le_Bourg_03_dite_Grotte_des_Brigands";"abandon";"public";;;"centre cavité";"précis";"precis";"plan au 1/500";"10";"2009-07-22";"M.BORDONNE";"2009-07-23";"5";"395061.000000";"1981222.000000";;"395061";"1981222";"33147";;;"gironde@brgm.fr";"2009-12-09";"gironde@brgm.fr";"2009-01-01";"2011-08-22";"S.BesdeBerc@brgm.fr";"sbdbAdministrateur@brgm.fr";"2";;
"107521";"AQIAA0020864";;;"chambres et galeries";"carrière";"carriere";"Le_Bourg_04";"abandon";"public";;;"centre cavité";"précis";"precis";"plan au 1/500";"10";"2009-07-22";"M.BORDONNE";"2009-07-23";"5";"395200.000000";"1981039.000000";;"395200";"1981039";"33147";;;"gironde@brgm.fr";"2009-12-09";"gironde@brgm.fr";"2009-01-01";"2011-08-22";"S.BesdeBerc@brgm.fr";"sbdbAdministrateur@brgm.fr";"2";;
"104191";"AQIAA0020865";;;"chambres et galeries";"carrière";"carriere";"Le_Bourg_05";"abandon";"public";;;"centre cavité";"précis";"precis";"plan au 1/500";"10";"2009-07-22";"M.BORDONNE";"2009-07-23";"5";"395224.000000";"1981020.000000";;"395224";"1981020";"33147";;;"gironde@brgm.fr";"2009-12-09";"gironde@brgm.fr";"2009-01-01";"2011-08-22";"S.BesdeBerc@brgm.fr";"sbdbAdministrateur@brgm.fr";"2";;
"107775";"AQIAA0020866";;;"chambres et piliers";"carrière";"carriere";"Baringue_05_Les_Ardits";"abandon";"public";;;"centre cavité";"précis";"precis";"plan au 1/500";"10";"2009-07-22";"M.BORDONNE";"2009-07-23";"5";"395726.000000";"1981118.000000";;"395726";"1981118";"33147";;;"gironde@brgm.fr";"2009-12-09";"gironde@brgm.fr";"2009-01-01";"2011-08-22";"S.BesdeBerc@brgm.fr";"sbdbAdministrateur@brgm.fr";"2";;
"107701";"AQIAA0020867";;;"chambres et piliers";"carrière";"carriere";"Baringue_06_Au_Grand_Bedat";"abandon";"public";;;"centre cavité";"précis";"precis";"plan au 1/500";"10";"2009-07-22";"M.BORDONNE";"2009-07-23";"5";"395964.000000";"1981179.000000";;"395964";"1981179";"33147";;;"gironde@brgm.fr";"2009-12-09";"gironde@brgm.fr";"2009-01-01";"2011-08-22";"S.BesdeBerc@brgm.fr";"sbdbAdministrateur@brgm.fr";"2";;
"107912";"AQIAA0020868";;;"chambres et piliers";"carrière";"carriere";"Le_Bourg_01";"abandon";"public";;;"centre cavité";"précis";"precis";"plan au 1/500";"10";"2009-07-22";"M.BORDONNE";"2009-07-23";"5";"395304.000000";"1980899.000000";;"395304";"1980899";"33147";;;"gironde@brgm.fr";"2009-12-09";"gironde@brgm.fr";"2009-01-01";"2011-08-22";"S.BesdeBerc@brgm.fr";"sbdbAdministrateur@brgm.fr";"2";;
"104526";"AQIAA0020869";;;"chambres et piliers";"carrière";"carriere";"Le_Temple_01";"abandon";"public";;;"centre cavité";"précis";"precis";"plan au 1/500";"10";"2009-07-22";"M.BORDONNE";"2009-07-23";"5";"395369.000000";"1980073.000000";;"395369";"1980073";"33147";;;"gironde@brgm.fr";"2009-12-09";"gironde@brgm.fr";"2009-01-01";"2011-08-22";"S.BesdeBerc@brgm.fr";"sbdbAdministrateur@brgm.fr";"2";;
"109319";"AQIAA0020870";;;"chambres et galeries";"carrière";"carriere";"Le_Temple_02";"abandon";"public";;;"centre cavité";"précis";"precis";"plan au 1/500";"10";"2009-07-22";"M.BORDONNE";"2009-07-23";"5";"395186.000000";"1979778.000000";;"395186";"1979778";"33147";;;"gironde@brgm.fr";"2009-12-09";"gironde@brgm.fr";"2009-01-01";"2011-08-22";"S.BesdeBerc@brgm.fr";"sbdbAdministrateur@brgm.fr";"2";;
"186308";"AQIAA0020877";;;"chambres et piliers";"carrière";"carriere";"La_Clotte_Blanche_Caruel_Le_Luc_Thau";"abandon";"public";;;"centre cavité";"précis";"precis";"plan au 1/500";"10";"2009-07-27";"M.BORDONNE";"2025-03-25";"5";"367674.000000";"2010919.000000";;"367674";"2010919";"33035";;"";"gironde@brgm.fr";"2009-12-09";"a.fondin@brgm.fr";"2009-01-01";"2011-08-22";"S.BesdeBerc@brgm.fr";"sbdbAdministrateur@brgm.fr";"2";;
"104626";"AQIAA0020878";;;"chambres et piliers";"carrière";"carriere";"Camillac_01";"abandon";"public";;;"centre cavité";"précis";"precis";"plan au 1/500";"10";"2009-07-27";"M.BORDONNE";"2009-08-12";"5";"370606.000000";"2009133.000000";;"370606";"2009133";"33067";;;"gironde@brgm.fr";"2009-12-09";"gironde@brgm.fr";"2009-01-01";"2011-08-22";"S.BesdeBerc@brgm.fr";"sbdbAdministrateur@brgm.fr";"2";;
"108100";"AQIAA0020879";;;"galeries filantes";"carrière";"carriere";"Camillac_02_Les_Cabanes";"abandon";"public";;;"centre cavité";"précis";"precis";"plan au 1/500";"10";"2009-07-27";"M.BORDONNE";"2009-08-12";"5";"370624.000000";"2008954.000000";;"370624";"2008954";"33067";;;"gironde@brgm.fr";"2009-12-09";"gironde@brgm.fr";"2009-01-01";"2011-08-22";"S.BesdeBerc@brgm.fr";"sbdbAdministrateur@brgm.fr";"2";;
"107365";"AQIAA0020880";;;"galeries filantes";"carrière";"carriere";"Cambes_01";"abandon";"public";;;"centre cavité";"précis";"precis";"plan au 1/500";"10";"2009-07-27";"M.BORDONNE";"2009-08-12";"5";"371014.000000";"2008899.000000";;"371014";"2008899";"33067";;;"gironde@brgm.fr";"2009-12-09";"gironde@brgm.fr";"2009-01-01";"2011-08-22";"S.BesdeBerc@brgm.fr";"sbdbAdministrateur@brgm.fr";"2";;
"104263";"AQIAA0020881";;;"galeries filantes";"carrière";"carriere";"Cambes_02";"abandon";"public";;;"centre cavité";"précis";"precis";"plan au 1/500";"10";"2009-07-27";"M.BORDONNE";"2009-08-12";"5";"371044.000000";"2008902.000000";;"371044";"2008902";"33067";;;"gironde@brgm.fr";"2009-12-09";"gironde@brgm.fr";"2009-01-01";"2011-08-22";"S.BesdeBerc@brgm.fr";"sbdbAdministrateur@brgm.fr";"2";;
"107472";"AQIAA0020882";;;"galeries filantes";"carrière";"carriere";"Le_Roc";"abandon";"public";;;"centre cavité";"précis";"precis";"plan au 1/500";"10";"2009-07-27";"M.BORDONNE";"2009-08-12";"5";"371371.000000";"2008693.000000";;"371371";"2008693";"33067";;;"gironde@brgm.fr";"2009-12-09";"gironde@brgm.fr";"2009-01-01";"2011-08-22";"S.BesdeBerc@brgm.fr";"sbdbAdministrateur@brgm.fr";"2";;
"104667";"AQIAA0020883";;;"chambres et piliers";"carrière";"carriere";"La_Citadelle_01";"abandon";"public";;;"centre cavité";"précis";"precis";"plan au 1/500";"10";"2009-07-27";"M.BORDONNE";"2009-08-12";"5";"371581.000000";"2008503.000000";;"371581";"2008503";"33067";;;"gironde@brgm.fr";"2009-12-09";"gironde@brgm.fr";"2009-01-01";"2011-08-22";"S.BesdeBerc@brgm.fr";"sbdbAdministrateur@brgm.fr";"2";;
"107554";"AQIAA0020884";;;"chambres et piliers";"carrière";"carriere";"La_Citadelle_02";"abandon";"public";;;"centre cavité";"précis";"precis";"plan au 1/500";"10";"2009-07-27";"M.BORDONNE";"2009-08-12";"5";"371638.000000";"2008489.000000";;"371638";"2008489";"33067";;;"gironde@brgm.fr";"2009-12-09";"gironde@brgm.fr";"2009-01-01";"2011-08-22";"S.BesdeBerc@brgm.fr";"sbdbAdministrateur@brgm.fr";"2";;
"104620";"AQIAA0020885";;;"galeries filantes";"carrière";"carriere";"La_Citadelle_03_Le_Pigeonnier";"abandon";"public";;;"centre cavité";"précis";"precis";"plan au 1/500";"10";"2009-07-27";"M.BORDONNE";"2009-08-12";"5";"371724.000000";"2008469.000000";;"371724";"2008469";"33067";;;"gironde@brgm.fr";"2009-12-09";"gironde@brgm.fr";"2009-01-01";"2011-08-22";"S.BesdeBerc@brgm.fr";"sbdbAdministrateur@brgm.fr";"2";;
"109316";"AQIAA0020886";;;"galeries filantes";"carrière";"carriere";"Le_Bourg_01_La_Halle";"abandon";"public";;;"centre cavité";"précis";"precis";"plan au 1/500";"10";"2009-07-27";"M.BORDONNE";"2009-08-12";"5";"371876.000000";"2008486.000000";;"371876";"2008486";"33067";;;"gironde@brgm.fr";"2009-12-09";"gironde@brgm.fr";"2009-01-01";"2011-08-22";"S.BesdeBerc@brgm.fr";"sbdbAdministrateur@brgm.fr";"2";;
"104553";"AQIAA0020887";;;"chambres et piliers";"carrière";"carriere";"Le_Bourg_02_Allées_Alexandrine";"abandon";"public";;;"centre cavité";"précis";"precis";"plan au 1/500";"10";"2009-07-27";"M.BORDONNE";"2009-08-12";"5";"371959.000000";"2008629.000000";;"371959";"2008629";"33067";;;"gironde@brgm.fr";"2009-12-09";"gironde@brgm.fr";"2009-01-01";"2011-08-22";"S.BesdeBerc@brgm.fr";"sbdbAdministrateur@brgm.fr";"2";;
"106761";"AQIAA0020888";;;"galeries filantes";"carrière";"carriere";"Le_Bourg_04_le_Stade";"abandon";"public";;;"centre cavité";"précis";"precis";"plan au 1/500";"10";"2009-07-27";"M.BORDONNE";"2009-08-12";"5";"371935.000000";"2008719.000000";;"371935";"2008719";"33067";;;"gironde@brgm.fr";"2009-12-09";"gironde@brgm.fr";"2009-01-01";"2011-08-22";"S.BesdeBerc@brgm.fr";"sbdbAdministrateur@brgm.fr";"2";;
"104801";"AQIAA0020889";;;"chambres et galeries";"carrière";"carriere";"Le_Bourg_05_du_Collège";"abandon";"public";;;"centre cavité";"précis";"precis";"plan au 1/500";"10";"2009-07-27";"M.BORDONNE";"2009-08-12";"5";"372090.000000";"2008776.000000";;"372090";"2008776";"33067";;;"gironde@brgm.fr";"2009-12-09";"gironde@brgm.fr";"2009-01-01";"2011-08-22";"S.BesdeBerc@brgm.fr";"sbdbAdministrateur@brgm.fr";"2";;
"108046";"AQIAA0020890";;;"chambres et piliers";"carrière";"carriere";"Le_Bourg_03_L'Eperon";"abandon";"public";;;"centre cavité";"précis";"precis";"plan au 1/500";"10";"2009-07-27";"M.BORDONNE";"2009-08-12";"5";"372073.000000";"2008581.000000";;"372073";"2008581";"33067";;;"gironde@brgm.fr";"2009-12-09";"gironde@brgm.fr";"2009-01-01";"2011-08-22";"S.BesdeBerc@brgm.fr";"sbdbAdministrateur@brgm.fr";"2";;
"104844";"AQIAA0020891";;;"chambres et galeries";"carrière";"carriere";"Salargues_01";"abandon";"public";;;"centre cavité";"précis";"precis";"plan au 1/500";"10";"2009-07-27";"M.BORDONNE";"2009-08-12";"5";"372293.000000";"2008501.000000";;"372293";"2008501";"33067";;;"gironde@brgm.fr";"2009-12-09";"gironde@brgm.fr";"2009-01-01";"2011-08-22";"S.BesdeBerc@brgm.fr";"sbdbAdministrateur@brgm.fr";"2";;
"107535";"AQIAA0020892";;;"galeries filantes";"carrière";"carriere";"Salargues_02";"abandon";"public";;;"centre cavité";"précis";"precis";"plan au 1/500";"10";"2009-07-27";"M.BORDONNE";"2009-08-12";"5";"372295.000000";"2008518.000000";;"372295";"2008518";"33067";;;"gironde@brgm.fr";"2009-12-09";"gironde@brgm.fr";"2009-01-01";"2011-08-22";"S.BesdeBerc@brgm.fr";"sbdbAdministrateur@brgm.fr";"2";;
"106814";"AQIAA0020894";;;"galeries filantes";"carrière";"carriere";"Salargues_03";"abandon";"public";;;"centre cavité";"précis";"precis";"plan au 1/500";"10";"2009-07-27";"M.BORDONNE";"2009-08-12";"5";"372316.000000";"2008492.000000";;"372316";"2008492";"33067";;;"gironde@brgm.fr";"2009-12-09";"gironde@brgm.fr";"2009-01-01";"2011-08-22";"S.BesdeBerc@brgm.fr";"sbdbAdministrateur@brgm.fr";"2";;
"104370";"AQIAA0020895";;;"chambres et galeries";"carrière";"carriere";"Salargues_04";"abandon";"public";;;"centre cavité";"précis";"precis";"plan au 1/500";"10";"2009-07-27";"M.BORDONNE";"2009-08-12";"5";"372359.000000";"2008524.000000";;"372359";"2008524";"33067";;;"gironde@brgm.fr";"2009-12-09";"gironde@brgm.fr";"2009-01-01";"2011-08-22";"S.BesdeBerc@brgm.fr";"sbdbAdministrateur@brgm.fr";"2";;
"107919";"AQIAA0020896";;;"galeries filantes";"carrière";"carriere";"Salargues_05";"abandon";"public";;;"centre cavité";"précis";"precis";"plan au 1/500";"10";"2009-07-27";"M.BORDONNE";"2009-09-14";"5";"372496.000000";"2008490.000000";;"372496";"2008490";"33067";;;"gironde@brgm.fr";"2009-12-09";"gironde@brgm.fr";"2009-01-01";"2011-08-22";"S.BesdeBerc@brgm.fr";"sbdbAdministrateur@brgm.fr";"2";;
"154628";"AQIAA0020897";;;"chambres et piliers";"carrière";"carriere";"La_Croix_Gros_Moulin_Cailloux_Haut_Ligat";"abandon";"public";;;"centre cavité";"précis";"precis";"plan au 1/500";"10";"2009-07-27";"M.BORDONNE";"2024-02-12";"5";"373281.000000";"2008658.000000";;"373281";"2008658";"33067";"janvier 2024 : éboulement de terrain devant l'entrée sud de la carrière, obstruant le passage.";"";"gironde@brgm.fr";"2009-12-09";"a.fondin@brgm.fr";"2009-01-01";"2011-08-22";"S.BesdeBerc@brgm.fr";"sbdbAdministrateur@brgm.fr";"2";;
"2650";"AQIAA0020898";;;"chambres et piliers";"carrière";"carriere";"Portier";"abandon";"public";;;"centre cavité";"précis";"precis";"plan au 1/500";"10";"2009-07-27";"M.BORDONNE";"2009-08-12";"5";"372812.000000";"2009233.000000";;"372812";"2009233";"33067";;;"gironde@brgm.fr";"2009-12-09";"gironde@brgm.fr";"2009-01-01";"2011-08-22";"S.BesdeBerc@brgm.fr";"sbdbAdministrateur@brgm.fr";"2";;
"105585";"AQIAA0020899";;;"galeries filantes";"carrière";"carriere";"Croute_01";"abandon";"public";;;"centre cavité";"précis";"precis";"plan au 1/500";"10";"2009-07-27";"M.BORDONNE";"2009-08-12";"5";"373449.000000";"2008033.000000";;"373449";"2008033";"33067";;;"gironde@brgm.fr";"2009-12-09";"gironde@brgm.fr";"2009-01-01";"2011-08-22";"S.BesdeBerc@brgm.fr";"sbdbAdministrateur@brgm.fr";"2";;
"104872";"AQIAA0020900";;;"galeries filantes";"carrière";"carriere";"Croute_02";"abandon";"public";;;"centre cavité";"précis";"precis";"plan au 1/500";"10";"2009-07-27";"M.BORDONNE";"2009-08-12";"5";"373603.000000";"2007924.000000";;"373603";"2007924";"33067";;;"gironde@brgm.fr";"2009-12-09";"gironde@brgm.fr";"2009-01-01";"2011-08-22";"S.BesdeBerc@brgm.fr";"sbdbAdministrateur@brgm.fr";"2";;
"104202";"AQIAA0020901";;;"galeries filantes";"carrière";"carriere";"Croute_03";"abandon";"public";;;"centre cavité";"précis";"precis";"plan au 1/500";"10";"2009-07-27";"M.BORDONNE";"2009-08-12";"5";"373642.000000";"2007912.000000";;"373642";"2007912";"33067";;;"gironde@brgm.fr";"2009-12-09";"gironde@brgm.fr";"2009-01-01";"2011-08-22";"S.BesdeBerc@brgm.fr";"sbdbAdministrateur@brgm.fr";"2";;
"104304";"AQIAA0020902";;;"galeries filantes";"carrière";"carriere";"Croute_04";"abandon";"public";;;"centre cavité";"précis";"precis";"plan au 1/500";"10";"2009-07-27";"M.BORDONNE";"2009-08-12";"5";"373684.000000";"2007892.000000";;"373684";"2007892";"33067";;;"gironde@brgm.fr";"2009-12-09";"gironde@brgm.fr";"2009-01-01";"2011-08-22";"S.BesdeBerc@brgm.fr";"sbdbAdministrateur@brgm.fr";"2";;
"106769";"AQIAA0020903";;;"galeries filantes";"carrière";"carriere";"Croute_05";"abandon";"public";;;"centre cavité";"précis";"precis";"plan au 1/500";"10";"2009-07-27";"M.BORDONNE";"2009-08-12";"5";"373739.000000";"2007871.000000";;"373739";"2007871";"33067";;;"gironde@brgm.fr";"2009-12-09";"gironde@brgm.fr";"2009-01-01";"2011-08-22";"S.BesdeBerc@brgm.fr";"sbdbAdministrateur@brgm.fr";"2";;
"104414";"AQIAA0020904";;;"galeries filantes";"carrière";"carriere";"Château_de_Thau_01";"abandon";"public";;;"centre cavité";"précis";"precis";"plan au 1/500";"10";"2009-07-27";"M.BORDONNE";"2009-08-14";"5";"366375.000000";"2012815.000000";;"366375";"2012815";"33182";;;"gironde@brgm.fr";"2009-12-09";"gironde@brgm.fr";"2009-01-01";"2011-08-22";"S.BesdeBerc@brgm.fr";"sbdbAdministrateur@brgm.fr";"2";;
"104374";"AQIAA0020905";;;"galeries filantes";"carrière";"carriere";"Château_de_Thau_02";"abandon";"public";;;"centre cavité";"précis";"precis";"plan au 1/500";"10";"2009-07-27";"M.BORDONNE";"2009-08-14";"5";"366369.000000";"2012803.000000";;"366369";"2012803";"33182";;;"gironde@brgm.fr";"2009-12-09";"gironde@brgm.fr";"2009-01-01";"2011-08-22";"S.BesdeBerc@brgm.fr";"sbdbAdministrateur@brgm.fr";"2";;
"104213";"AQIAA0020906";;;"galeries filantes";"carrière";"carriere";"Château_de_Thau_03";"abandon";"public";;;"centre cavité";"précis";"precis";"plan au 1/500";"10";"2009-07-27";"M.BORDONNE";"2009-08-14";"5";"366360.000000";"2012785.000000";;"366360";"2012785";"33182";;;"gironde@brgm.fr";"2009-12-09";"gironde@brgm.fr";"2009-01-01";"2011-08-22";"S.BesdeBerc@brgm.fr";"sbdbAdministrateur@brgm.fr";"2";;
"105484";"AQIAA0020907";;;"galeries filantes";"carrière";"carriere";"Château_de_Thau_04";"abandon";"public";;;"centre cavité";"précis";"precis";"plan au 1/500";"10";"2009-07-28";"M.BORDONNE";"2009-08-14";"5";"366352.000000";"2012769.000000";;"366352";"2012769";"33182";;;"gironde@brgm.fr";"2009-12-09";"gironde@brgm.fr";"2009-01-01";"2011-08-22";"S.BesdeBerc@brgm.fr";"sbdbAdministrateur@brgm.fr";"2";;
"104534";"AQIAA0020908";;;"chambres et piliers";"carrière";"carriere";"Château_de_Thau_05";"abandon";"public";;;"centre cavité";"précis";"precis";"plan au 1/500";"10";"2009-07-28";"M.BORDONNE";"2009-08-14";"5";"366349.000000";"2012675.000000";;"366349";"2012675";"33182";;;"gironde@brgm.fr";"2009-12-09";"gironde@brgm.fr";"2009-01-01";"2011-08-22";"S.BesdeBerc@brgm.fr";"sbdbAdministrateur@brgm.fr";"2";;
"106822";"AQIAA0020909";;;"chambres et galeries";"carrière";"carriere";"Château_de_Thau_06";"abandon";"public";;;"centre cavité";"précis";"precis";"plan au 1/500";"10";"2009-07-28";"M.BORDONNE";"2009-08-14";"5";"366400.000000";"2012713.000000";;"366400";"2012713";"33182";;;"gironde@brgm.fr";"2009-12-09";"gironde@brgm.fr";"2009-01-01";"2011-08-22";"S.BesdeBerc@brgm.fr";"sbdbAdministrateur@brgm.fr";"2";;
"104408";"AQIAA0020910";;;"galeries filantes";"carrière";"carriere";"Banly_Perlier_01";"abandon";"public";;;"centre cavité";"précis";"precis";"plan au 1/500";"10";"2009-07-28";"M.BORDONNE";"2009-08-14";"5";"366596.000000";"2012655.000000";;"366596";"2012655";"33182";;;"gironde@brgm.fr";"2009-12-09";"gironde@brgm.fr";"2009-01-01";"2011-08-22";"S.BesdeBerc@brgm.fr";"sbdbAdministrateur@brgm.fr";"2";;
"107403";"AQIAA0020911";;;"chambres et galeries";"carrière";"carriere";"Banly_Perlier_02";"abandon";"public";;;"centre cavité";"précis";"precis";"plan au 1/500";"10";"2009-07-28";"M.BORDONNE";"2009-08-14";"5";"366612.000000";"2012595.000000";;"366612";"2012595";"33182";;;"gironde@brgm.fr";"2009-12-09";"gironde@brgm.fr";"2009-01-01";"2011-08-22";"S.BesdeBerc@brgm.fr";"sbdbAdministrateur@brgm.fr";"2";;
"104356";"AQIAA0020912";;;"chambres et galeries";"carrière";"carriere";"Banly_Perlier_03";"abandon";"public";;;"centre cavité";"précis";"precis";"plan au 1/500";"10";"2009-07-28";"M.BORDONNE";"2009-08-14";"5";"366620.000000";"2012583.000000";;"366620";"2012583";"33182";;;"gironde@brgm.fr";"2009-12-09";"gironde@brgm.fr";"2009-01-01";"2011-08-22";"S.BesdeBerc@brgm.fr";"sbdbAdministrateur@brgm.fr";"2";;
"107463";"AQIAA0020913";;;"galeries filantes";"carrière";"carriere";"Banly_Perlier_04";"abandon";"public";;;"centre cavité";"précis";"precis";"plan au 1/500";"10";"2009-07-28";"M.BORDONNE";"2009-08-14";"5";"366626.000000";"2012570.000000";;"366626";"2012570";"33182";;;"gironde@brgm.fr";"2009-12-09";"gironde@brgm.fr";"2009-01-01";"2011-08-22";"S.BesdeBerc@brgm.fr";"sbdbAdministrateur@brgm.fr";"2";;
"106779";"AQIAA0020914";;;"galeries filantes";"carrière";"carriere";"Perrinque_Nord_01";"abandon";"public";;;"centre cavité";"précis";"precis";"plan au 1/500";"10";"2009-07-28";"M.BORDONNE";"2009-10-07";"5";"366746.000000";"2012566.000000";;"366746";"2012566";"33182";;;"gironde@brgm.fr";"2009-12-09";"gironde@brgm.fr";"2009-01-01";"2011-08-22";"S.BesdeBerc@brgm.fr";"sbdbAdministrateur@brgm.fr";"2";;
"106763";"AQIAA0020915";;;"chambres et galeries";"carrière";"carriere";"Perrinque_Nord_02";"abandon";"public";;;"centre cavité";"précis";"precis";"plan au 1/500";"10";"2009-07-28";"M.BORDONNE";"2009-08-14";"5";"366758.000000";"2012551.000000";;"366758";"2012551";"33182";;;"gironde@brgm.fr";"2009-12-09";"gironde@brgm.fr";"2009-01-01";"2011-08-22";"S.BesdeBerc@brgm.fr";"sbdbAdministrateur@brgm.fr";"2";;
"2551";"AQIAA0020916";;;"galeries filantes";"carrière";"carriere";"Perrinque_Nord_03";"abandon";"public";;;"centre cavité";"précis";"precis";"plan au 1/500";"10";"2009-07-28";"M.BORDONNE";"2009-10-07";"5";"366764.000000";"2012540.000000";;"366764";"2012540";"33182";;;"gironde@brgm.fr";"2009-12-09";"gironde@brgm.fr";"2009-01-01";"2011-08-22";"S.BesdeBerc@brgm.fr";"sbdbAdministrateur@brgm.fr";"2";;
"104256";"AQIAA0020917";;;"chambres et galeries";"carrière";"carriere";"Perrinque_Nord_04";"abandon";"public";;;"centre cavité";"précis";"precis";"plan au 1/500";"10";"2009-07-28";"M.BORDONNE";"2009-08-14";"5";"366764.000000";"2012531.000000";;"366764";"2012531";"33182";;;"gironde@brgm.fr";"2009-12-09";"gironde@brgm.fr";"2009-01-01";"2011-08-22";"S.BesdeBerc@brgm.fr";"sbdbAdministrateur@brgm.fr";"2";;
"104204";"AQIAA0020918";;;"chambres et galeries";"carrière";"carriere";"Perrinque_Nord_05";"abandon";"public";;;"centre cavité";"précis";"precis";"plan au 1/500";"10";"2009-07-28";"M.BORDONNE";"2009-08-14";"5";"366806.000000";"2012528.000000";;"366806";"2012528";"33182";;;"gironde@brgm.fr";"2009-12-09";"gironde@brgm.fr";"2009-01-01";"2011-08-22";"S.BesdeBerc@brgm.fr";"sbdbAdministrateur@brgm.fr";"2";;
"107323";"AQIAA0020919";;;"galeries filantes";"carrière";"carriere";"Perrinque_Nord_06";"abandon";"public";;;"centre cavité";"précis";"precis";"plan au 1/500";"10";"2009-07-28";"M.BORDONNE";"2009-08-14";"5";"366839.000000";"2012533.000000";;"366839";"2012533";"33182";;;"gironde@brgm.fr";"2009-12-09";"gironde@brgm.fr";"2009-01-01";"2011-08-22";"S.BesdeBerc@brgm.fr";"sbdbAdministrateur@brgm.fr";"2";;
"107141";"AQIAA0020920";;;"galeries filantes";"carrière";"carriere";"Perrinque_Nord_07";"abandon";"public";;;"centre cavité";"précis";"precis";"plan au 1/500";"10";"2009-07-28";"M.BORDONNE";"2009-08-14";"5";"366832.000000";"2012524.000000";;"366832";"2012524";"33182";;;"gironde@brgm.fr";"2009-12-09";"gironde@brgm.fr";"2009-01-01";"2011-08-22";"S.BesdeBerc@brgm.fr";"sbdbAdministrateur@brgm.fr";"2";;
"104330";"AQIAA0020921";;;"chambres et galeries";"carrière";"carriere";"Perrinque_Nord_08";"abandon";"public";;;"centre cavité";"précis";"precis";"plan au 1/500";"10";"2009-07-28";"M.BORDONNE";"2009-08-14";"5";"366819.000000";"2012508.000000";;"366819";"2012508";"33182";;;"gironde@brgm.fr";"2009-12-09";"gironde@brgm.fr";"2009-01-01";"2011-08-22";"S.BesdeBerc@brgm.fr";"sbdbAdministrateur@brgm.fr";"2";;
"104709";"AQIAA0020922";;;"galeries filantes";"carrière";"carriere";"Perrinque_Nord_09";"abandon";"public";;;"centre cavité";"précis";"precis";"plan au 1/500";"10";"2009-07-28";"M.BORDONNE";"2009-10-07";"5";"366818.000000";"2012481.000000";;"366818";"2012481";"33182";;;"gironde@brgm.fr";"2009-12-09";"gironde@brgm.fr";"2009-01-01";"2011-08-22";"S.BesdeBerc@brgm.fr";"sbdbAdministrateur@brgm.fr";"2";;
"104882";"AQIAA0020923";;;"galeries filantes";"carrière";"carriere";"Barruet_01";"abandon";"public";;;"centre cavité";"précis";"precis";"plan au 1/500";"10";"2009-07-28";"M.BORDONNE";"2009-08-14";"5";"367167.000000";"2012361.000000";;"367167";"2012361";"33182";;;"gironde@brgm.fr";"2009-12-09";"gironde@brgm.fr";"2009-01-01";"2011-08-22";"S.BesdeBerc@brgm.fr";"sbdbAdministrateur@brgm.fr";"2";;
"107593";"AQIAA0020924";;;"galeries filantes";"carrière";"carriere";"Barruet_02";"abandon";"public";;;"centre cavité";"précis";"precis";"plan au 1/500";"10";"2009-07-28";"M.BORDONNE";"2009-08-14";"5";"367175.000000";"2012344.000000";;"367175";"2012344";"33182";;;"gironde@brgm.fr";"2009-12-09";"gironde@brgm.fr";"2009-01-01";"2011-08-22";"S.BesdeBerc@brgm.fr";"sbdbAdministrateur@brgm.fr";"2";;
"104242";"AQIAA0020925";;;"galeries filantes";"carrière";"carriere";"Barruet_03";"abandon";"public";;;"centre cavité";"précis";"precis";"plan au 1/500";"10";"2009-07-28";"M.BORDONNE";"2009-08-14";"5";"367210.000000";"2012290.000000";;"367210";"2012290";"33182";;;"gironde@brgm.fr";"2009-12-09";"gironde@brgm.fr";"2009-01-01";"2011-08-22";"S.BesdeBerc@brgm.fr";"sbdbAdministrateur@brgm.fr";"2";;
"107380";"AQIAA0020926";;;"chambres et galeries";"carrière";"carriere";"Barruet_04";"abandon";"public";;;"centre cavité";"précis";"precis";"plan au 1/500";"10";"2009-07-28";"M.BORDONNE";"2009-08-14";"5";"367231.000000";"2012267.000000";;"367231";"2012267";"33182";;;"gironde@brgm.fr";"2009-12-09";"gironde@brgm.fr";"2009-01-01";"2011-08-22";"S.BesdeBerc@brgm.fr";"sbdbAdministrateur@brgm.fr";"2";;
"104886";"AQIAA0020927";;;"galeries filantes";"carrière";"carriere";"Bone";"abandon";"public";;;"centre cavité";"précis";"precis";"plan au 1/500";"10";"2009-07-28";"M.BORDONNE";"2009-08-14";"5";"367217.000000";"2011732.000000";;"367217";"2011732";"33182";;;"gironde@brgm.fr";"2009-12-09";"gironde@brgm.fr";"2009-01-01";"2011-08-22";"S.BesdeBerc@brgm.fr";"sbdbAdministrateur@brgm.fr";"2";;
"104938";"AQIAA0020929";;;"chambres et galeries";"carrière";"carriere";"Marchais_Le_Grand_Plantier";"abandon";"public";;;"centre cavité";"précis";"precis";"plan au 1/500";"10";"2009-07-28";"M.BORDONNE";"2009-08-14";"5";"369663.000000";"2009721.000000";;"369663";"2009721";"33475";;;"gironde@brgm.fr";"2009-12-09";"gironde@brgm.fr";"2009-01-01";"2011-08-22";"S.BesdeBerc@brgm.fr";"sbdbAdministrateur@brgm.fr";"2";;
"107787";"AQIAA0020930";;;"chambres et galeries";"carrière";"carriere";"Cote_de_Saint_Pey_01";"abandon";"public";;;"centre cavité";"précis";"precis";"plan au 1/500";"10";"2009-07-28";"M.BORDONNE";"2009-08-14";"5";"409687.000000";"1981919.000000";;"409687";"1981919";"33460";;;"gironde@brgm.fr";"2009-12-09";"gironde@brgm.fr";"2009-01-01";"2011-08-22";"S.BesdeBerc@brgm.fr";"sbdbAdministrateur@brgm.fr";"2";;
"104658";"AQIAA0020931";;;"chambres et galeries";"carrière";"carriere";"Cote_de_Saint_Pey_02";"abandon";"public";;;"centre cavité";"précis";"precis";"plan au 1/500";"10";"2009-07-28";"M.BORDONNE";"2009-10-07";"5";"409669.000000";"1981901.000000";;"409669";"1981901";"33460";;;"gironde@brgm.fr";"2009-12-09";"gironde@brgm.fr";"2009-01-01";"2011-08-22";"S.BesdeBerc@brgm.fr";"sbdbAdministrateur@brgm.fr";"2";;
"104199";"AQIAA0020932";;;"chambres et piliers";"carrière";"carriere";"Cardeneau_Le_Coin";"abandon";"public";;;"centre cavité";"précis";"precis";"plan au 1/500";"10";"2009-07-28";"M.BORDONNE";"2009-08-14";"5";"409445.000000";"1981430.000000";;"409445";"1981430";"33460";;;"gironde@brgm.fr";"2009-12-09";"gironde@brgm.fr";"2009-01-01";"2011-08-22";"S.BesdeBerc@brgm.fr";"sbdbAdministrateur@brgm.fr";"2";;
"107129";"AQIAA0020933";;;"chambres et galeries";"carrière";"carriere";"Timbau_01";"abandon";"public";;;"centre cavité";"précis";"precis";"plan au 1/500";"10";"2009-07-28";"M.BORDONNE";"2009-08-14";"5";"409072.000000";"1981337.000000";;"409072";"1981337";"33460";;;"gironde@brgm.fr";"2009-12-09";"gironde@brgm.fr";"2009-01-01";"2011-08-22";"S.BesdeBerc@brgm.fr";"sbdbAdministrateur@brgm.fr";"2";;
"106987";"AQIAA0020934";;;"chambres et galeries";"carrière";"carriere";"Timbau_02";"abandon";"public";;;"centre cavité";"précis";"precis";"plan au 1/500";"10";"2009-07-28";"M.BORDONNE";"2009-08-14";"5";"409197.000000";"1981173.000000";;"409197";"1981173";"33460";;;"gironde@brgm.fr";"2009-12-09";"gironde@brgm.fr";"2009-01-01";"2011-08-22";"S.BesdeBerc@brgm.fr";"sbdbAdministrateur@brgm.fr";"2";;
"107124";"AQIAA0020935";;;"galeries filantes";"carrière";"carriere";"Gariga_01";"abandon";"public";;;"centre cavité";"précis";"precis";"plan au 1/500";"10";"2009-07-28";"M.BORDONNE";"2009-07-30";"5";"399039.000000";"1983626.000000";;"399039";"1983626";"33194";;;"gironde@brgm.fr";"2009-12-09";"gironde@brgm.fr";"2009-01-01";"2011-08-22";"S.BesdeBerc@brgm.fr";"sbdbAdministrateur@brgm.fr";"2";;
"106881";"AQIAA0020936";;;"galeries filantes";"carrière";"carriere";"Gariga_02";"abandon";"public";;;"centre cavité";"précis";"precis";"plan au 1/500";"10";"2009-07-28";"M.BORDONNE";"2009-07-30";"5";"398972.000000";"1983640.000000";;"398972";"1983640";"33194";;;"gironde@brgm.fr";"2009-12-09";"gironde@brgm.fr";"2009-01-01";"2011-08-22";"S.BesdeBerc@brgm.fr";"sbdbAdministrateur@brgm.fr";"2";;
"104675";"AQIAA0020937";;;"galeries filantes";"carrière";"carriere";"Gariga_03";"abandon";"public";;;"centre cavité";"précis";"precis";"plan au 1/500";"10";"2009-07-28";"M.BORDONNE";"2009-10-07";"5";"398958.000000";"1983642.000000";;"398958";"1983642";"33194";;;"gironde@brgm.fr";"2009-12-09";"gironde@brgm.fr";"2009-01-01";"2011-08-22";"S.BesdeBerc@brgm.fr";"sbdbAdministrateur@brgm.fr";"2";;
"107633";"AQIAA0020938";;;"chambres et galeries";"carrière";"carriere";"Gariga_04";"abandon";"public";;;"centre cavité";"précis";"precis";"plan au 1/500";"10";"2009-07-28";"M.BORDONNE";"2009-07-30";"5";"398949.000000";"1983611.000000";;"398949";"1983611";"33194";;;"gironde@brgm.fr";"2009-12-09";"gironde@brgm.fr";"2009-01-01";"2011-08-22";"S.BesdeBerc@brgm.fr";"sbdbAdministrateur@brgm.fr";"2";;
"106767";"AQIAA0020939";;;"galeries filantes";"carrière";"carriere";"Gariga_05";"abandon";"public";;;"centre cavité";"précis";"precis";"plan au 1/500";"10";"2009-07-28";"M.BORDONNE";"2009-07-30";"5";"398932.000000";"1983628.000000";;"398932";"1983628";"33194";;;"gironde@brgm.fr";"2009-12-09";"gironde@brgm.fr";"2009-01-01";"2011-08-22";"S.BesdeBerc@brgm.fr";"sbdbAdministrateur@brgm.fr";"2";;
"104347";"AQIAA0020940";;;"galeries filantes";"carrière";"carriere";"Gariga_06";"abandon";"public";;;"centre cavité";"précis";"precis";"plan au 1/500";"10";"2009-07-28";"M.BORDONNE";"2009-07-30";"5";"398913.000000";"1983638.000000";;"398913";"1983638";"33194";;;"gironde@brgm.fr";"2009-12-09";"gironde@brgm.fr";"2009-01-01";"2011-08-22";"S.BesdeBerc@brgm.fr";"sbdbAdministrateur@brgm.fr";"2";;
"108108";"AQIAA0020941";;;"chambres et piliers";"carrière";"carriere";"Ténot_01";"abandon";"public";;;"centre cavité";"précis";"precis";"plan au 1/500";"10";"2009-07-28";"M.BORDONNE";"2009-07-30";"5";"398709.000000";"1983557.000000";;"398709";"1983557";"33194";;;"gironde@brgm.fr";"2009-12-09";"gironde@brgm.fr";"2009-01-01";"2011-08-22";"S.BesdeBerc@brgm.fr";"sbdbAdministrateur@brgm.fr";"2";;
"107917";"AQIAA0020942";;;"chambres et piliers";"carrière";"carriere";"Ténot_02";"abandon";"public";;;"centre cavité";"précis";"precis";"plan au 1/500";"10";"2009-07-28";"M.BORDONNE";"2009-07-30";"5";"398807.000000";"1983526.000000";;"398807";"1983526";"33194";;;"gironde@brgm.fr";"2009-12-09";"gironde@brgm.fr";"2009-01-01";"2011-08-22";"S.BesdeBerc@brgm.fr";"sbdbAdministrateur@brgm.fr";"2";;
"106933";"AQIAA0020943";;;"chambres et piliers";"carrière";"carriere";"Ténot_06";"abandon";"public";;;"centre cavité";"précis";"precis";"plan au 1/500";"10";"2009-07-28";"M.BORDONNE";"2009-07-30";"5";"398832.000000";"1983411.000000";;"398832";"1983411";"33194";;;"gironde@brgm.fr";"2009-12-09";"gironde@brgm.fr";"2009-01-01";"2011-08-22";"S.BesdeBerc@brgm.fr";"sbdbAdministrateur@brgm.fr";"2";;
"104594";"AQIAA0020944";;;"chambres et galeries";"carrière";"carriere";"Ténot_04";"abandon";"public";;;"centre cavité";"précis";"precis";"plan au 1/500";"10";"2009-07-28";"M.BORDONNE";"2009-07-30";"5";"398756.000000";"1983390.000000";;"398756";"1983390";"33194";;;"gironde@brgm.fr";"2009-12-09";"gironde@brgm.fr";"2009-01-01";"2011-08-22";"S.BesdeBerc@brgm.fr";"sbdbAdministrateur@brgm.fr";"2";;
"106897";"AQIAA0020945";;;"chambres et piliers";"carrière";"carriere";"Ténot_03";"abandon";"public";;;"centre cavité";"précis";"precis";"plan au 1/500";"10";"2009-07-28";"M.BORDONNE";"2009-07-30";"5";"398701.000000";"1983359.000000";;"398701";"1983359";"33194";;;"gironde@brgm.fr";"2009-12-09";"gironde@brgm.fr";"2009-01-01";"2011-08-22";"S.BesdeBerc@brgm.fr";"sbdbAdministrateur@brgm.fr";"2";;
"2679";"AQIAA0020946";;;"chambres et piliers";"carrière";"carriere";"Ténot_05";"abandon";"public";;;"centre cavité";"précis";"precis";"plan au 1/500";"10";"2009-07-28";"M.BORDONNE";"2009-07-30";"5";"398722.000000";"1983289.000000";;"398722";"1983289";"33194";;;"gironde@brgm.fr";"2009-12-09";"gironde@brgm.fr";"2009-01-01";"2011-08-22";"S.BesdeBerc@brgm.fr";"sbdbAdministrateur@brgm.fr";"2";;
"104853";"AQIAA0020947";;;"chambres et piliers";"carrière";"carriere";"Château_de_Mouchac";"abandon";"public";;;"centre cavité";"précis";"precis";"plan au 1/500";"10";"2009-07-28";"M.BORDONNE";"2009-07-30";"5";"398460.000000";"1983286.000000";;"398460";"1983286";"33194";;;"gironde@brgm.fr";"2009-12-09";"gironde@brgm.fr";"2009-01-01";"2011-08-22";"S.BesdeBerc@brgm.fr";"sbdbAdministrateur@brgm.fr";"2";;
"104301";"AQIAA0020948";;;"chambres et piliers";"carrière";"carriere";"La_Roque_02";"abandon";"public";;;"centre cavité";"précis";"precis";"plan au 1/500";"10";"2009-07-28";"M.BORDONNE";"2009-07-30";"5";"398568.000000";"1983148.000000";;"398568";"1983148";"33194";;;"gironde@brgm.fr";"2009-12-09";"gironde@brgm.fr";"2009-01-01";"2011-08-22";"S.BesdeBerc@brgm.fr";"sbdbAdministrateur@brgm.fr";"2";;
"108047";"AQIAA0020949";;;"chambres et galeries";"carrière";"carriere";"La_Roque_01";"abandon";"public";;;"centre cavité";"précis";"precis";"plan au 1/500";"10";"2009-07-28";"M.BORDONNE";"2009-07-30";"5";"398386.000000";"1983013.000000";;"398386";"1983013";"33194";;;"gironde@brgm.fr";"2009-12-09";"gironde@brgm.fr";"2009-01-01";"2011-08-22";"S.BesdeBerc@brgm.fr";"sbdbAdministrateur@brgm.fr";"2";;
"104476";"AQIAA0020950";;;"chambres et piliers";"carrière";"carriere";"Pey_Arnaud_Lescours";"abandon";"public";;;"centre cavité";"précis";"precis";"plan au 1/500";"10";"2009-07-28";"M.BORDONNE";"2009-07-30";"5";"397918.000000";"1982843.000000";;"397918";"1982843";"33194";;;"gironde@brgm.fr";"2009-12-09";"gironde@brgm.fr";"2009-01-01";"2011-08-22";"S.BesdeBerc@brgm.fr";"sbdbAdministrateur@brgm.fr";"2";;
"104892";"AQIAA0020951";;;"chambres et piliers";"carrière";"carriere";"Lambert";"abandon";"public";;;"centre cavité";"précis";"precis";"plan au 1/500";"10";"2009-07-28";"M.BORDONNE";"2009-07-30";"5";"398110.000000";"1982589.000000";;"398110";"1982589";"33194";;;"gironde@brgm.fr";"2009-12-09";"gironde@brgm.fr";"2009-01-01";"2011-08-22";"S.BesdeBerc@brgm.fr";"sbdbAdministrateur@brgm.fr";"2";;
"107611";"AQIAA0020952";;;"galeries filantes";"carrière";"carriere";"Berthoumieu";"abandon";"public";;;"centre cavité";"précis";"precis";"plan au 1/500";"10";"2009-07-28";"M.BORDONNE";"2009-07-30";"5";"397136.000000";"1983360.000000";;"397136";"1983360";"33194";;;"gironde@brgm.fr";"2009-12-09";"gironde@brgm.fr";"2009-01-01";"2011-08-22";"S.BesdeBerc@brgm.fr";"sbdbAdministrateur@brgm.fr";"2";;
"104260";"AQIAA0020953";;;"galeries filantes";"carrière";"carriere";"Tournepique_03";"abandon";"public";;;"centre cavité";"précis";"precis";"plan au 1/500";"10";"2009-07-28";"M.BORDONNE";"2009-07-30";"5";"397092.000000";"1982197.000000";;"397092";"1982197";"33194";;;"gironde@brgm.fr";"2009-12-09";"gironde@brgm.fr";"2009-01-01";"2011-08-22";"S.BesdeBerc@brgm.fr";"sbdbAdministrateur@brgm.fr";"2";;
"107920";"AQIAA0020954";;;"galeries filantes";"carrière";"carriere";"Coutreau_01";"abandon";"public";;;"centre cavité";"précis";"precis";"plan au 1/500";"10";"2009-07-28";"M.BORDONNE";"2009-07-30";"5";"396567.000000";"1982534.000000";;"396567";"1982534";"33194";;;"gironde@brgm.fr";"2009-12-09";"gironde@brgm.fr";"2009-01-01";"2011-08-22";"S.BesdeBerc@brgm.fr";"sbdbAdministrateur@brgm.fr";"2";;
"107329";"AQIAA0020955";;;"chambres et piliers";"carrière";"carriere";"Coutreau_02_Longues_Versannes";"abandon";"public";;;"centre cavité";"précis";"precis";"plan au 1/500";"10";"2009-07-28";"M.BORDONNE";"2009-07-30";"5";"396355.000000";"1982492.000000";;"396355";"1982492";"33194";;;"gironde@brgm.fr";"2009-12-09";"gironde@brgm.fr";"2009-01-01";"2011-08-22";"S.BesdeBerc@brgm.fr";"sbdbAdministrateur@brgm.fr";"2";;
"107850";"AQIAA0020956";;;"galeries filantes";"carrière";"carriere";"Tournepique_01";"abandon";"public";;;"centre cavité";"précis";"precis";"plan au 1/500";"10";"2009-07-28";"M.BORDONNE";"2009-07-30";"5";"396799.000000";"1981902.000000";;"396799";"1981902";"33194";;;"gironde@brgm.fr";"2009-12-09";"gironde@brgm.fr";"2009-01-01";"2011-08-22";"S.BesdeBerc@brgm.fr";"sbdbAdministrateur@brgm.fr";"2";;
"107128";"AQIAA0020957";;;"galeries filantes";"carrière";"carriere";"Tournepique_02";"abandon";"public";;;"centre cavité";"précis";"precis";"plan au 1/500";"10";"2009-07-28";"M.BORDONNE";"2009-07-30";"5";"396858.000000";"1981903.000000";;"396858";"1981903";"33194";;;"gironde@brgm.fr";"2009-12-09";"gironde@brgm.fr";"2009-01-01";"2011-08-22";"S.BesdeBerc@brgm.fr";"sbdbAdministrateur@brgm.fr";"2";;
"2632";"AQIAA0020958";;;"chambres et piliers";"carrière";"carriere";"Maurice";"abandon";"public";;;"centre cavité";"précis";"precis";"plan au 1/500";"10";"2009-07-28";"M.BORDONNE";"2009-07-30";"5";"396134.000000";"1981739.000000";;"396134";"1981739";"33194";;;"gironde@brgm.fr";"2009-12-09";"gironde@brgm.fr";"2009-01-01";"2011-08-22";"S.BesdeBerc@brgm.fr";"sbdbAdministrateur@brgm.fr";"2";;
"104520";"AQIAA0020959";;;"chambres et piliers";"carrière";"carriere";"Bouchet";"abandon";"public";;;"centre cavité";"précis";"precis";"plan au 1/500";"10";"2009-07-28";"M.BORDONNE";"2009-07-30";"5";"397071.000000";"1981654.000000";;"397071";"1981654";"33194";;;"gironde@brgm.fr";"2009-12-09";"gironde@brgm.fr";"2009-01-01";"2011-08-22";"S.BesdeBerc@brgm.fr";"sbdbAdministrateur@brgm.fr";"2";;
"104612";"AQIAA0020960";;;"chambres et galeries";"carrière";"carriere";"La_Crusquignarde_01";"abandon";"public";;;"centre cavité";"précis";"precis";"plan au 1/500";"10";"2009-07-28";"M.BORDONNE";"2009-07-30";"5";"397114.000000";"1981237.000000";;"397114";"1981237";"33194";;;"gironde@brgm.fr";"2009-12-09";"gironde@brgm.fr";"2009-01-01";"2011-08-22";"S.BesdeBerc@brgm.fr";"sbdbAdministrateur@brgm.fr";"2";;
"107389";"AQIAA0020961";;;"chambres et galeries";"carrière";"carriere";"La_Crusquignarde_02";"abandon";"public";;;"centre cavité";"précis";"precis";"plan au 1/500";"10";"2009-07-28";"M.BORDONNE";"2009-07-30";"5";"397132.000000";"1981159.000000";;"397132";"1981159";"33194";;;"gironde@brgm.fr";"2009-12-09";"gironde@brgm.fr";"2009-01-01";"2011-08-22";"S.BesdeBerc@brgm.fr";"sbdbAdministrateur@brgm.fr";"2";;
"107452";"AQIAA0020963";;;"chambres et galeries";"carrière";"carriere";"Faubernet_01";"abandon";"public";;;"centre cavité";"précis";"precis";"plan au 1/500";"10";"2009-07-28";"M.BORDONNE";"2009-08-14";"5";"385954.000000";"1972382.000000";;"385954";"1972382";"33226";;;"gironde@brgm.fr";"2009-12-09";"gironde@brgm.fr";"2009-01-01";"2011-08-22";"S.BesdeBerc@brgm.fr";"sbdbAdministrateur@brgm.fr";"2";;
"106776";"AQIAA0020964";;;"galeries filantes";"carrière";"carriere";"Faubernet_02";"abandon";"public";;;"centre cavité";"précis";"precis";"plan au 1/500";"10";"2009-07-28";"M.BORDONNE";"2009-08-14";"5";"385832.000000";"1972388.000000";;"385832";"1972388";"33226";;;"gironde@brgm.fr";"2009-12-09";"gironde@brgm.fr";"2009-01-01";"2011-08-22";"S.BesdeBerc@brgm.fr";"sbdbAdministrateur@brgm.fr";"2";;
"104329";"AQIAA0020965";;;"chambres et galeries";"carrière";"carriere";"Faubernet_03";"abandon";"public";;;"centre cavité";"précis";"precis";"plan au 1/500";"10";"2009-07-28";"M.BORDONNE";"2009-08-14";"5";"385755.000000";"1972192.000000";;"385755";"1972192";"33226";;;"gironde@brgm.fr";"2009-12-09";"gironde@brgm.fr";"2009-01-01";"2011-08-22";"S.BesdeBerc@brgm.fr";"sbdbAdministrateur@brgm.fr";"2";;
"108051";"AQIAA0020966";;;"galeries filantes";"carrière";"carriere";"Faubernet_04";"abandon";"public";;;"centre cavité";"précis";"precis";"plan au 1/500";"10";"2009-07-28";"M.BORDONNE";"2009-08-14";"5";"385689.000000";"1972180.000000";;"385689";"1972180";"33226";;;"gironde@brgm.fr";"2009-12-09";"gironde@brgm.fr";"2009-01-01";"2011-08-22";"S.BesdeBerc@brgm.fr";"sbdbAdministrateur@brgm.fr";"2";;
"107390";"AQIAA0020967";;;"galeries filantes";"carrière";"carriere";"Faubernet_05";"abandon";"public";;;"centre cavité";"précis";"precis";"plan au 1/500";"10";"2009-07-28";"M.BORDONNE";"2009-08-14";"5";"385582.000000";"1972204.000000";;"385582";"1972204";"33226";;;"gironde@brgm.fr";"2009-12-09";"gironde@brgm.fr";"2009-01-01";"2011-08-22";"S.BesdeBerc@brgm.fr";"sbdbAdministrateur@brgm.fr";"2";;
"104879";"AQIAA0020968";;;"galeries filantes";"carrière";"carriere";"Faubernet_06";"abandon";"public";;;"centre cavité";"précis";"precis";"plan au 1/500";"10";"2009-07-28";"M.BORDONNE";"2009-08-14";"5";"385326.000000";"1972197.000000";;"385326";"1972197";"33226";;;"gironde@brgm.fr";"2009-12-09";"gironde@brgm.fr";"2009-01-01";"2011-08-22";"S.BesdeBerc@brgm.fr";"sbdbAdministrateur@brgm.fr";"2";;
"104507";"AQIAA0020969";;;"chambres et piliers";"carrière";"carriere";"Faubernet_07";"abandon";"public";;;"centre cavité";"précis";"precis";"plan au 1/500";"10";"2009-07-28";"M.BORDONNE";"2009-08-14";"5";"385224.000000";"1972068.000000";;"385224";"1972068";"33226";;;"gironde@brgm.fr";"2009-12-09";"gironde@brgm.fr";"2009-01-01";"2011-08-22";"S.BesdeBerc@brgm.fr";"sbdbAdministrateur@brgm.fr";"2";;
"105478";"AQIAA0020970";;;"galeries filantes";"carrière";"carriere";"Graman_La_Peyruche_01";"abandon";"public";;;"centre cavité";"précis";"precis";"plan au 1/500";"10";"2009-07-28";"M.BORDONNE";"2009-08-14";"5";"385039.000000";"1972207.000000";;"385039";"1972207";"33226";;;"gironde@brgm.fr";"2009-12-09";"gironde@brgm.fr";"2009-01-01";"2011-08-22";"S.BesdeBerc@brgm.fr";"sbdbAdministrateur@brgm.fr";"2";;
"104299";"AQIAA0020971";;;"galeries filantes";"carrière";"carriere";"Graman_La_Peyruche_02";"abandon";"public";;;"centre cavité";"précis";"precis";"plan au 1/500";"10";"2009-07-28";"M.BORDONNE";"2009-08-14";"5";"384980.000000";"1972131.000000";;"384980";"1972131";"33226";;;"gironde@brgm.fr";"2009-12-09";"gironde@brgm.fr";"2009-01-01";"2011-08-22";"S.BesdeBerc@brgm.fr";"sbdbAdministrateur@brgm.fr";"2";;
"104607";"AQIAA0020972";;;"chambres et piliers";"carrière";"carriere";"Graman_La_Peyruche_03";"abandon";"public";;;"centre cavité";"précis";"precis";"plan au 1/500";"10";"2009-07-28";"M.BORDONNE";"2009-08-14";"5";"383978.000000";"1971757.000000";;"383978";"1971757";"33226";;;"gironde@brgm.fr";"2009-12-09";"gironde@brgm.fr";"2009-01-01";"2011-08-22";"S.BesdeBerc@brgm.fr";"sbdbAdministrateur@brgm.fr";"2";;
"104372";"AQIAA0020973";;;"chambres et galeries";"carrière";"carriere";"Berquin_01";"abandon";"public";;;"centre cavité";"précis";"precis";"plan au 1/500";"10";"2009-07-28";"M.BORDONNE";"2009-08-14";"5";"383897.000000";"1971719.000000";;"383897";"1971719";"33226";;;"gironde@brgm.fr";"2009-12-09";"gironde@brgm.fr";"2009-01-01";"2011-08-22";"S.BesdeBerc@brgm.fr";"sbdbAdministrateur@brgm.fr";"2";;
"106976";"AQIAA0020974";;;"galeries filantes";"carrière";"carriere";"Berquin_02";"abandon";"public";;;"centre cavité";"précis";"precis";"plan au 1/500";"10";"2009-07-28";"M.BORDONNE";"2009-08-14";"5";"383909.000000";"1971709.000000";;"383909";"1971709";"33226";;;"gironde@brgm.fr";"2009-12-09";"gironde@brgm.fr";"2009-01-01";"2011-08-22";"S.BesdeBerc@brgm.fr";"sbdbAdministrateur@brgm.fr";"2";;
"107698";"AQIAA0020975";;;"chambres et galeries";"carrière";"carriere";"Berquin_03";"abandon";"public";;;"centre cavité";"précis";"precis";"plan au 1/500";"10";"2009-07-28";"M.BORDONNE";"2009-08-14";"5";"383921.000000";"1971679.000000";;"383921";"1971679";"33226";;;"gironde@brgm.fr";"2009-12-09";"gironde@brgm.fr";"2009-01-01";"2011-08-22";"S.BesdeBerc@brgm.fr";"sbdbAdministrateur@brgm.fr";"2";;
"104829";"AQIAA0020976";;;"galeries filantes";"carrière";"carriere";"Berquin_04";"abandon";"public";;;"centre cavité";"précis";"precis";"plan au 1/500";"10";"2009-07-28";"M.BORDONNE";"2009-08-14";"5";"384016.000000";"1971645.000000";;"384016";"1971645";"33226";;;"gironde@brgm.fr";"2009-12-09";"gironde@brgm.fr";"2009-01-01";"2011-08-22";"S.BesdeBerc@brgm.fr";"sbdbAdministrateur@brgm.fr";"2";;
"107856";"AQIAA0020977";;;"chambres et piliers";"carrière";"carriere";"Vallier_02";"abandon";"public";;;"centre cavité";"précis";"precis";"plan au 1/500";"10";"2009-07-28";"M.BORDONNE";"2009-08-14";"5";"384028.000000";"1971485.000000";;"384028";"1971485";"33226";;;"gironde@brgm.fr";"2009-12-09";"gironde@brgm.fr";"2009-01-01";"2011-08-22";"S.BesdeBerc@brgm.fr";"sbdbAdministrateur@brgm.fr";"2";;
"107638";"AQIAA0020978";;;"chambres et galeries";"carrière";"carriere";"Vallier_01";"abandon";"public";;;"centre cavité";"précis";"precis";"plan au 1/500";"10";"2009-07-28";"M.BORDONNE";"2009-08-14";"5";"383563.000000";"1971685.000000";;"383563";"1971685";"33226";;;"gironde@brgm.fr";"2009-12-09";"gironde@brgm.fr";"2009-01-01";"2011-08-22";"S.BesdeBerc@brgm.fr";"sbdbAdministrateur@brgm.fr";"2";;
"107505";"AQIAA0020979";;;"chambres et piliers";"carrière";"carriere";"Pomarède_01";"abandon";"public";;;"centre cavité";"précis";"precis";"plan au 1/500";"10";"2009-07-28";"M.BORDONNE";"2009-08-14";"5";"383570.000000";"1971520.000000";;"383570";"1971520";"33226";;;"gironde@brgm.fr";"2009-12-09";"gironde@brgm.fr";"2009-01-01";"2011-08-22";"S.BesdeBerc@brgm.fr";"sbdbAdministrateur@brgm.fr";"2";;
"3389";"AQIAA0020980";;;"chambres et piliers";"carrière";"carriere";"Pomarède_02_La_Tuilerie";"abandon";"public";;;"centre cavité";"précis";"precis";"plan au 1/500";"10";"2009-07-28";"M.BORDONNE";"2009-08-14";"5";"383453.000000";"1971523.000000";;"383453";"1971523";"33226";;;"gironde@brgm.fr";"2009-12-09";"gironde@brgm.fr";"2009-01-01";"2011-08-22";"S.BesdeBerc@brgm.fr";"sbdbAdministrateur@brgm.fr";"2";;
"104188";"AQIAA0020981";;;"galeries filantes";"carrière";"carriere";"Pomarède_03_La_Tuilerie";"abandon";"public";;;"centre cavité";"précis";"precis";"plan au 1/500";"10";"2009-07-28";"M.BORDONNE";"2009-08-14";"5";"383367.000000";"1971467.000000";;"383367";"1971467";"33226";;;"gironde@brgm.fr";"2009-12-09";"gironde@brgm.fr";"2009-01-01";"2011-08-22";"S.BesdeBerc@brgm.fr";"sbdbAdministrateur@brgm.fr";"2";;
"107766";"AQIAA0020982";;;"chambres et galeries";"carrière";"carriere";"Pomarède_04_Le_Pied_du_Rocher";"abandon";"public";;;"centre cavité";"précis";"precis";"plan au 1/500";"10";"2009-07-28";"M.BORDONNE";"2009-08-14";"5";"383213.000000";"1971390.000000";;"383213";"1971390";"33226";;;"gironde@brgm.fr";"2009-12-09";"gironde@brgm.fr";"2009-01-01";"2011-08-22";"S.BesdeBerc@brgm.fr";"sbdbAdministrateur@brgm.fr";"2";;
"104240";"AQIAA0020983";;;"galeries filantes";"carrière";"carriere";"Pomarède_05_Le_Pied_du_Rocher";"abandon";"public";;;"centre cavité";"précis";"precis";"plan au 1/500";"10";"2009-07-28";"M.BORDONNE";"2009-08-14";"5";"383178.000000";"1971367.000000";;"383178";"1971367";"33226";;;"gironde@brgm.fr";"2009-12-09";"gironde@brgm.fr";"2009-01-01";"2011-08-22";"S.BesdeBerc@brgm.fr";"sbdbAdministrateur@brgm.fr";"2";;
"104697";"AQIAA0020984";;;"galeries filantes";"carrière";"carriere";"Pomarède_06_Le_Pied_du_Rocher";"abandon";"public";;;"centre cavité";"précis";"precis";"plan au 1/500";"10";"2009-07-28";"M.BORDONNE";"2009-08-14";"5";"383093.000000";"1971350.000000";;"383093";"1971350";"33226";;;"gironde@brgm.fr";"2009-12-09";"gironde@brgm.fr";"2009-01-01";"2011-08-22";"S.BesdeBerc@brgm.fr";"sbdbAdministrateur@brgm.fr";"2";;
"105546";"AQIAA0020985";;;"galeries filantes";"carrière";"carriere";"Pomarède_07_Eglise";"abandon";"public";;;"centre cavité";"précis";"precis";"plan au 1/500";"10";"2009-07-28";"M.BORDONNE";"2009-08-14";"5";"383158.000000";"1971286.000000";;"383158";"1971286";"33226";;;"gironde@brgm.fr";"2009-12-09";"gironde@brgm.fr";"2009-01-01";"2011-08-22";"S.BesdeBerc@brgm.fr";"sbdbAdministrateur@brgm.fr";"2";;
"104614";"AQIAA0020986";;;"galeries filantes";"carrière";"carriere";"Le_Port";"abandon";"public";;;"centre cavité";"précis";"precis";"plan au 1/500";"10";"2009-07-28";"M.BORDONNE";"2009-08-14";"5";"383030.000000";"1971142.000000";;"383030";"1971142";"33226";;;"gironde@brgm.fr";"2009-12-09";"gironde@brgm.fr";"2009-01-01";"2011-08-22";"S.BesdeBerc@brgm.fr";"sbdbAdministrateur@brgm.fr";"2";;
"107629";"AQIAA0020987";;;"chambres et piliers";"carrière";"carriere";"Bellevue_Gardera_Le_Château_Lheretey_Sainte_Catherine";"abandon";"public";;;"centre cavité";"précis";"precis";"plan au 1/500";"10";"2009-07-28";"M.BORDONNE";"2011-02-04";"5";"384746.000000";"1970316.000000";;"384746";"1970316";"33226";;;"gironde@brgm.fr";"2009-12-09";"gironde@brgm.fr";"2009-01-01";"2011-08-22";"S.BesdeBerc@brgm.fr";"sbdbAdministrateur@brgm.fr";"2";;
"106994";"AQIAA0020988";;;"chambres et galeries";"carrière";"carriere";"Le_Pied_du_Château_01";"abandon";"public";;;"centre cavité";"précis";"precis";"plan au 1/500";"10";"2009-07-28";"M.BORDONNE";"2009-10-02";"5";"384416.000000";"1970283.000000";;"384416";"1970283";"33226";;;"gironde@brgm.fr";"2009-12-09";"gironde@brgm.fr";"2009-01-01";"2011-08-22";"S.BesdeBerc@brgm.fr";"sbdbAdministrateur@brgm.fr";"2";;
"104633";"AQIAA0020989";;;"chambres et galeries";"carrière";"carriere";"Le_Pied_du_Château_02";"abandon";"public";;;"centre cavité";"précis";"precis";"plan au 1/500";"10";"2009-07-28";"M.BORDONNE";"2009-10-02";"5";"384416.000000";"1970195.000000";;"384416";"1970195";"33226";;;"gironde@brgm.fr";"2009-12-09";"gironde@brgm.fr";"2009-01-01";"2011-08-22";"S.BesdeBerc@brgm.fr";"sbdbAdministrateur@brgm.fr";"2";;
"108115";"AQIAA0020990";;;"chambres et galeries";"carrière";"carriere";"Le_Pied_du_Château_03";"abandon";"public";;;"centre cavité";"précis";"precis";"plan au 1/500";"10";"2009-07-28";"M.BORDONNE";"2009-10-02";"5";"384454.000000";"1970142.000000";;"384454";"1970142";"33226";;;"gironde@brgm.fr";"2009-12-09";"gironde@brgm.fr";"2009-01-01";"2011-08-22";"S.BesdeBerc@brgm.fr";"sbdbAdministrateur@brgm.fr";"2";;
"104528";"AQIAA0020991";;;"chambres et galeries";"carrière";"carriere";"Le_Pied_du_Château_04";"abandon";"public";;;"centre cavité";"précis";"precis";"plan au 1/500";"10";"2009-07-29";"M.BORDONNE";"2009-10-02";"5";"384466.000000";"1970142.000000";;"384466";"1970142";"33226";;;"gironde@brgm.fr";"2009-12-09";"gironde@brgm.fr";"2009-01-01";"2011-08-22";"S.BesdeBerc@brgm.fr";"sbdbAdministrateur@brgm.fr";"2";;
"108053";"AQIAA0020992";;;"chambres et piliers";"carrière";"carriere";"Bosquet";"abandon";"public";;;"centre cavité";"précis";"precis";"plan au 1/500";"10";"2009-07-29";"M.BORDONNE";"2009-08-14";"5";"381605.000000";"1987497.000000";;"381605";"1987497";"33330";;;"gironde@brgm.fr";"2009-12-09";"gironde@brgm.fr";"2009-01-01";"2011-08-22";"S.BesdeBerc@brgm.fr";"sbdbAdministrateur@brgm.fr";"2";;
"107624";"AQIAA0020993";;;"chambres et galeries";"carrière";"carriere";"Les_Carmes_01";"abandon";"public";;;"centre cavité";"précis";"precis";"plan au 1/500";"10";"2009-07-29";"M.BORDONNE";"2009-08-14";"5";"382066.000000";"1987361.000000";;"382066";"1987361";"33330";;;"gironde@brgm.fr";"2009-12-09";"gironde@brgm.fr";"2009-01-01";"2011-08-22";"S.BesdeBerc@brgm.fr";"sbdbAdministrateur@brgm.fr";"2";;
"106990";"AQIAA0020994";;;"chambres et galeries";"carrière";"carriere";"Les_Carmes_02";"abandon";"public";;;"centre cavité";"précis";"precis";"plan au 1/500";"10";"2009-07-29";"M.BORDONNE";"2009-08-14";"5";"382137.000000";"1987155.000000";;"382137";"1987155";"33330";;;"gironde@brgm.fr";"2009-12-09";"gironde@brgm.fr";"2009-01-01";"2011-08-22";"S.BesdeBerc@brgm.fr";"sbdbAdministrateur@brgm.fr";"2";;
"104573";"AQIAA0020995";;;"chambres et galeries";"carrière";"carriere";"Les_Carmes_03";"abandon";"public";;;"centre cavité";"précis";"precis";"plan au 1/500";"10";"2009-07-29";"M.BORDONNE";"2009-08-14";"5";"382070.000000";"1987121.000000";;"382070";"1987121";"33330";;;"gironde@brgm.fr";"2009-12-09";"gironde@brgm.fr";"2009-01-01";"2011-08-22";"S.BesdeBerc@brgm.fr";"sbdbAdministrateur@brgm.fr";"2";;
"107400";"AQIAA0020996";;;"galeries filantes";"carrière";"carriere";"Les_Carmes_04";"abandon";"public";;;"centre cavité";"précis";"precis";"plan au 1/500";"10";"2009-07-29";"M.BORDONNE";"2009-08-14";"5";"382133.000000";"1987104.000000";;"382133";"1987104";"33330";;;"gironde@brgm.fr";"2009-12-09";"gironde@brgm.fr";"2009-01-01";"2011-08-22";"S.BesdeBerc@brgm.fr";"sbdbAdministrateur@brgm.fr";"2";;
"104543";"AQIAA0020997";;;"galeries filantes";"carrière";"carriere";"Pivain";"abandon";"public";;;"centre cavité";"précis";"precis";"plan au 1/500";"10";"2009-07-29";"M.BORDONNE";"2009-09-14";"5";"383378.000000";"2005965.000000";;"383378";"2005965";"33018";;;"gironde@brgm.fr";"2009-12-09";"gironde@brgm.fr";"2009-01-01";"2011-08-22";"S.BesdeBerc@brgm.fr";"sbdbAdministrateur@brgm.fr";"2";;
"106716";"AQIAA0020998";;;"galeries filantes";"carrière";"carriere";"Espessas_05";"abandon";"public";;;"centre cavité";"précis";"precis";"plan au 1/500";"10";"2009-07-29";"M.BORDONNE";"2009-10-07";"5";"384135.000000";"2005505.000000";;"384135";"2005505";"33018";;;"gironde@brgm.fr";"2009-12-09";"gironde@brgm.fr";"2009-01-01";"2011-08-22";"S.BesdeBerc@brgm.fr";"sbdbAdministrateur@brgm.fr";"2";;
"2583";"AQIAA0020999";;;"galeries filantes";"carrière";"carriere";"Les_Caroulles_05";"abandon";"public";;;"centre cavité";"précis";"precis";"plan au 1/500";"10";"2009-07-29";"M.BORDONNE";"2009-08-14";"5";"379553.000000";"1974314.000000";;"379553";"1974314";"33033";;;"gironde@brgm.fr";"2009-12-09";"gironde@brgm.fr";"2009-01-01";"2011-08-22";"S.BesdeBerc@brgm.fr";"sbdbAdministrateur@brgm.fr";"2";;
"111234";"AQIAA0021001";;;"chambres et galeries";"carrière";"carriere";"Gardeloup_01";"abandon";"public";;;"centre cavité";"précis";"precis";"plan au 1/500";"10";"2009-07-29";"M.BORDONNE";"2009-07-30";"5";"376589.000000";"1978604.000000";;"376589";"1978604";"33085";;;"gironde@brgm.fr";"2009-12-09";"gironde@brgm.fr";"2009-01-01";"2011-08-22";"S.BesdeBerc@brgm.fr";"sbdbAdministrateur@brgm.fr";"2";;
"2588";"AQIAA0021002";;;"chambres et piliers";"carrière";"carriere";"Beaupied_05_Ouest";"abandon";"public";;;"centre cavité";"précis";"precis";"plan au 1/500";"10";"2009-07-29";"M.BORDONNE";"2009-08-14";"5";"388752.000000";"1986418.000000";;"388752";"1986418";"33413";;;"gironde@brgm.fr";"2009-12-09";"gironde@brgm.fr";"2009-01-01";"2011-08-22";"S.BesdeBerc@brgm.fr";"sbdbAdministrateur@brgm.fr";"2";;
"104207";"AQIAA0021003";;;"chambres et piliers";"carrière";"carriere";"Beaupied_04_Ouest";"abandon";"public";;;"centre cavité";"précis";"precis";"plan au 1/500";"10";"2009-07-29";"M.BORDONNE";"2009-08-14";"5";"388847.000000";"1986461.000000";;"388847";"1986461";"33413";;;"gironde@brgm.fr";"2009-12-09";"gironde@brgm.fr";"2009-01-01";"2011-08-22";"S.BesdeBerc@brgm.fr";"sbdbAdministrateur@brgm.fr";"2";;
"2629";"AQIAA0021004";;;"chambres et piliers";"carrière";"carriere";"Calon";"abandon";"public";;;"centre cavité";"précis";"precis";"plan au 1/500";"10";"2009-08-17";"M.BORDONNE";"2009-08-18";"5";"405034.000000";"1996608.000000";;"405034";"1996608";"33290";;;"gironde@brgm.fr";"2009-12-09";"gironde@brgm.fr";"2009-01-01";"2011-08-22";"S.BesdeBerc@brgm.fr";"sbdbAdministrateur@brgm.fr";"2";;
"104182";"AQIAA0021005";;;"chambres et piliers";"carrière";"carriere";"Moulins_de_Calon";"abandon";"public";;;"centre cavité";"précis";"precis";"plan au 1/500";"10";"2009-08-17";"M.BORDONNE";"2009-08-18";"5";"404762.000000";"1996347.000000";;"404762";"1996347";"33290";;;"gironde@brgm.fr";"2009-12-09";"gironde@brgm.fr";"2009-01-01";"2011-08-22";"S.BesdeBerc@brgm.fr";"sbdbAdministrateur@brgm.fr";"2";;
"105550";"AQIAA0021007";;;"chambres et piliers";"carrière";"carriere";"La_Maçonne_01";"abandon";"public";;;"centre cavité";"précis";"precis";"plan au 1/500";"10";"2009-08-17";"M.BORDONNE";"2009-08-18";"5";"404621.000000";"1996092.000000";;"404621";"1996092";"33290";;;"gironde@brgm.fr";"2009-12-09";"gironde@brgm.fr";"2009-01-01";"2011-08-22";"S.BesdeBerc@brgm.fr";"sbdbAdministrateur@brgm.fr";"2";;
"107924";"AQIAA0021008";;;"chambres et galeries";"carrière";"carriere";"Bertin_01";"abandon";"public";;;"centre cavité";"précis";"precis";"plan au 1/500";"10";"2009-08-17";"M.BORDONNE";"2009-08-18";"5";"404455.000000";"1995974.000000";;"404455";"1995974";"33290";;;"gironde@brgm.fr";"2009-12-09";"gironde@brgm.fr";"2009-01-01";"2011-08-22";"S.BesdeBerc@brgm.fr";"sbdbAdministrateur@brgm.fr";"2";;
"104695";"AQIAA0021009";;;"galeries filantes";"carrière";"carriere";"Bertin_02";"abandon";"public";;;"centre cavité";"précis";"precis";"plan au 1/500";"10";"2009-08-17";"M.BORDONNE";"2009-08-18";"5";"404467.000000";"1995967.000000";;"404467";"1995967";"33290";;;"gironde@brgm.fr";"2009-12-09";"gironde@brgm.fr";"2009-01-01";"2011-08-22";"S.BesdeBerc@brgm.fr";"sbdbAdministrateur@brgm.fr";"2";;
"107398";"AQIAA0021010";;;"chambres et piliers";"carrière";"carriere";"Bertin_03";"abandon";"public";;;"centre cavité";"précis";"precis";"plan au 1/500";"10";"2009-08-17";"M.BORDONNE";"2009-08-18";"5";"404501.000000";"1995999.000000";;"404501";"1995999";"33290";;;"gironde@brgm.fr";"2009-12-09";"gironde@brgm.fr";"2009-01-01";"2011-08-22";"S.BesdeBerc@brgm.fr";"sbdbAdministrateur@brgm.fr";"2";;
"104883";"AQIAA0021011";;;"chambres et piliers";"carrière";"carriere";"La_Maçonne_02";"abandon";"public";;;"centre cavité";"précis";"precis";"plan au 1/500";"10";"2009-08-17";"M.BORDONNE";"2009-08-18";"5";"404689.000000";"1995968.000000";;"404689";"1995968";"33290";;;"gironde@brgm.fr";"2009-12-09";"gironde@brgm.fr";"2009-01-01";"2011-08-22";"S.BesdeBerc@brgm.fr";"sbdbAdministrateur@brgm.fr";"2";;
"104717";"AQIAA0021012";;;"chambres et galeries";"carrière";"carriere";"La_Maçonne_03";"abandon";"public";;;"centre cavité";"précis";"precis";"plan au 1/500";"10";"2009-08-17";"M.BORDONNE";"2009-08-18";"5";"404799.000000";"1995917.000000";;"404799";"1995917";"33290";;;"gironde@brgm.fr";"2009-12-09";"gironde@brgm.fr";"2009-01-01";"2011-08-22";"S.BesdeBerc@brgm.fr";"sbdbAdministrateur@brgm.fr";"2";;
"154566";"AQIAA0021013";;;"chambres et piliers";"carrière";"carriere";"Bertin_04";"abandon";"public";;;"centre cavité";"précis";"precis";"plan au 1/500";"10";"2009-08-17";"M.BORDONNE";"2023-12-13";"5";"404529.000000";"1995859.000000";;"404529";"1995859";"33290";"Effondrement généralisé en 2010. Effondrement actif constaté le 31/10/2023, le long de la voie communale, en bordure de la carrière : fontis de 2 m de diamètre, avec vue du toit dégradé de la carrière. [13/12/2023]";"";"gironde@brgm.fr";"2009-12-09";"a.fondin@brgm.fr";"2009-01-01";"2011-08-22";"S.BesdeBerc@brgm.fr";"sbdbAdministrateur@brgm.fr";"2";;
"107987";"AQIAA0021014";;;"galeries filantes";"carrière";"carriere";"La_Maçonne_06";"abandon";"public";;;"centre cavité";"précis";"precis";"plan au 1/500";"10";"2009-08-17";"M.BORDONNE";"2009-08-18";"5";"404703.000000";"1995897.000000";;"404703";"1995897";"33290";;;"gironde@brgm.fr";"2009-12-09";"gironde@brgm.fr";"2009-01-01";"2011-08-22";"S.BesdeBerc@brgm.fr";"sbdbAdministrateur@brgm.fr";"2";;
"106929";"AQIAA0021015";;;"galeries filantes";"carrière";"carriere";"La_Maçonne_04";"abandon";"public";;;"centre cavité";"précis";"precis";"plan au 1/500";"10";"2009-08-17";"M.BORDONNE";"2009-08-18";"5";"404830.000000";"1995860.000000";;"404830";"1995860";"33290";;;"gironde@brgm.fr";"2009-12-09";"gironde@brgm.fr";"2009-01-01";"2011-08-22";"S.BesdeBerc@brgm.fr";"sbdbAdministrateur@brgm.fr";"2";;
"104971";"AQIAA0021016";;;"galeries filantes";"carrière";"carriere";"La_Maçonne_05";"abandon";"public";;;"centre cavité";"précis";"precis";"plan au 1/500";"10";"2009-08-17";"M.BORDONNE";"2009-08-18";"5";"404837.000000";"1995857.000000";;"404837";"1995857";"33290";;;"gironde@brgm.fr";"2009-12-09";"gironde@brgm.fr";"2009-01-01";"2011-08-22";"S.BesdeBerc@brgm.fr";"sbdbAdministrateur@brgm.fr";"2";;
"104696";"AQIAA0021017";;;"chambres et galeries";"carrière";"carriere";"Mirande_01";"abandon";"public";;;"centre cavité";"précis";"precis";"plan au 1/500";"10";"2009-08-17";"M.BORDONNE";"2009-08-18";"5";"405791.000000";"1996285.000000";;"405791";"1996285";"33290";;;"gironde@brgm.fr";"2009-12-09";"gironde@brgm.fr";"2009-01-01";"2011-08-22";"S.BesdeBerc@brgm.fr";"sbdbAdministrateur@brgm.fr";"2";;
"104663";"AQIAA0021018";;;"chambres et piliers";"carrière";"carriere";"Mirande_02";"abandon";"public";;;"centre cavité";"précis";"precis";"plan au 1/500";"10";"2009-08-17";"M.BORDONNE";"2009-08-18";"5";"405970.000000";"1996180.000000";;"405970";"1996180";"33290";;;"gironde@brgm.fr";"2009-12-09";"gironde@brgm.fr";"2009-01-01";"2011-08-22";"S.BesdeBerc@brgm.fr";"sbdbAdministrateur@brgm.fr";"2";;
"104967";"AQIAA0021019";;;"chambres et piliers";"carrière";"carriere";"Mirande_03";"abandon";"public";;;"centre cavité";"précis";"precis";"plan au 1/500";"10";"2009-08-17";"M.BORDONNE";"2009-08-18";"5";"405912.000000";"1996078.000000";;"405912";"1996078";"33290";;;"gironde@brgm.fr";"2009-12-09";"gironde@brgm.fr";"2009-01-01";"2011-08-22";"S.BesdeBerc@brgm.fr";"sbdbAdministrateur@brgm.fr";"2";;
"104397";"AQIAA0021020";;;"chambres et piliers";"carrière";"carriere";"Mirande_04";"abandon";"public";;;"centre cavité";"précis";"precis";"plan au 1/500";"10";"2009-08-17";"M.BORDONNE";"2009-08-18";"5";"405872.000000";"1996058.000000";;"405872";"1996058";"33290";;;"gironde@brgm.fr";"2009-12-09";"gironde@brgm.fr";"2009-01-01";"2011-08-22";"S.BesdeBerc@brgm.fr";"sbdbAdministrateur@brgm.fr";"2";;
"107543";"AQIAA0021021";;;"galeries filantes";"carrière";"carriere";"Mirande_05";"abandon";"public";;;"centre cavité";"précis";"precis";"plan au 1/500";"10";"2009-08-17";"M.BORDONNE";"2009-08-18";"5";"405835.000000";"1996048.000000";;"405835";"1996048";"33290";;;"gironde@brgm.fr";"2009-12-09";"gironde@brgm.fr";"2009-01-01";"2011-08-22";"S.BesdeBerc@brgm.fr";"sbdbAdministrateur@brgm.fr";"2";;
"104503";"AQIAA0021022";;;"galeries filantes";"carrière";"carriere";"Mirande_06";"abandon";"public";;;"centre cavité";"précis";"precis";"plan au 1/500";"10";"2009-08-17";"M.BORDONNE";"2009-08-18";"5";"405833.000000";"1996044.000000";;"405833";"1996044";"33290";;;"gironde@brgm.fr";"2009-12-09";"gironde@brgm.fr";"2009-01-01";"2011-08-22";"S.BesdeBerc@brgm.fr";"sbdbAdministrateur@brgm.fr";"2";;
"104406";"AQIAA0021023";;;"chambres et piliers";"carrière";"carriere";"Mirande_07";"abandon";"public";;;"centre cavité";"précis";"precis";"plan au 1/500";"10";"2009-08-17";"M.BORDONNE";"2009-08-18";"5";"405879.000000";"1995995.000000";;"405879";"1995995";"33290";;;"gironde@brgm.fr";"2009-12-09";"gironde@brgm.fr";"2009-01-01";"2011-08-22";"S.BesdeBerc@brgm.fr";"sbdbAdministrateur@brgm.fr";"2";;
"104661";"AQIAA0021024";;;"chambres et piliers";"carrière";"carriere";"Mirande_08";"abandon";"public";;;"centre cavité";"précis";"precis";"plan au 1/500";"10";"2009-08-17";"M.BORDONNE";"2009-08-18";"5";"405812.000000";"1995948.000000";;"405812";"1995948";"33290";;;"gironde@brgm.fr";"2009-12-09";"gironde@brgm.fr";"2009-01-01";"2011-08-22";"S.BesdeBerc@brgm.fr";"sbdbAdministrateur@brgm.fr";"2";;
"107500";"AQIAA0021025";;;"galeries filantes";"carrière";"carriere";"Arriail_01";"abandon";"public";;;"centre cavité";"précis";"precis";"plan au 1/500";"10";"2009-08-17";"M.BORDONNE";"2009-08-18";"5";"405367.000000";"1995748.000000";;"405367";"1995748";"33290";;;"gironde@brgm.fr";"2009-12-09";"gironde@brgm.fr";"2009-01-01";"2011-08-22";"S.BesdeBerc@brgm.fr";"sbdbAdministrateur@brgm.fr";"2";;
"108098";"AQIAA0021026";;;"galeries filantes";"carrière";"carriere";"Arriail_02";"abandon";"public";;;"centre cavité";"précis";"precis";"plan au 1/500";"10";"2009-08-17";"M.BORDONNE";"2009-08-18";"5";"405317.000000";"1995735.000000";;"405317";"1995735";"33290";;;"gironde@brgm.fr";"2009-12-09";"gironde@brgm.fr";"2009-01-01";"2011-08-22";"S.BesdeBerc@brgm.fr";"sbdbAdministrateur@brgm.fr";"2";;
"107923";"AQIAA0021027";;;"galeries filantes";"carrière";"carriere";"Arriail_03";"abandon";"public";;;"centre cavité";"précis";"precis";"plan au 1/500";"10";"2009-08-17";"M.BORDONNE";"2009-08-18";"5";"405325.000000";"1995719.000000";;"405325";"1995719";"33290";;;"gironde@brgm.fr";"2009-12-09";"gironde@brgm.fr";"2009-01-01";"2011-08-22";"S.BesdeBerc@brgm.fr";"sbdbAdministrateur@brgm.fr";"2";;
"105535";"AQIAA0021028";;;"galeries filantes";"carrière";"carriere";"Arriail_04";"abandon";"public";;;"centre cavité";"précis";"precis";"plan au 1/500";"10";"2009-08-17";"M.BORDONNE";"2009-08-18";"5";"405334.000000";"1995720.000000";;"405334";"1995720";"33290";;;"gironde@brgm.fr";"2009-12-09";"gironde@brgm.fr";"2009-01-01";"2011-08-22";"S.BesdeBerc@brgm.fr";"sbdbAdministrateur@brgm.fr";"2";;
"104368";"AQIAA0021029";;;"galeries filantes";"carrière";"carriere";"Guitard_02";"abandon";"public";;;"centre cavité";"précis";"precis";"plan au 1/500";"10";"2009-08-17";"M.BORDONNE";"2009-08-18";"5";"405599.000000";"1995661.000000";;"405599";"1995661";"33290";;;"gironde@brgm.fr";"2009-12-09";"gironde@brgm.fr";"2009-01-01";"2011-08-22";"S.BesdeBerc@brgm.fr";"sbdbAdministrateur@brgm.fr";"2";;
"108105";"AQIAA0021030";;;"galeries filantes";"carrière";"carriere";"Le_Bourg_01";"abandon";"public";;;"centre cavité";"précis";"precis";"plan au 1/500";"10";"2009-08-17";"M.BORDONNE";"2009-08-18";"5";"405266.000000";"1995319.000000";;"405266";"1995319";"33290";;;"gironde@brgm.fr";"2009-12-09";"gironde@brgm.fr";"2009-01-01";"2011-08-22";"S.BesdeBerc@brgm.fr";"sbdbAdministrateur@brgm.fr";"2";;
"107978";"AQIAA0021031";;;"chambres et piliers";"carrière";"carriere";"Le_Bourg_02";"abandon";"public";;;"centre cavité";"précis";"precis";"plan au 1/500";"10";"2009-08-17";"M.BORDONNE";"2009-08-18";"5";"405306.000000";"1995326.000000";;"405306";"1995326";"33290";;;"gironde@brgm.fr";"2009-12-09";"gironde@brgm.fr";"2009-01-01";"2011-08-22";"S.BesdeBerc@brgm.fr";"sbdbAdministrateur@brgm.fr";"2";;
"107485";"AQIAA0021032";;;"chambres et piliers";"carrière";"carriere";"Guitard_01";"abandon";"public";;;"centre cavité";"précis";"precis";"plan au 1/500";"10";"2009-08-17";"M.BORDONNE";"2009-08-18";"5";"406217.000000";"1995310.000000";;"406217";"1995310";"33290";;;"gironde@brgm.fr";"2009-12-09";"gironde@brgm.fr";"2009-01-01";"2011-08-22";"S.BesdeBerc@brgm.fr";"sbdbAdministrateur@brgm.fr";"2";;
"104945";"AQIAA0021033";;;"galeries filantes";"carrière";"carriere";"Saint_Georges_02";"abandon";"public";;;"centre cavité";"précis";"precis";"plan au 1/500";"10";"2009-08-17";"M.BORDONNE";"2009-08-18";"5";"404920.000000";"1994908.000000";;"404920";"1994908";"33290";;;"gironde@brgm.fr";"2009-12-09";"gironde@brgm.fr";"2009-01-01";"2011-08-22";"S.BesdeBerc@brgm.fr";"sbdbAdministrateur@brgm.fr";"2";;
"104186";"AQIAA0021034";;;"chambres et piliers";"carrière";"carriere";"Saint_Georges_03";"abandon";"public";;;"centre cavité";"précis";"precis";"plan au 1/500";"10";"2009-08-17";"M.BORDONNE";"2009-08-18";"5";"404987.000000";"1994843.000000";;"404987";"1994843";"33290";;;"gironde@brgm.fr";"2009-12-09";"gironde@brgm.fr";"2009-01-01";"2011-08-22";"S.BesdeBerc@brgm.fr";"sbdbAdministrateur@brgm.fr";"2";;
"104668";"AQIAA0021035";;;"chambres et piliers";"carrière";"carriere";"Saint_Georges_01";"abandon";"public";;;"centre cavité";"précis";"precis";"plan au 1/500";"10";"2009-08-17";"M.BORDONNE";"2009-08-18";"5";"405087.000000";"1994975.000000";;"405087";"1994975";"33290";;;"gironde@brgm.fr";"2009-12-09";"gironde@brgm.fr";"2009-01-01";"2011-08-22";"S.BesdeBerc@brgm.fr";"sbdbAdministrateur@brgm.fr";"2";;
"106773";"AQIAA0021036";;;"chambres et piliers";"carrière";"carriere";"Le_Petit_Moulin_La_Tour_Mont_d'Or";"abandon";"public";;;"centre cavité";"précis";"precis";"plan au 1/500";"10";"2009-08-17";"M.BORDONNE";"2009-08-18";"5";"405627.000000";"1994983.000000";;"405627";"1994983";"33290";;;"gironde@brgm.fr";"2009-12-09";"gironde@brgm.fr";"2009-01-01";"2011-08-22";"S.BesdeBerc@brgm.fr";"sbdbAdministrateur@brgm.fr";"2";;
"107393";"AQIAA0021037";;;"galeries filantes";"carrière";"carriere";"Gimbaud_01_Chimbaud";"abandon";"public";;;"centre cavité";"précis";"precis";"plan au 1/500";"10";"2009-08-17";"M.BORDONNE";"2009-08-19";"5";"376526.000000";"1977343.000000";;"376526";"1977343";"33349";;;"gironde@brgm.fr";"2009-12-09";"gironde@brgm.fr";"2009-01-01";"2011-08-22";"S.BesdeBerc@brgm.fr";"sbdbAdministrateur@brgm.fr";"2";;
"107581";"AQIAA0021038";;;"chambres et piliers";"carrière";"carriere";"Gimbaud_02_Lord";"abandon";"public";;;"centre cavité";"précis";"precis";"plan au 1/500";"10";"2009-08-17";"M.BORDONNE";"2009-08-19";"5";"376687.000000";"1977284.000000";;"376687";"1977284";"33349";;;"gironde@brgm.fr";"2009-12-09";"gironde@brgm.fr";"2009-01-01";"2011-08-22";"S.BesdeBerc@brgm.fr";"sbdbAdministrateur@brgm.fr";"2";;
"104940";"AQIAA0021039";;;"chambres et piliers";"carrière";"carriere";"Sauteau_01";"abandon";"public";;;"centre cavité";"précis";"precis";"plan au 1/500";"10";"2009-08-17";"M.BORDONNE";"2009-08-19";"5";"377104.000000";"1977272.000000";;"377104";"1977272";"33349";;;"gironde@brgm.fr";"2009-12-09";"gironde@brgm.fr";"2009-01-01";"2011-08-22";"S.BesdeBerc@brgm.fr";"sbdbAdministrateur@brgm.fr";"2";;
"104241";"AQIAA0021040";;;"chambres et galeries";"carrière";"carriere";"Sauteau_02";"abandon";"public";;;"centre cavité";"précis";"precis";"plan au 1/500";"10";"2009-08-17";"M.BORDONNE";"2009-08-19";"5";"377230.000000";"1977124.000000";;"377230";"1977124";"33349";;;"gironde@brgm.fr";"2009-12-09";"gironde@brgm.fr";"2009-01-01";"2011-08-22";"S.BesdeBerc@brgm.fr";"sbdbAdministrateur@brgm.fr";"2";;
"104394";"AQIAA0021041";;;"galeries filantes";"carrière";"carriere";"Lestange";"abandon";"public";;;"centre cavité";"précis";"precis";"plan au 1/500";"10";"2009-08-17";"M.BORDONNE";"2009-08-19";"5";"375914.000000";"1977100.000000";;"375914";"1977100";"33349";;;"gironde@brgm.fr";"2009-12-09";"gironde@brgm.fr";"2009-01-01";"2011-08-22";"S.BesdeBerc@brgm.fr";"sbdbAdministrateur@brgm.fr";"2";;
"104871";"AQIAA0021042";;;"chambres et galeries";"carrière";"carriere";"Bellevue_01_Les_Clottes";"abandon";"public";;;"centre cavité";"précis";"precis";"plan au 1/500";"10";"2009-08-17";"M.BORDONNE";"2009-08-19";"5";"375701.000000";"1976750.000000";;"375701";"1976750";"33349";;;"gironde@brgm.fr";"2009-12-09";"gironde@brgm.fr";"2009-01-01";"2011-08-22";"S.BesdeBerc@brgm.fr";"sbdbAdministrateur@brgm.fr";"2";;
"107603";"AQIAA0021043";;;"galeries filantes";"carrière";"carriere";"Bellevue_02_Les_Caperanies";"abandon";"public";;;"centre cavité";"précis";"precis";"plan au 1/500";"10";"2009-08-17";"M.BORDONNE";"2009-08-19";"5";"375755.000000";"1976562.000000";;"375755";"1976562";"33349";;;"gironde@brgm.fr";"2009-12-09";"gironde@brgm.fr";"2009-01-01";"2011-08-22";"S.BesdeBerc@brgm.fr";"sbdbAdministrateur@brgm.fr";"2";;
"107526";"AQIAA0021044";;;"galeries filantes";"carrière";"carriere";"Bellevue_03_Les_Caperanies";"abandon";"public";;;"centre cavité";"précis";"precis";"plan au 1/500";"10";"2009-08-17";"M.BORDONNE";"2009-08-19";"5";"375764.000000";"1976551.000000";;"375764";"1976551";"33349";;;"gironde@brgm.fr";"2009-12-09";"gironde@brgm.fr";"2009-01-01";"2011-08-22";"S.BesdeBerc@brgm.fr";"sbdbAdministrateur@brgm.fr";"2";;
"104456";"AQIAA0021045";;;"galeries filantes";"carrière";"carriere";"Bellevue_04_Les_Caperanies";"abandon";"public";;;"centre cavité";"précis";"precis";"plan au 1/500";"10";"2009-08-17";"M.BORDONNE";"2009-08-19";"5";"375767.000000";"1976537.000000";;"375767";"1976537";"33349";;;"gironde@brgm.fr";"2009-12-09";"gironde@brgm.fr";"2009-01-01";"2011-08-22";"S.BesdeBerc@brgm.fr";"sbdbAdministrateur@brgm.fr";"2";;
"106880";"AQIAA0021046";;;"galeries filantes";"carrière";"carriere";"Bellevue_05_Les_Caperanies";"abandon";"public";;;"centre cavité";"précis";"precis";"plan au 1/500";"10";"2009-08-17";"M.BORDONNE";"2009-08-19";"5";"375772.000000";"1976528.000000";;"375772";"1976528";"33349";;;"gironde@brgm.fr";"2009-12-09";"gironde@brgm.fr";"2009-01-01";"2011-08-22";"S.BesdeBerc@brgm.fr";"sbdbAdministrateur@brgm.fr";"2";;
"105530";"AQIAA0021047";;;"chambres et piliers";"carrière";"carriere";"Peysard_01_La_Fontanelle";"abandon";"public";;;"centre cavité";"précis";"precis";"plan au 1/500";"10";"2009-08-17";"M.BORDONNE";"2009-08-19";"5";"375963.000000";"1976251.000000";;"375963";"1976251";"33349";;;"gironde@brgm.fr";"2009-12-09";"gironde@brgm.fr";"2009-01-01";"2011-08-22";"S.BesdeBerc@brgm.fr";"sbdbAdministrateur@brgm.fr";"2";;
"104298";"AQIAA0021048";;;"chambres et piliers";"carrière";"carriere";"Peysard_02_Piveteau";"abandon";"public";;;"centre cavité";"précis";"precis";"plan au 1/500";"10";"2009-08-17";"M.BORDONNE";"2009-08-19";"5";"376013.000000";"1976206.000000";;"376013";"1976206";"33349";;;"gironde@brgm.fr";"2009-12-09";"gironde@brgm.fr";"2009-01-01";"2011-08-22";"S.BesdeBerc@brgm.fr";"sbdbAdministrateur@brgm.fr";"2";;
"104957";"AQIAA0021049";;;"galeries filantes";"carrière";"carriere";"Peysard_03_Piveteau";"abandon";"public";;;"centre cavité";"précis";"precis";"plan au 1/500";"10";"2009-08-18";"M.BORDONNE";"2009-08-19";"5";"375983.000000";"1976185.000000";;"375983";"1976185";"33349";;;"gironde@brgm.fr";"2009-12-09";"gironde@brgm.fr";"2009-01-01";"2011-08-22";"S.BesdeBerc@brgm.fr";"sbdbAdministrateur@brgm.fr";"2";;
"107399";"AQIAA0021050";;;"galeries filantes";"carrière";"carriere";"Peysard_04_Piveteau";"abandon";"public";;;"centre cavité";"précis";"precis";"plan au 1/500";"10";"2009-08-18";"M.BORDONNE";"2009-08-19";"5";"376026.000000";"1976102.000000";;"376026";"1976102";"33349";;;"gironde@brgm.fr";"2009-12-09";"gironde@brgm.fr";"2009-01-01";"2011-08-22";"S.BesdeBerc@brgm.fr";"sbdbAdministrateur@brgm.fr";"2";;
"106734";"AQIAA0021051";;;"galeries filantes";"carrière";"carriere";"Bel_Air_01";"abandon";"public";;;"centre cavité";"précis";"precis";"plan au 1/500";"10";"2009-08-18";"M.BORDONNE";"2009-08-19";"5";"376257.000000";"1975897.000000";;"376257";"1975897";"33349";;;"gironde@brgm.fr";"2009-12-09";"gironde@brgm.fr";"2009-01-01";"2011-08-22";"S.BesdeBerc@brgm.fr";"sbdbAdministrateur@brgm.fr";"2";;
"104187";"AQIAA0021052";;;"chambres et galeries";"carrière";"carriere";"Bel_Air_02";"abandon";"public";;;"centre cavité";"précis";"precis";"plan au 1/500";"10";"2009-08-18";"M.BORDONNE";"2009-08-19";"5";"376307.000000";"1975834.000000";;"376307";"1975834";"33349";;;"gironde@brgm.fr";"2009-12-09";"gironde@brgm.fr";"2009-01-01";"2011-08-22";"S.BesdeBerc@brgm.fr";"sbdbAdministrateur@brgm.fr";"2";;
"105544";"AQIAA0021053";;;"galeries filantes";"carrière";"carriere";"Bel_Air_03";"abandon";"public";;;"centre cavité";"précis";"precis";"plan au 1/500";"10";"2009-08-18";"M.BORDONNE";"2009-08-19";"5";"376329.000000";"1975810.000000";;"376329";"1975810";"33349";;;"gironde@brgm.fr";"2009-12-09";"gironde@brgm.fr";"2009-01-01";"2011-08-22";"S.BesdeBerc@brgm.fr";"sbdbAdministrateur@brgm.fr";"2";;
"2547";"AQIAA0021054";;;"chambres et piliers";"carrière";"carriere";"Le_Joucla_01_Chaurron";"abandon";"public";;;"centre cavité";"précis";"precis";"plan au 1/500";"10";"2009-08-18";"M.BORDONNE";"2009-08-19";"5";"376611.000000";"1975386.000000";;"376611";"1975386";"33349";;;"gironde@brgm.fr";"2009-12-09";"gironde@brgm.fr";"2009-01-01";"2011-08-22";"S.BesdeBerc@brgm.fr";"sbdbAdministrateur@brgm.fr";"2";;
"104426";"AQIAA0021055";;;"galeries filantes";"carrière";"carriere";"Le_Joucla_02_Barraud";"abandon";"public";;;"centre cavité";"précis";"precis";"plan au 1/500";"10";"2009-08-18";"M.BORDONNE";"2009-08-19";"5";"376642.000000";"1975277.000000";;"376642";"1975277";"33349";;;"gironde@brgm.fr";"2009-12-09";"gironde@brgm.fr";"2009-01-01";"2011-08-22";"S.BesdeBerc@brgm.fr";"sbdbAdministrateur@brgm.fr";"2";;
"106928";"AQIAA0021056";;;"chambres et galeries";"carrière";"carriere";"Nouau_01";"abandon";"public";;;"centre cavité";"précis";"precis";"plan au 1/500";"10";"2009-08-18";"M.BORDONNE";"2009-08-19";"5";"376745.000000";"1975111.000000";;"376745";"1975111";"33349";;;"gironde@brgm.fr";"2009-12-09";"gironde@brgm.fr";"2009-01-01";"2011-08-22";"S.BesdeBerc@brgm.fr";"sbdbAdministrateur@brgm.fr";"2";;
"2564";"AQIAA0021057";;;"chambres et galeries";"carrière";"carriere";"Nouau_02";"abandon";"public";;;"centre cavité";"précis";"precis";"plan au 1/500";"10";"2009-08-18";"M.BORDONNE";"2009-08-19";"5";"376822.000000";"1975065.000000";;"376822";"1975065";"33349";;;"gironde@brgm.fr";"2009-12-09";"gironde@brgm.fr";"2009-01-01";"2011-08-22";"S.BesdeBerc@brgm.fr";"sbdbAdministrateur@brgm.fr";"2";;
"106771";"AQIAA0021058";;;"galeries filantes";"carrière";"carriere";"Bichon_01_Teycheneyres";"abandon";"public";;;"centre cavité";"précis";"precis";"plan au 1/500";"10";"2009-08-18";"M.BORDONNE";"2009-09-18";"5";"380684.000000";"1975315.000000";;"380684";"1975315";"33381";;;"gironde@brgm.fr";"2009-12-09";"gironde@brgm.fr";"2009-01-01";"2011-08-22";"S.BesdeBerc@brgm.fr";"sbdbAdministrateur@brgm.fr";"2";;
"104269";"AQIAA0021059";;;"galeries filantes";"carrière";"carriere";"Bichon_02_Teycheneyres";"abandon";"public";;;"centre cavité";"précis";"precis";"plan au 1/500";"10";"2009-08-18";"M.BORDONNE";"2009-09-18";"5";"380812.000000";"1975298.000000";;"380812";"1975298";"33381";;;"gironde@brgm.fr";"2009-12-09";"gironde@brgm.fr";"2009-01-01";"2011-08-22";"S.BesdeBerc@brgm.fr";"sbdbAdministrateur@brgm.fr";"2";;
"106733";"AQIAA0021060";;;"galeries filantes";"carrière";"carriere";"Couderc_01";"abandon";"public";;;"centre cavité";"précis";"precis";"plan au 1/500";"10";"2009-08-18";"M.BORDONNE";"2009-08-19";"5";"379457.000000";"1975133.000000";;"379457";"1975133";"33381";;;"gironde@brgm.fr";"2009-12-09";"gironde@brgm.fr";"2009-01-01";"2011-08-22";"S.BesdeBerc@brgm.fr";"sbdbAdministrateur@brgm.fr";"2";;
"104118";"AQIAA0021061";;;"chambres et piliers";"carrière";"carriere";"Couderc_02";"abandon";"public";;;"centre cavité";"précis";"precis";"plan au 1/500";"10";"2009-08-18";"M.BORDONNE";"2009-08-19";"5";"379475.000000";"1975107.000000";;"379475";"1975107";"33381";;;"gironde@brgm.fr";"2009-12-09";"gironde@brgm.fr";"2009-01-01";"2011-08-22";"S.BesdeBerc@brgm.fr";"sbdbAdministrateur@brgm.fr";"2";;
"107628";"AQIAA0021062";;;"chambres et piliers";"carrière";"carriere";"Luc_01";"abandon";"public";;;"centre cavité";"précis";"precis";"plan au 1/500";"10";"2009-08-18";"M.BORDONNE";"2009-08-19";"5";"379555.000000";"1975004.000000";;"379555";"1975004";"33381";;;"gironde@brgm.fr";"2009-12-09";"gironde@brgm.fr";"2009-01-01";"2011-08-22";"S.BesdeBerc@brgm.fr";"sbdbAdministrateur@brgm.fr";"2";;
"107582";"AQIAA0021063";;;"chambres et galeries";"carrière";"carriere";"Luc_02";"abandon";"public";;;"centre cavité";"précis";"precis";"plan au 1/500";"10";"2009-08-18";"M.BORDONNE";"2009-08-19";"5";"379584.000000";"1974917.000000";;"379584";"1974917";"33381";;;"gironde@brgm.fr";"2009-12-09";"gironde@brgm.fr";"2009-01-01";"2011-08-22";"S.BesdeBerc@brgm.fr";"sbdbAdministrateur@brgm.fr";"2";;
"107915";"AQIAA0021064";;;"galeries filantes";"carrière";"carriere";"Raquine_01";"abandon";"public";;;"centre cavité";"précis";"precis";"plan au 1/500";"10";"2009-08-18";"M.BORDONNE";"2009-08-19";"5";"379679.000000";"1974847.000000";;"379679";"1974847";"33381";;;"gironde@brgm.fr";"2009-12-09";"gironde@brgm.fr";"2009-01-01";"2011-08-22";"S.BesdeBerc@brgm.fr";"sbdbAdministrateur@brgm.fr";"2";;
"107507";"AQIAA0021065";;;"galeries filantes";"carrière";"carriere";"Raquine_02";"abandon";"public";;;"centre cavité";"précis";"precis";"plan au 1/500";"10";"2009-08-18";"M.BORDONNE";"2009-11-23";"5";"379823.000000";"1974886.000000";;"379823";"1974886";"33381";;;"gironde@brgm.fr";"2009-12-09";"gironde@brgm.fr";"2009-01-01";"2011-08-22";"S.BesdeBerc@brgm.fr";"sbdbAdministrateur@brgm.fr";"2";;
"2659";"AQIAA0021066";;;"chambres et piliers";"carrière";"carriere";"Camelot_01";"abandon";"public";;;"centre cavité";"précis";"precis";"plan au 1/500";"10";"2009-08-18";"M.BORDONNE";"2009-08-19";"5";"391001.000000";"1999028.000000";;"391001";"1999028";"33548";;;"gironde@brgm.fr";"2009-12-09";"gironde@brgm.fr";"2009-01-01";"2011-08-22";"S.BesdeBerc@brgm.fr";"sbdbAdministrateur@brgm.fr";"2";;
"104799";"AQIAA0021067";;;"chambres et piliers";"carrière";"carriere";"Camelot_01";"abandon";"public";;;"centre cavité";"précis";"precis";"plan au 1/500";"10";"2009-08-18";"M.BORDONNE";"2009-08-19";"5";"391068.000000";"1998965.000000";;"391068";"1998965";"33548";;;"gironde@brgm.fr";"2009-12-09";"gironde@brgm.fr";"2009-01-01";"2011-08-22";"S.BesdeBerc@brgm.fr";"sbdbAdministrateur@brgm.fr";"2";;
"106815";"AQIAA0021068";;;"galeries filantes";"carrière";"carriere";"Les_Barres_02_Bernon";"abandon";"public";;;"centre cavité";"précis";"precis";"plan au 1/500";"10";"2009-08-18";"M.BORDONNE";"2009-08-19";"5";"389879.000000";"1998566.000000";;"389879";"1998566";"33548";;;"gironde@brgm.fr";"2009-12-09";"gironde@brgm.fr";"2009-01-01";"2011-08-22";"S.BesdeBerc@brgm.fr";"sbdbAdministrateur@brgm.fr";"2";;
"107740";"AQIAA0021069";;;"chambres et piliers";"carrière";"carriere";"Les_Barres_01_Campailley";"abandon";"public";;;"centre cavité";"précis";"precis";"plan au 1/500";"10";"2009-08-18";"M.BORDONNE";"2009-08-19";"5";"390095.000000";"1998627.000000";;"390095";"1998627";"33548";;;"gironde@brgm.fr";"2009-12-09";"gironde@brgm.fr";"2009-01-01";"2011-08-22";"S.BesdeBerc@brgm.fr";"sbdbAdministrateur@brgm.fr";"2";;
"106732";"AQIAA0021070";;;"chambres et piliers";"carrière";"carriere";"Terrachère_01_Pompineau";"abandon";"public";;;"centre cavité";"précis";"precis";"plan au 1/500";"10";"2009-08-18";"M.BORDONNE";"2009-08-19";"5";"391165.000000";"1998480.000000";;"391165";"1998480";"33548";;;"gironde@brgm.fr";"2009-12-09";"gironde@brgm.fr";"2009-01-01";"2011-08-22";"S.BesdeBerc@brgm.fr";"sbdbAdministrateur@brgm.fr";"2";;
"107845";"AQIAA0021071";;;"chambres et galeries";"carrière";"carriere";"Terrachère_02_Meyney";"abandon";"public";;;"centre cavité";"précis";"precis";"plan au 1/500";"10";"2009-08-18";"M.BORDONNE";"2009-08-19";"5";"391019.000000";"1998667.000000";;"391019";"1998667";"33548";;;"gironde@brgm.fr";"2009-12-09";"gironde@brgm.fr";"2009-01-01";"2011-08-22";"S.BesdeBerc@brgm.fr";"sbdbAdministrateur@brgm.fr";"2";;
"104246";"AQIAA0021073";;;"chambres et galeries";"carrière";"carriere";"Talbot";"abandon";"public";;;"centre cavité";"précis";"precis";"plan au 1/500";"10";"2009-09-14";"M.BORDONNE";"2009-09-15";"5";"367556.000000";"2011636.000000";;"367556";"2011636";"33182";;;"gironde@brgm.fr";"2009-12-09";"gironde@brgm.fr";"2009-01-01";"2011-08-22";"S.BesdeBerc@brgm.fr";"sbdbAdministrateur@brgm.fr";"2";;
"106866";"AQIAA0021074";;;"chambres et piliers";"carrière";"carriere";"Laumure";"abandon";"public";;;"centre cavité";"précis";"precis";"plan au 1/500";"10";"2009-09-14";"M.BORDONNE";"2009-09-15";"5";"404733.000000";"1995856.000000";;"404733";"1995856";"33290";;;"gironde@brgm.fr";"2009-12-09";"gironde@brgm.fr";"2009-01-01";"2011-08-22";"S.BesdeBerc@brgm.fr";"sbdbAdministrateur@brgm.fr";"2";;
"107651";"AQIAA0021075";;;"chambres et galeries";"carrière";"carriere";"Mirande_10";"abandon";"public";;;"centre cavité";"précis";"precis";"plan au 1/500";"10";"2009-09-14";"M.BORDONNE";"2009-10-07";"5";"405848.000000";"1996055.000000";;"405848";"1996055";"33290";;;"gironde@brgm.fr";"2009-12-09";"gironde@brgm.fr";"2009-01-01";"2011-08-22";"S.BesdeBerc@brgm.fr";"sbdbAdministrateur@brgm.fr";"2";;
"107413";"AQIAA0021076";;;"chambres et galeries";"carrière";"carriere";"Mirande_09";"abandon";"public";;;"centre cavité";"précis";"precis";"plan au 1/500";"10";"2009-09-14";"M.BORDONNE";"2009-09-15";"5";"405900.000000";"1995943.000000";;"405900";"1995943";"33290";;;"gironde@brgm.fr";"2009-12-09";"gironde@brgm.fr";"2009-01-01";"2011-08-22";"S.BesdeBerc@brgm.fr";"sbdbAdministrateur@brgm.fr";"2";;
"104354";"AQIAA0021077";;;"chambres et galeries";"carrière";"carriere";"Bichon_03_Teycheneyres";"abandon";"public";;;"centre cavité";"précis";"precis";"plan au 1/500";"10";"2009-09-14";"M.BORDONNE";"2009-09-15";"5";"380767.000000";"1975312.000000";;"380767";"1975312";"33381";;;"gironde@brgm.fr";"2009-12-09";"gironde@brgm.fr";"2009-01-01";"2011-08-22";"S.BesdeBerc@brgm.fr";"sbdbAdministrateur@brgm.fr";"2";;
"107477";"AQIAA0021078";;;"chambres et galeries";"carrière";"carriere";"Curton_01";"abandon";"public";;;"centre cavité";"précis";"precis";"plan au 1/500";"10";"2009-09-14";"M.BORDONNE";"2009-09-15";"5";"395533.000000";"1981909.000000";;"395533";"1981909";"33147";;;"gironde@brgm.fr";"2009-12-09";"gironde@brgm.fr";"2009-01-01";"2011-08-22";"S.BesdeBerc@brgm.fr";"sbdbAdministrateur@brgm.fr";"2";;
"104843";"AQIAA0021079";;;"chambres et piliers";"carrière";"carriere";"Curton_02";"abandon";"public";;;"centre cavité";"précis";"precis";"plan au 1/500";"10";"2009-09-14";"M.BORDONNE";"2009-09-15";"5";"395500.000000";"1981877.000000";;"395500";"1981877";"33147";;;"gironde@brgm.fr";"2009-12-09";"gironde@brgm.fr";"2009-01-01";"2011-08-22";"S.BesdeBerc@brgm.fr";"sbdbAdministrateur@brgm.fr";"2";;
"108172";"AQIAA0021080";;;"chambres et galeries";"carrière";"carriere";"Gimbaud_03_Lord";"abandon";"public";;;"centre cavité";"précis";"precis";"plan au 1/500";"10";"2009-09-14";"M.BORDONNE";"2009-09-15";"5";"376572.000000";"1977403.000000";;"376572";"1977403";"33349";;;"gironde@brgm.fr";"2009-12-09";"gironde@brgm.fr";"2009-01-01";"2011-08-22";"S.BesdeBerc@brgm.fr";"sbdbAdministrateur@brgm.fr";"2";;
"2658";"AQIAA0021081";;;"galeries filantes";"carrière";"carriere";"Le_Joucla_04_Terrefort";"abandon";"public";;;"centre cavité";"précis";"precis";"plan au 1/500";"10";"2009-09-14";"M.BORDONNE";"2009-09-15";"5";"376482.000000";"1975551.000000";;"376482";"1975551";"33349";;;"gironde@brgm.fr";"2009-12-09";"gironde@brgm.fr";"2009-01-01";"2011-08-22";"S.BesdeBerc@brgm.fr";"sbdbAdministrateur@brgm.fr";"2";;
"104460";"AQIAA0021082";;;"galeries filantes";"carrière";"carriere";"Le_Joucla_03_Terrefort";"abandon";"public";;;"centre cavité";"précis";"precis";"plan au 1/500";"10";"2009-09-14";"M.BORDONNE";"2009-09-15";"5";"376484.000000";"1975549.000000";;"376484";"1975549";"33349";;;"gironde@brgm.fr";"2009-12-09";"gironde@brgm.fr";"2009-01-01";"2011-08-22";"S.BesdeBerc@brgm.fr";"sbdbAdministrateur@brgm.fr";"2";;
"107578";"AQIAA0021083";;;"galeries filantes";"carrière";"carriere";"Le_Joucla_05_Terrefort";"abandon";"public";;;"centre cavité";"précis";"precis";"plan au 1/500";"10";"2009-09-14";"M.BORDONNE";"2009-10-07";"5";"376476.000000";"1975566.000000";;"376476";"1975566";"33349";;;"gironde@brgm.fr";"2009-12-09";"gironde@brgm.fr";"2009-01-01";"2011-08-22";"S.BesdeBerc@brgm.fr";"sbdbAdministrateur@brgm.fr";"2";;
"107654";"AQIAA0021084";;;"galeries filantes";"carrière";"carriere";"Rivière_01";"abandon";"public";;;"centre cavité";"précis";"precis";"plan au 1/500";"10";"2009-09-14";"M.BORDONNE";"2009-09-17";"5";"376304.000000";"2008612.000000";;"376304";"2008612";"33339";;;"gironde@brgm.fr";"2009-12-09";"gironde@brgm.fr";"2009-01-01";"2011-08-22";"S.BesdeBerc@brgm.fr";"sbdbAdministrateur@brgm.fr";"2";;
"2663";"AQIAA0021085";;;"galeries filantes";"carrière";"carriere";"Rivière_02";"abandon";"public";;;"centre cavité";"précis";"precis";"plan au 1/500";"10";"2009-09-14";"M.BORDONNE";"2009-09-17";"5";"376225.000000";"2008566.000000";;"376225";"2008566";"33339";;;"gironde@brgm.fr";"2009-12-09";"gironde@brgm.fr";"2009-01-01";"2011-08-22";"S.BesdeBerc@brgm.fr";"sbdbAdministrateur@brgm.fr";"2";;
"104865";"AQIAA0021086";;;"chambres et piliers";"carrière";"carriere";"Pair_Non_Pair_09";"abandon";"public";;;"centre cavité";"précis";"precis";"plan au 1/500";"10";"2009-09-14";"M.BORDONNE";"2009-09-17";"5";"376284.000000";"2008443.000000";;"376284";"2008443";"33339";;;"gironde@brgm.fr";"2009-12-09";"gironde@brgm.fr";"2009-01-01";"2011-08-22";"S.BesdeBerc@brgm.fr";"sbdbAdministrateur@brgm.fr";"2";;
"106816";"AQIAA0021087";;;"chambres et piliers";"carrière";"carriere";"Pair_Non_Pair_08";"abandon";"public";;;"centre cavité";"précis";"precis";"plan au 1/500";"10";"2009-09-14";"M.BORDONNE";"2009-09-17";"5";"376300.000000";"2008418.000000";;"376300";"2008418";"33339";;;"gironde@brgm.fr";"2009-12-09";"gironde@brgm.fr";"2009-01-01";"2011-08-22";"S.BesdeBerc@brgm.fr";"sbdbAdministrateur@brgm.fr";"2";;
"107558";"AQIAA0021088";;;"chambres et galeries";"carrière";"carriere";"Pair_Non_Pair_10";"abandon";"public";;;"centre cavité";"précis";"precis";"plan au 1/500";"10";"2009-09-14";"M.BORDONNE";"2009-09-17";"5";"376235.000000";"2008410.000000";;"376235";"2008410";"33339";;;"gironde@brgm.fr";"2009-12-09";"gironde@brgm.fr";"2009-01-01";"2011-08-22";"S.BesdeBerc@brgm.fr";"sbdbAdministrateur@brgm.fr";"2";;
"108037";"AQIAA0021089";;;"galeries filantes";"carrière";"carriere";"Pair_Non_Pair_07";"abandon";"public";;;"centre cavité";"précis";"precis";"plan au 1/500";"10";"2009-09-14";"M.BORDONNE";"2009-09-17";"5";"376288.000000";"2008388.000000";;"376288";"2008388";"33339";;;"gironde@brgm.fr";"2009-12-09";"gironde@brgm.fr";"2009-01-01";"2011-08-22";"S.BesdeBerc@brgm.fr";"sbdbAdministrateur@brgm.fr";"2";;
"104216";"AQIAA0021090";;;"chambres et piliers";"carrière";"carriere";"Pair_Non_Pair_01";"abandon";"public";;;"centre cavité";"précis";"precis";"plan au 1/500";"10";"2009-09-14";"M.BORDONNE";"2009-09-17";"5";"376173.000000";"2008359.000000";;"376173";"2008359";"33339";;;"gironde@brgm.fr";"2009-12-09";"gironde@brgm.fr";"2009-01-01";"2011-08-22";"S.BesdeBerc@brgm.fr";"sbdbAdministrateur@brgm.fr";"2";;
"104686";"AQIAA0021091";;;"chambres et galeries";"carrière";"carriere";"Pair_Non_Pair_06";"abandon";"public";;;"centre cavité";"précis";"precis";"plan au 1/500";"10";"2009-09-14";"M.BORDONNE";"2009-09-17";"5";"376279.000000";"2008353.000000";;"376279";"2008353";"33339";;;"gironde@brgm.fr";"2009-12-09";"gironde@brgm.fr";"2009-01-01";"2011-08-22";"S.BesdeBerc@brgm.fr";"sbdbAdministrateur@brgm.fr";"2";;
"107404";"AQIAA0021092";;;"galeries filantes";"carrière";"carriere";"Pair_Non_Pair_02";"abandon";"public";;;"centre cavité";"précis";"precis";"plan au 1/500";"10";"2009-09-14";"M.BORDONNE";"2009-09-17";"5";"376177.000000";"2008313.000000";;"376177";"2008313";"33339";;;"gironde@brgm.fr";"2009-12-09";"gironde@brgm.fr";"2009-01-01";"2011-08-22";"S.BesdeBerc@brgm.fr";"sbdbAdministrateur@brgm.fr";"2";;
"107140";"AQIAA0021093";;;"galeries filantes";"carrière";"carriere";"Pair_Non_Pair_03";"abandon";"public";;;"centre cavité";"précis";"precis";"plan au 1/500";"10";"2009-09-14";"M.BORDONNE";"2009-09-17";"5";"376251.000000";"2008318.000000";;"376251";"2008318";"33339";;;"gironde@brgm.fr";"2009-12-09";"gironde@brgm.fr";"2009-01-01";"2011-08-22";"S.BesdeBerc@brgm.fr";"sbdbAdministrateur@brgm.fr";"2";;
"3631";"AQIAA0021094";;;"orifice naturel";"naturelle";"naturelle";"Confidentiel";"abandon";"confidentiel";"site archéologique";"DRAC";"orifice visible";"précis";"precis";"plan au 1/500";"";"2010-12-17";"M.BORDONNE";"2010-12-17";"";"";"";"";"";"";"33339";;;"gironde@brgm.fr";"2009-12-09";"gironde@brgm.fr";"2009-01-01";"2011-08-22";"S.BesdeBerc@brgm.fr";"sbdbAdministrateur@brgm.fr";"2";;
"107552";"AQIAA0021095";;;"chambres et piliers";"carrière";"carriere";"Pair_Non_Pair_04";"abandon";"public";;;"centre cavité";"précis";"precis";"plan au 1/500";"10";"2009-09-14";"M.BORDONNE";"2009-09-17";"5";"376302.000000";"2008290.000000";;"376302";"2008290";"33339";;;"gironde@brgm.fr";"2009-12-09";"gironde@brgm.fr";"2009-01-01";"2011-08-22";"S.BesdeBerc@brgm.fr";"sbdbAdministrateur@brgm.fr";"2";;
"731";"AQIAA0021096";;;"galeries filantes";"carrière";"carriere";"Perpignan";"abandon";"public";;;"centre cavité";"précis";"precis";"plan au 1/500";"10";"2009-09-14";"M.BORDONNE";"2009-09-17";"5";"376333.000000";"2008083.000000";;"376333";"2008083";"33339";;;"gironde@brgm.fr";"2009-12-09";"gironde@brgm.fr";"2009-01-01";"2011-08-22";"S.BesdeBerc@brgm.fr";"sbdbAdministrateur@brgm.fr";"2";;
"104839";"AQIAA0021097";;;"galeries filantes";"carrière";"carriere";"Plumet_01";"abandon";"public";;;"centre cavité";"précis";"precis";"plan au 1/500";"10";"2009-09-14";"M.BORDONNE";"2009-09-17";"5";"376565.000000";"2007893.000000";;"376565";"2007893";"33339";;;"gironde@brgm.fr";"2009-12-09";"gironde@brgm.fr";"2009-01-01";"2011-08-22";"S.BesdeBerc@brgm.fr";"sbdbAdministrateur@brgm.fr";"2";;
"107122";"AQIAA0021098";;;"galeries filantes";"carrière";"carriere";"Plumet_02";"abandon";"public";;;"centre cavité";"précis";"precis";"plan au 1/500";"10";"2009-09-14";"M.BORDONNE";"2009-09-17";"5";"376669.000000";"2007863.000000";;"376669";"2007863";"33339";;;"gironde@brgm.fr";"2009-12-09";"gironde@brgm.fr";"2009-01-01";"2011-08-22";"S.BesdeBerc@brgm.fr";"sbdbAdministrateur@brgm.fr";"2";;
"107511";"AQIAA0021099";;;"galeries filantes";"carrière";"carriere";"Cabiraud_02";"abandon";"public";;;"centre cavité";"précis";"precis";"plan au 1/500";"10";"2009-09-14";"M.BORDONNE";"2009-09-17";"5";"376861.000000";"2008133.000000";;"376861";"2008133";"33339";;;"gironde@brgm.fr";"2009-12-09";"gironde@brgm.fr";"2009-01-01";"2011-08-22";"S.BesdeBerc@brgm.fr";"sbdbAdministrateur@brgm.fr";"2";;
"2667";"AQIAA0021100";;;"chambres et galeries";"carrière";"carriere";"Cabiraud_01";"abandon";"public";;;"centre cavité";"précis";"precis";"plan au 1/500";"10";"2009-09-14";"M.BORDONNE";"2009-09-17";"5";"376762.000000";"2008046.000000";;"376762";"2008046";"33339";;;"gironde@brgm.fr";"2009-12-09";"gironde@brgm.fr";"2009-01-01";"2011-08-22";"S.BesdeBerc@brgm.fr";"sbdbAdministrateur@brgm.fr";"2";;
"107481";"AQIAA0021101";;;"galeries filantes";"carrière";"carriere";"Cabiraud_04";"abandon";"public";;;"centre cavité";"précis";"precis";"plan au 1/500";"10";"2009-09-14";"M.BORDONNE";"2009-09-17";"5";"376858.000000";"2008043.000000";;"376858";"2008043";"33339";;;"gironde@brgm.fr";"2009-12-09";"gironde@brgm.fr";"2009-01-01";"2011-08-22";"S.BesdeBerc@brgm.fr";"sbdbAdministrateur@brgm.fr";"2";;
"107470";"AQIAA0021102";;;"galeries filantes";"carrière";"carriere";"Cabiraud_03";"abandon";"public";;;"centre cavité";"précis";"precis";"plan au 1/500";"10";"2009-09-14";"M.BORDONNE";"2009-09-17";"5";"376878.000000";"2008065.000000";;"376878";"2008065";"33339";;;"gironde@brgm.fr";"2009-12-09";"gironde@brgm.fr";"2009-01-01";"2011-08-22";"S.BesdeBerc@brgm.fr";"sbdbAdministrateur@brgm.fr";"2";;
"107855";"AQIAA0021103";;;"galeries filantes";"carrière";"carriere";"Cabiraud_06";"abandon";"public";;;"centre cavité";"précis";"precis";"plan au 1/500";"10";"2009-09-14";"M.BORDONNE";"2009-09-17";"5";"376801.000000";"2007972.000000";;"376801";"2007972";"33339";;;"gironde@brgm.fr";"2009-12-09";"gironde@brgm.fr";"2009-01-01";"2011-08-22";"S.BesdeBerc@brgm.fr";"sbdbAdministrateur@brgm.fr";"2";;
"118678";"AQIAA0021104";;;"chambres et galeries";"carrière";"carriere";"Cabiraud_05";"abandon";"public";;;"centre cavité";"précis";"precis";"plan au 1/500";"10";"2009-09-14";"M.BORDONNE";"2009-09-17";"5";"376838.000000";"2007992.000000";;"376838";"2007992";"33339";;;"gironde@brgm.fr";"2009-12-09";"gironde@brgm.fr";"2009-01-01";"2011-08-22";"S.BesdeBerc@brgm.fr";"sbdbAdministrateur@brgm.fr";"2";;
"104570";"AQIAA0021105";;;"galeries filantes";"carrière";"carriere";"Cabiraud_10";"abandon";"public";;;"centre cavité";"précis";"precis";"plan au 1/500";"10";"2009-09-14";"M.BORDONNE";"2009-09-17";"5";"376945.000000";"2007994.000000";;"376945";"2007994";"33339";;;"gironde@brgm.fr";"2009-12-09";"gironde@brgm.fr";"2009-01-01";"2011-08-22";"S.BesdeBerc@brgm.fr";"sbdbAdministrateur@brgm.fr";"2";;
"104344";"AQIAA0021106";;;"chambres et galeries";"carrière";"carriere";"Cabiraud_07";"abandon";"public";;;"centre cavité";"précis";"precis";"plan au 1/500";"10";"2009-09-14";"M.BORDONNE";"2009-09-17";"5";"376827.000000";"2007944.000000";;"376827";"2007944";"33339";;;"gironde@brgm.fr";"2009-12-09";"gironde@brgm.fr";"2009-01-01";"2011-08-22";"S.BesdeBerc@brgm.fr";"sbdbAdministrateur@brgm.fr";"2";;
"106885";"AQIAA0021107";;;"galeries filantes";"carrière";"carriere";"Cabiraud_08";"abandon";"public";;;"centre cavité";"précis";"precis";"plan au 1/500";"10";"2009-09-14";"M.BORDONNE";"2009-09-17";"5";"376869.000000";"2007933.000000";;"376869";"2007933";"33339";;;"gironde@brgm.fr";"2009-12-09";"gironde@brgm.fr";"2009-01-01";"2011-08-22";"S.BesdeBerc@brgm.fr";"sbdbAdministrateur@brgm.fr";"2";;
"108102";"AQIAA0021108";;;"galeries filantes";"carrière";"carriere";"Cabiraud_09";"abandon";"public";;;"centre cavité";"précis";"precis";"plan au 1/500";"10";"2009-09-14";"M.BORDONNE";"2009-09-17";"5";"376928.000000";"2007927.000000";;"376928";"2007927";"33339";;;"gironde@brgm.fr";"2009-12-09";"gironde@brgm.fr";"2009-01-01";"2011-08-22";"S.BesdeBerc@brgm.fr";"sbdbAdministrateur@brgm.fr";"2";;
"104878";"AQIAA0021109";;;"galeries filantes";"carrière";"carriere";"Troubat_01";"abandon";"public";;;"centre cavité";"précis";"precis";"plan au 1/500";"10";"2009-09-14";"M.BORDONNE";"2009-09-17";"5";"376854.000000";"2007846.000000";;"376854";"2007846";"33339";;;"gironde@brgm.fr";"2009-12-09";"gironde@brgm.fr";"2009-01-01";"2011-08-22";"S.BesdeBerc@brgm.fr";"sbdbAdministrateur@brgm.fr";"2";;
"105487";"AQIAA0021110";;;"galeries filantes";"carrière";"carriere";"Troubat_02";"abandon";"public";;;"centre cavité";"précis";"precis";"plan au 1/500";"10";"2009-09-14";"M.BORDONNE";"2009-09-17";"5";"376882.000000";"2007842.000000";;"376882";"2007842";"33339";;;"gironde@brgm.fr";"2009-12-09";"gironde@brgm.fr";"2009-01-01";"2011-08-22";"S.BesdeBerc@brgm.fr";"sbdbAdministrateur@brgm.fr";"2";;
"106829";"AQIAA0021111";;;"galeries filantes";"carrière";"carriere";"Troubat_03";"abandon";"public";;;"centre cavité";"précis";"precis";"plan au 1/500";"10";"2009-09-14";"M.BORDONNE";"2009-09-17";"5";"376850.000000";"2007826.000000";;"376850";"2007826";"33339";;;"gironde@brgm.fr";"2009-12-09";"gironde@brgm.fr";"2009-01-01";"2011-08-22";"S.BesdeBerc@brgm.fr";"sbdbAdministrateur@brgm.fr";"2";;
"104410";"AQIAA0021112";;;"galeries filantes";"carrière";"carriere";"Troubat_04";"abandon";"public";;;"centre cavité";"précis";"precis";"plan au 1/500";"10";"2009-09-14";"M.BORDONNE";"2009-09-17";"5";"376855.000000";"2007810.000000";;"376855";"2007810";"33339";;;"gironde@brgm.fr";"2009-12-09";"gironde@brgm.fr";"2009-01-01";"2011-08-22";"S.BesdeBerc@brgm.fr";"sbdbAdministrateur@brgm.fr";"2";;
"107298";"AQIAA0021113";;;"galeries filantes";"carrière";"carriere";"Troubat_05";"abandon";"public";;;"centre cavité";"précis";"precis";"plan au 1/500";"10";"2009-09-14";"M.BORDONNE";"2009-09-17";"5";"376822.000000";"2007803.000000";;"376822";"2007803";"33339";;;"gironde@brgm.fr";"2009-12-09";"gironde@brgm.fr";"2009-01-01";"2011-08-22";"S.BesdeBerc@brgm.fr";"sbdbAdministrateur@brgm.fr";"2";;
"107911";"AQIAA0021114";;;"galeries filantes";"carrière";"carriere";"Troubat_06";"abandon";"public";;;"centre cavité";"précis";"precis";"plan au 1/500";"10";"2009-09-14";"M.BORDONNE";"2009-09-17";"5";"376912.000000";"2007775.000000";;"376912";"2007775";"33339";;;"gironde@brgm.fr";"2009-12-09";"gironde@brgm.fr";"2009-01-01";"2011-08-22";"S.BesdeBerc@brgm.fr";"sbdbAdministrateur@brgm.fr";"2";;
"108168";"AQIAA0021115";;;"galeries filantes";"carrière";"carriere";"Troubat_07";"abandon";"public";;;"centre cavité";"précis";"precis";"plan au 1/500";"10";"2009-09-14";"M.BORDONNE";"2009-09-17";"5";"376911.000000";"2007760.000000";;"376911";"2007760";"33339";;;"gironde@brgm.fr";"2009-12-09";"gironde@brgm.fr";"2009-01-01";"2011-08-22";"S.BesdeBerc@brgm.fr";"sbdbAdministrateur@brgm.fr";"2";;
"104214";"AQIAA0021116";;;"galeries filantes";"carrière";"carriere";"Troubat_08_Saint_André";"abandon";"public";;;"centre cavité";"précis";"precis";"plan au 1/500";"10";"2009-09-14";"M.BORDONNE";"2009-09-17";"5";"377138.000000";"2007744.000000";;"377138";"2007744";"33339";;;"gironde@brgm.fr";"2009-12-09";"gironde@brgm.fr";"2009-01-01";"2011-08-22";"S.BesdeBerc@brgm.fr";"sbdbAdministrateur@brgm.fr";"2";;
"104315";"AQIAA0021117";;;"galeries filantes";"carrière";"carriere";"Troubat_09_Saint_André";"abandon";"public";;;"centre cavité";"précis";"precis";"plan au 1/500";"10";"2009-09-14";"M.BORDONNE";"2009-09-17";"5";"377105.000000";"2007712.000000";;"377105";"2007712";"33339";;;"gironde@brgm.fr";"2009-12-09";"gironde@brgm.fr";"2009-01-01";"2011-08-22";"S.BesdeBerc@brgm.fr";"sbdbAdministrateur@brgm.fr";"2";;
"104956";"AQIAA0021118";;;"galeries filantes";"carrière";"carriere";"Troubat_10_Saint_André";"abandon";"public";;;"centre cavité";"précis";"precis";"plan au 1/500";"10";"2009-09-14";"M.BORDONNE";"2009-09-17";"5";"377094.000000";"2007709.000000";;"377094";"2007709";"33339";;;"gironde@brgm.fr";"2009-12-09";"gironde@brgm.fr";"2009-01-01";"2011-08-22";"S.BesdeBerc@brgm.fr";"sbdbAdministrateur@brgm.fr";"2";;
"104929";"AQIAA0021121";;;"galeries filantes";"carrière";"carriere";"La_Croix_Blanche_01";"abandon";"public";;;"centre cavité";"précis";"precis";"plan au 1/500";"10";"2009-09-14";"M.BORDONNE";"2009-09-23";"5";"377448.000000";"2008253.000000";;"377448";"2008253";"33339";;;"gironde@brgm.fr";"2009-12-09";"gironde@brgm.fr";"2009-01-01";"2011-08-22";"S.BesdeBerc@brgm.fr";"sbdbAdministrateur@brgm.fr";"2";;
"107460";"AQIAA0021122";;;"chambres et galeries";"carrière";"carriere";"La_Croix_Blanche_02";"abandon";"public";;;"centre cavité";"précis";"precis";"plan au 1/500";"10";"2009-09-14";"M.BORDONNE";"2009-09-23";"5";"377536.000000";"2008241.000000";;"377536";"2008241";"33339";;;"gironde@brgm.fr";"2009-12-09";"gironde@brgm.fr";"2009-01-01";"2011-08-22";"S.BesdeBerc@brgm.fr";"sbdbAdministrateur@brgm.fr";"2";;
"104678";"AQIAA0021123";;;"galeries filantes";"carrière";"carriere";"La_Croix_Blanche_03";"abandon";"public";;;"centre cavité";"précis";"precis";"plan au 1/500";"10";"2009-09-14";"M.BORDONNE";"2009-09-23";"5";"377555.000000";"2008227.000000";;"377555";"2008227";"33339";;;"gironde@brgm.fr";"2009-12-09";"gironde@brgm.fr";"2009-01-01";"2011-08-22";"S.BesdeBerc@brgm.fr";"sbdbAdministrateur@brgm.fr";"2";;
"104603";"AQIAA0021124";;;"chambres et piliers";"carrière";"carriere";"La_Croix_Blanche_04";"abandon";"public";;;"centre cavité";"précis";"precis";"plan au 1/500";"10";"2009-09-14";"M.BORDONNE";"2009-09-23";"5";"377584.000000";"2008171.000000";;"377584";"2008171";"33339";;;"gironde@brgm.fr";"2009-12-09";"gironde@brgm.fr";"2009-01-01";"2011-08-22";"S.BesdeBerc@brgm.fr";"sbdbAdministrateur@brgm.fr";"2";;
"106823";"AQIAA0021125";;;"chambres et piliers";"carrière";"carriere";"La_Croix_Blanche_05";"abandon";"public";;;"centre cavité";"précis";"precis";"plan au 1/500";"10";"2009-09-14";"M.BORDONNE";"2009-09-23";"5";"377659.000000";"2008137.000000";;"377659";"2008137";"33339";;;"gironde@brgm.fr";"2009-12-09";"gironde@brgm.fr";"2009-01-01";"2011-08-22";"S.BesdeBerc@brgm.fr";"sbdbAdministrateur@brgm.fr";"2";;
"104568";"AQIAA0021126";;;"chambres et galeries";"carrière";"carriere";"La_Croix_Blanche_06";"abandon";"public";;;"centre cavité";"précis";"precis";"plan au 1/500";"10";"2009-09-14";"M.BORDONNE";"2009-09-23";"5";"377644.000000";"2008113.000000";;"377644";"2008113";"33339";;;"gironde@brgm.fr";"2009-12-09";"gironde@brgm.fr";"2009-01-01";"2011-08-22";"S.BesdeBerc@brgm.fr";"sbdbAdministrateur@brgm.fr";"2";;
"107908";"AQIAA0021127";;;"chambres et galeries";"carrière";"carriere";"La_Croix_Blanche_07_Le_Moulin";"abandon";"public";;;"centre cavité";"précis";"precis";"plan au 1/500";"10";"2009-09-14";"M.BORDONNE";"2009-09-23";"5";"377574.000000";"2008048.000000";;"377574";"2008048";"33339";;;"gironde@brgm.fr";"2009-12-09";"gironde@brgm.fr";"2009-01-01";"2011-08-22";"S.BesdeBerc@brgm.fr";"sbdbAdministrateur@brgm.fr";"2";;
"105548";"AQIAA0021128";;;"chambres et piliers";"carrière";"carriere";"Les_Neuf_Fons_10";"abandon";"public";;;"centre cavité";"précis";"precis";"plan au 1/500";"10";"2009-09-14";"M.BORDONNE";"2009-09-23";"5";"377461.000000";"2007863.000000";;"377461";"2007863";"33339";;;"gironde@brgm.fr";"2009-12-09";"gironde@brgm.fr";"2009-01-01";"2011-08-22";"S.BesdeBerc@brgm.fr";"sbdbAdministrateur@brgm.fr";"2";;
"105475";"AQIAA0021129";;;"chambres et galeries";"carrière";"carriere";"Les_Neuf_Fons_11";"abandon";"public";;;"centre cavité";"précis";"precis";"plan au 1/500";"10";"2009-09-14";"M.BORDONNE";"2009-09-23";"5";"377486.000000";"2007851.000000";;"377486";"2007851";"33339";;;"gironde@brgm.fr";"2009-12-09";"gironde@brgm.fr";"2009-01-01";"2011-08-22";"S.BesdeBerc@brgm.fr";"sbdbAdministrateur@brgm.fr";"2";;
"108120";"AQIAA0021130";;;"galeries filantes";"carrière";"carriere";"Les_Neuf_Fons_01_Domaine_de_Marcamps";"abandon";"public";;;"centre cavité";"précis";"precis";"plan au 1/500";"10";"2009-09-14";"M.BORDONNE";"2009-09-17";"5";"377404.000000";"2007793.000000";;"377404";"2007793";"33339";;;"gironde@brgm.fr";"2009-12-09";"gironde@brgm.fr";"2009-01-01";"2011-08-22";"S.BesdeBerc@brgm.fr";"sbdbAdministrateur@brgm.fr";"2";;
"104485";"AQIAA0021131";;;"galeries filantes";"carrière";"carriere";"Les_Neuf_Fons_02_Domaine_de_Marcamps";"abandon";"public";;;"centre cavité";"précis";"precis";"plan au 1/500";"10";"2009-09-14";"M.BORDONNE";"2009-09-17";"5";"377459.000000";"2007808.000000";;"377459";"2007808";"33339";;;"gironde@brgm.fr";"2009-12-09";"gironde@brgm.fr";"2009-01-01";"2011-08-22";"S.BesdeBerc@brgm.fr";"sbdbAdministrateur@brgm.fr";"2";;
"107483";"AQIAA0021132";;;"chambres et piliers";"carrière";"carriere";"Les_Neuf_Fons_09_La_Piguille";"abandon";"public";;;"centre cavité";"précis";"precis";"plan au 1/500";"10";"2009-09-14";"M.BORDONNE";"2009-09-17";"5";"377710.000000";"2007852.000000";;"377710";"2007852";"33339";;;"gironde@brgm.fr";"2009-12-09";"gironde@brgm.fr";"2009-01-01";"2011-08-22";"S.BesdeBerc@brgm.fr";"sbdbAdministrateur@brgm.fr";"2";;
"104529";"AQIAA0021133";;;"chambres et piliers";"carrière";"carriere";"Les_Neuf_Fons_03_La_Piguille";"abandon";"public";;;"centre cavité";"précis";"precis";"plan au 1/500";"10";"2009-09-14";"M.BORDONNE";"2009-09-17";"5";"377503.000000";"2007749.000000";;"377503";"2007749";"33339";;;"gironde@brgm.fr";"2009-12-09";"gironde@brgm.fr";"2009-01-01";"2011-08-22";"S.BesdeBerc@brgm.fr";"sbdbAdministrateur@brgm.fr";"2";;
"107462";"AQIAA0021134";;;"chambres et piliers";"carrière";"carriere";"Neuf_Fons_08_La_Piguille";"abandon";"public";;;"centre cavité";"précis";"precis";"plan au 1/500";"10";"2009-09-14";"M.BORDONNE";"2009-09-17";"5";"377695.000000";"2007750.000000";;"377695";"2007750";"33339";;;"gironde@brgm.fr";"2009-12-09";"gironde@brgm.fr";"2009-01-01";"2011-08-22";"S.BesdeBerc@brgm.fr";"sbdbAdministrateur@brgm.fr";"2";;
"107579";"AQIAA0021135";;;"chambres et galeries";"carrière";"carriere";"Plantier_Neuf_01";"abandon";"public";;;"centre cavité";"précis";"precis";"plan au 1/500";"10";"2009-09-14";"M.BORDONNE";"2009-09-17";"5";"377442.000000";"2007652.000000";;"377442";"2007652";"33339";;;"gironde@brgm.fr";"2009-12-09";"gironde@brgm.fr";"2009-01-01";"2011-08-22";"S.BesdeBerc@brgm.fr";"sbdbAdministrateur@brgm.fr";"2";;
"104319";"AQIAA0021136";;;"galeries filantes";"carrière";"carriere";"Les_Neuf_Fons_04_La_Piguille";"abandon";"public";;;"centre cavité";"précis";"precis";"plan au 1/500";"10";"2009-09-14";"M.BORDONNE";"2009-09-17";"5";"377549.000000";"2007712.000000";;"377549";"2007712";"33339";;;"gironde@brgm.fr";"2009-12-09";"gironde@brgm.fr";"2009-01-01";"2011-08-22";"S.BesdeBerc@brgm.fr";"sbdbAdministrateur@brgm.fr";"2";;
"104912";"AQIAA0021137";;;"galeries filantes";"carrière";"carriere";"Les_Neuf_Fons_05_La_Piguille";"abandon";"public";;;"centre cavité";"précis";"precis";"plan au 1/500";"10";"2009-09-14";"M.BORDONNE";"2009-09-17";"5";"377571.000000";"2007704.000000";;"377571";"2007704";"33339";;;"gironde@brgm.fr";"2009-12-09";"gironde@brgm.fr";"2009-01-01";"2011-08-22";"S.BesdeBerc@brgm.fr";"sbdbAdministrateur@brgm.fr";"2";;
"3610";"AQIAA0021138";;;"galeries filantes";"carrière";"carriere";"Les_Neuf_Fons_06_La_Piguille";"abandon";"public";;;"centre cavité";"précis";"precis";"plan au 1/500";"10";"2009-09-14";"M.BORDONNE";"2009-09-17";"5";"377574.000000";"2007694.000000";;"377574";"2007694";"33339";;;"gironde@brgm.fr";"2009-12-09";"gironde@brgm.fr";"2009-01-01";"2011-08-22";"S.BesdeBerc@brgm.fr";"sbdbAdministrateur@brgm.fr";"2";;
"107356";"AQIAA0021139";;;"galeries filantes";"carrière";"carriere";"Les_Neuf_Fons_07_La_Piguille";"abandon";"public";;;"centre cavité";"précis";"precis";"plan au 1/500";"10";"2009-09-14";"M.BORDONNE";"2009-09-17";"5";"377612.000000";"2007696.000000";;"377612";"2007696";"33339";;;"gironde@brgm.fr";"2009-12-09";"gironde@brgm.fr";"2009-01-01";"2011-08-22";"S.BesdeBerc@brgm.fr";"sbdbAdministrateur@brgm.fr";"2";;
"104303";"AQIAA0021140";;;"chambres et galeries";"carrière";"carriere";"Plantier_Neuf_02";"abandon";"public";;;"centre cavité";"précis";"precis";"plan au 1/500";"10";"2009-09-14";"M.BORDONNE";"2009-09-17";"5";"377589.000000";"2007646.000000";;"377589";"2007646";"33339";;;"gironde@brgm.fr";"2009-12-09";"gironde@brgm.fr";"2009-01-01";"2011-08-22";"S.BesdeBerc@brgm.fr";"sbdbAdministrateur@brgm.fr";"2";;
"104974";"AQIAA0021141";;;"galeries filantes";"carrière";"carriere";"Plantier_Neuf_03";"abandon";"public";;;"centre cavité";"précis";"precis";"plan au 1/500";"10";"2009-09-14";"M.BORDONNE";"2009-09-17";"5";"377578.000000";"2007583.000000";;"377578";"2007583";"33339";;;"gironde@brgm.fr";"2009-12-09";"gironde@brgm.fr";"2009-01-01";"2011-08-22";"S.BesdeBerc@brgm.fr";"sbdbAdministrateur@brgm.fr";"2";;
"107467";"AQIAA0021142";;;"chambres et piliers";"carrière";"carriere";"Les_Lurzines_02";"abandon";"public";;;"centre cavité";"précis";"precis";"plan au 1/500";"10";"2009-09-14";"M.BORDONNE";"2009-09-23";"5";"377839.000000";"2007569.000000";;"377839";"2007569";"33339";;;"gironde@brgm.fr";"2009-12-09";"gironde@brgm.fr";"2009-01-01";"2011-08-22";"S.BesdeBerc@brgm.fr";"sbdbAdministrateur@brgm.fr";"2";;
"104592";"AQIAA0021143";;;"galeries filantes";"carrière";"carriere";"Les_Lurzines_04";"abandon";"public";;;"centre cavité";"précis";"precis";"plan au 1/500";"10";"2009-09-14";"M.BORDONNE";"2009-09-17";"5";"377911.000000";"2007517.000000";;"377911";"2007517";"33339";;;"gironde@brgm.fr";"2009-12-09";"gironde@brgm.fr";"2009-01-01";"2011-08-22";"S.BesdeBerc@brgm.fr";"sbdbAdministrateur@brgm.fr";"2";;
"104395";"AQIAA0021144";;;"chambres et galeries";"carrière";"carriere";"Les_Lurzines_05";"abandon";"public";;;"centre cavité";"précis";"precis";"plan au 1/500";"10";"2009-09-14";"M.BORDONNE";"2009-09-17";"5";"377952.000000";"2007476.000000";;"377952";"2007476";"33339";;;"gironde@brgm.fr";"2009-12-09";"gironde@brgm.fr";"2009-01-01";"2011-08-22";"S.BesdeBerc@brgm.fr";"sbdbAdministrateur@brgm.fr";"2";;
"108182";"AQIAA0021145";;;"chambres et galeries";"carrière";"carriere";"Les_Lurzines_06";"abandon";"public";;;"centre cavité";"précis";"precis";"plan au 1/500";"10";"2009-09-14";"M.BORDONNE";"2009-09-17";"5";"378026.000000";"2007493.000000";;"378026";"2007493";"33339";;;"gironde@brgm.fr";"2009-12-09";"gironde@brgm.fr";"2009-01-01";"2011-08-22";"S.BesdeBerc@brgm.fr";"sbdbAdministrateur@brgm.fr";"2";;
"104437";"AQIAA0021146";;;"chambres et piliers";"carrière";"carriere";"Le_Peyrillat";"abandon";"public";;;"centre cavité";"précis";"precis";"plan au 1/500";"10";"2009-09-14";"M.BORDONNE";"2009-09-15";"5";"388973.000000";"1998027.000000";;"388973";"1998027";"33414";;;"gironde@brgm.fr";"2009-12-09";"gironde@brgm.fr";"2009-01-01";"2011-08-22";"S.BesdeBerc@brgm.fr";"sbdbAdministrateur@brgm.fr";"2";;
"104264";"AQIAA0021147";;;"chambres et piliers";"carrière";"carriere";"Le_Bourg_Hortie";"abandon";"public";;;"centre cavité";"précis";"precis";"plan au 1/500";"10";"2009-09-14";"M.BORDONNE";"2009-09-15";"5";"389415.000000";"1998039.000000";;"389415";"1998039";"33414";;;"gironde@brgm.fr";"2009-12-09";"gironde@brgm.fr";"2009-01-01";"2011-08-22";"S.BesdeBerc@brgm.fr";"sbdbAdministrateur@brgm.fr";"2";;
"107707";"AQIAA0021148";;;"chambres et piliers";"carrière";"carriere";"La_Roque_Le_Monge_Rouet_Meyney";"abandon";"public";;;"centre cavité";"précis";"precis";"plan au 1/500";"10";"2009-09-14";"M.BORDONNE";"2009-09-15";"5";"390255.000000";"1998316.000000";;"390255";"1998316";"33414";;;"gironde@brgm.fr";"2009-12-09";"gironde@brgm.fr";"2009-01-01";"2011-08-22";"S.BesdeBerc@brgm.fr";"sbdbAdministrateur@brgm.fr";"2";;
"104635";"AQIAA0021149";;;"chambres et piliers";"carrière";"carriere";"Chasteau_Cousin_Château_de_la_Rivière";"abandon";"public";;;"centre cavité";"précis";"precis";"plan au 1/500";"10";"2009-09-14";"M.BORDONNE";"2009-09-15";"5";"391136.000000";"1997953.000000";;"391136";"1997953";"33414";;;"gironde@brgm.fr";"2009-12-09";"gironde@brgm.fr";"2009-01-01";"2011-08-22";"S.BesdeBerc@brgm.fr";"sbdbAdministrateur@brgm.fr";"2";;
"108109";"AQIAA0021150";;;"galeries filantes";"carrière";"carriere";"Le_Virou";"abandon";"public";;;"centre cavité";"précis";"precis";"plan au 1/500";"10";"2009-09-14";"M.BORDONNE";"2009-10-08";"5";"373091.000000";"2018479.000000";;"373091";"2018479";"33416";;;"gironde@brgm.fr";"2009-12-09";"gironde@brgm.fr";"2009-01-01";"2011-08-22";"S.BesdeBerc@brgm.fr";"sbdbAdministrateur@brgm.fr";"2";;
"2849";"AQIAA0021151";;;"galeries filantes";"carrière";"carriere";"La_Colombière_01";"abandon";"public";;;"centre cavité";"précis";"precis";"plan au 1/500";"10";"2009-09-14";"M.BORDONNE";"2009-10-14";"5";"417461.000000";"1962315.000000";;"417461";"1962315";"33481";;;"gironde@brgm.fr";"2009-12-09";"gironde@brgm.fr";"2009-01-01";"2011-08-22";"S.BesdeBerc@brgm.fr";"sbdbAdministrateur@brgm.fr";"2";;
"107474";"AQIAA0021152";;;"galeries filantes";"carrière";"carriere";"La_Colombière_02";"abandon";"public";;;"centre cavité";"précis";"precis";"plan au 1/500";"10";"2009-09-14";"M.BORDONNE";"2009-09-15";"5";"417465.000000";"1962316.000000";;"417465";"1962316";"33481";;;"gironde@brgm.fr";"2009-12-09";"gironde@brgm.fr";"2009-01-01";"2011-08-22";"S.BesdeBerc@brgm.fr";"sbdbAdministrateur@brgm.fr";"2";;
"104265";"AQIAA0021153";;;"galeries filantes";"carrière";"carriere";"La_Colombière_03";"abandon";"public";;;"centre cavité";"précis";"precis";"plan au 1/500";"10";"2009-09-14";"M.BORDONNE";"2009-09-15";"5";"417466.000000";"1962314.000000";;"417466";"1962314";"33481";;;"gironde@brgm.fr";"2009-12-09";"gironde@brgm.fr";"2009-01-01";"2011-08-22";"S.BesdeBerc@brgm.fr";"sbdbAdministrateur@brgm.fr";"2";;
"104692";"AQIAA0021154";;;"galeries filantes";"carrière";"carriere";"La_Colombière_04";"abandon";"public";;;"centre cavité";"précis";"precis";"plan au 1/500";"10";"2009-09-14";"M.BORDONNE";"2009-10-14";"5";"417466.000000";"1962310.000000";;"417466";"1962310";"33481";;;"gironde@brgm.fr";"2009-12-09";"gironde@brgm.fr";"2009-01-01";"2011-08-22";"S.BesdeBerc@brgm.fr";"sbdbAdministrateur@brgm.fr";"2";;
"104243";"AQIAA0021155";;;"galeries filantes";"carrière";"carriere";"La_Colombière_05";"abandon";"public";;;"centre cavité";"précis";"precis";"plan au 1/500";"10";"2009-09-14";"M.BORDONNE";"2009-09-15";"5";"417469.000000";"1962300.000000";;"417469";"1962300";"33481";;;"gironde@brgm.fr";"2009-12-09";"gironde@brgm.fr";"2009-01-01";"2011-08-22";"S.BesdeBerc@brgm.fr";"sbdbAdministrateur@brgm.fr";"2";;
"106930";"AQIAA0021156";;;"chambres et piliers";"carrière";"carriere";"Matard_Blanquine";"abandon";"public";;;"centre cavité";"précis";"precis";"plan au 1/500";"10";"2009-09-14";"M.BORDONNE";"2009-09-15";"5";"378661.000000";"2006963.000000";;"378661";"2006963";"33415";;;"gironde@brgm.fr";"2009-12-09";"gironde@brgm.fr";"2009-01-01";"2011-08-22";"S.BesdeBerc@brgm.fr";"sbdbAdministrateur@brgm.fr";"2";;
"106983";"AQIAA0021159";;;"chambres et galeries";"carrière";"carriere";"Capblanc_10";"abandon";"public";;;"centre cavité";"précis";"precis";"plan au 1/500";"10";"2009-09-14";"M.BORDONNE";"2009-09-17";"5";"379190.000000";"2006913.000000";;"379190";"2006913";"33415";;;"gironde@brgm.fr";"2009-12-09";"gironde@brgm.fr";"2009-01-01";"2011-08-22";"S.BesdeBerc@brgm.fr";"sbdbAdministrateur@brgm.fr";"2";;
"106715";"AQIAA0021160";;;"galeries filantes";"carrière";"carriere";"Capblanc_09";"abandon";"public";;;"centre cavité";"précis";"precis";"plan au 1/500";"10";"2009-09-14";"M.BORDONNE";"2009-09-17";"5";"379188.000000";"2006843.000000";;"379188";"2006843";"33415";;;"gironde@brgm.fr";"2009-12-09";"gironde@brgm.fr";"2009-01-01";"2011-08-22";"S.BesdeBerc@brgm.fr";"sbdbAdministrateur@brgm.fr";"2";;
"107383";"AQIAA0021162";;;"chambres et galeries";"carrière";"carriere";"Capblanc_08";"abandon";"public";;;"centre cavité";"précis";"precis";"plan au 1/500";"10";"2009-09-14";"M.BORDONNE";"2009-09-15";"5";"379164.000000";"2006773.000000";;"379164";"2006773";"33415";;;"gironde@brgm.fr";"2009-12-09";"gironde@brgm.fr";"2009-01-01";"2011-08-22";"S.BesdeBerc@brgm.fr";"sbdbAdministrateur@brgm.fr";"2";;
"105593";"AQIAA0021163";;;"chambres et galeries";"carrière";"carriere";"Capblanc_07";"abandon";"public";;;"centre cavité";"précis";"precis";"plan au 1/500";"10";"2009-09-14";"M.BORDONNE";"2009-09-15";"5";"379187.000000";"2006759.000000";;"379187";"2006759";"33415";;;"gironde@brgm.fr";"2009-12-09";"gironde@brgm.fr";"2009-01-01";"2011-08-22";"S.BesdeBerc@brgm.fr";"sbdbAdministrateur@brgm.fr";"2";;
"107121";"AQIAA0021164";;;"galeries filantes";"carrière";"carriere";"Capblanc_02";"abandon";"public";;;"centre cavité";"précis";"precis";"plan au 1/500";"10";"2009-09-14";"M.BORDONNE";"2009-09-18";"5";"378994.000000";"2006733.000000";;"378994";"2006733";"33415";;;"gironde@brgm.fr";"2009-12-09";"gironde@brgm.fr";"2009-01-01";"2011-08-22";"S.BesdeBerc@brgm.fr";"sbdbAdministrateur@brgm.fr";"2";;
"104590";"AQIAA0021165";;;"galeries filantes";"carrière";"carriere";"Capblanc_06";"abandon";"public";;;"centre cavité";"précis";"precis";"plan au 1/500";"10";"2009-09-14";"M.BORDONNE";"2009-09-15";"5";"379162.000000";"2006730.000000";;"379162";"2006730";"33415";;;"gironde@brgm.fr";"2009-12-09";"gironde@brgm.fr";"2009-01-01";"2011-08-22";"S.BesdeBerc@brgm.fr";"sbdbAdministrateur@brgm.fr";"2";;
"104949";"AQIAA0021166";;;"galeries filantes";"carrière";"carriere";"Capblanc_05";"abandon";"public";;;"centre cavité";"précis";"precis";"plan au 1/500";"10";"2009-09-14";"M.BORDONNE";"2009-09-15";"5";"379160.000000";"2006724.000000";;"379160";"2006724";"33415";;;"gironde@brgm.fr";"2009-12-09";"gironde@brgm.fr";"2009-01-01";"2011-08-22";"S.BesdeBerc@brgm.fr";"sbdbAdministrateur@brgm.fr";"2";;
"107440";"AQIAA0021167";;;"chambres et piliers";"carrière";"carriere";"Capblanc_04";"abandon";"public";;;"centre cavité";"précis";"precis";"plan au 1/500";"10";"2009-09-14";"M.BORDONNE";"2009-09-15";"5";"379132.000000";"2006705.000000";;"379132";"2006705";"33415";;;"gironde@brgm.fr";"2009-12-09";"gironde@brgm.fr";"2009-01-01";"2011-08-22";"S.BesdeBerc@brgm.fr";"sbdbAdministrateur@brgm.fr";"2";;
"104508";"AQIAA0021168";;;"galeries filantes";"carrière";"carriere";"Capblanc_03";"abandon";"public";;;"centre cavité";"précis";"precis";"plan au 1/500";"10";"2009-09-14";"M.BORDONNE";"2009-09-15";"5";"379126.000000";"2006666.000000";;"379126";"2006666";"33415";;;"gironde@brgm.fr";"2009-12-09";"gironde@brgm.fr";"2009-01-01";"2011-08-22";"S.BesdeBerc@brgm.fr";"sbdbAdministrateur@brgm.fr";"2";;
"104841";"AQIAA0021169";;;"chambres et piliers";"carrière";"carriere";"Capblanc_01_Moureau";"abandon";"public";;;"centre cavité";"précis";"precis";"plan au 1/500";"10";"2009-09-14";"M.BORDONNE";"2009-09-15";"5";"378967.000000";"2006590.000000";;"378967";"2006590";"33415";;;"gironde@brgm.fr";"2009-12-09";"gironde@brgm.fr";"2009-01-01";"2011-08-22";"S.BesdeBerc@brgm.fr";"sbdbAdministrateur@brgm.fr";"2";;
"104965";"AQIAA0021170";;;"chambres et piliers";"carrière";"carriere";"Capblanc_11_Le_Mas";"abandon";"public";;;"centre cavité";"précis";"precis";"plan au 1/500";"10";"2009-09-14";"M.BORDONNE";"2009-09-17";"5";"379227.000000";"2006611.000000";;"379227";"2006611";"33415";;;"gironde@brgm.fr";"2009-12-09";"gironde@brgm.fr";"2009-01-01";"2011-08-22";"S.BesdeBerc@brgm.fr";"sbdbAdministrateur@brgm.fr";"2";;
"107336";"AQIAA0021171";;;"galeries filantes";"carrière";"carriere";"Les_Arrats_01";"abandon";"public";;;"centre cavité";"précis";"precis";"plan au 1/500";"10";"2009-09-14";"M.BORDONNE";"2009-09-15";"5";"379231.000000";"2006567.000000";;"379231";"2006567";"33415";;;"gironde@brgm.fr";"2009-12-09";"gironde@brgm.fr";"2009-01-01";"2011-08-22";"S.BesdeBerc@brgm.fr";"sbdbAdministrateur@brgm.fr";"2";;
"118673";"AQIAA0021172";;;"galeries filantes";"carrière";"carriere";"Les_Arrats_02";"abandon";"public";;;"centre cavité";"précis";"precis";"plan au 1/500";"10";"2009-09-14";"M.BORDONNE";"2009-09-15";"5";"379263.000000";"2006570.000000";;"379263";"2006570";"33415";;;"gironde@brgm.fr";"2009-12-09";"gironde@brgm.fr";"2009-01-01";"2011-08-22";"S.BesdeBerc@brgm.fr";"sbdbAdministrateur@brgm.fr";"2";;
"107703";"AQIAA0021173";;;"chambres et piliers";"carrière";"carriere";"Sturget_Moureau";"abandon";"public";;;"centre cavité";"précis";"precis";"plan au 1/500";"10";"2009-09-14";"M.BORDONNE";"2009-09-15";"5";"378957.000000";"2006232.000000";;"378957";"2006232";"33415";;;"gironde@brgm.fr";"2009-12-09";"gironde@brgm.fr";"2009-01-01";"2011-08-22";"S.BesdeBerc@brgm.fr";"sbdbAdministrateur@brgm.fr";"2";;
"106812";"AQIAA0021174";;;"chambres et galeries";"carrière";"carriere";"Le_Mas_03";"abandon";"public";;;"centre cavité";"précis";"precis";"plan au 1/500";"10";"2009-09-14";"M.BORDONNE";"2009-09-17";"5";"379542.000000";"2006861.000000";;"379542";"2006861";"33415";;;"gironde@brgm.fr";"2009-12-09";"gironde@brgm.fr";"2009-01-01";"2011-08-22";"S.BesdeBerc@brgm.fr";"sbdbAdministrateur@brgm.fr";"2";;
"106974";"AQIAA0021175";;;"galeries filantes";"carrière";"carriere";"Le_Mas_01";"abandon";"public";;;"centre cavité";"précis";"precis";"plan au 1/500";"10";"2009-09-14";"M.BORDONNE";"2009-09-17";"5";"379429.000000";"2006780.000000";;"379429";"2006780";"33415";;;"gironde@brgm.fr";"2009-12-09";"gironde@brgm.fr";"2009-01-01";"2011-08-22";"S.BesdeBerc@brgm.fr";"sbdbAdministrateur@brgm.fr";"2";;
"108055";"AQIAA0021176";;;"chambres et piliers";"carrière";"carriere";"Le_Mas_02";"abandon";"public";;;"centre cavité";"précis";"precis";"plan au 1/500";"10";"2009-09-14";"M.BORDONNE";"2009-09-17";"5";"379506.000000";"2006753.000000";;"379506";"2006753";"33415";;;"gironde@brgm.fr";"2009-12-09";"gironde@brgm.fr";"2009-01-01";"2011-08-22";"S.BesdeBerc@brgm.fr";"sbdbAdministrateur@brgm.fr";"2";;
"104270";"AQIAA0021177";;;"galeries filantes";"carrière";"carriere";"Daviet_01";"abandon";"public";;;"centre cavité";"précis";"precis";"plan au 1/500";"10";"2009-09-14";"M.BORDONNE";"2009-09-17";"5";"379900.000000";"2006659.000000";;"379900";"2006659";"33415";;;"gironde@brgm.fr";"2009-12-09";"gironde@brgm.fr";"2009-01-01";"2011-08-22";"S.BesdeBerc@brgm.fr";"sbdbAdministrateur@brgm.fr";"2";;
"107464";"AQIAA0021178";;;"galeries filantes";"carrière";"carriere";"Daviet_02";"abandon";"public";;;"centre cavité";"précis";"precis";"plan au 1/500";"10";"2009-09-14";"M.BORDONNE";"2009-09-17";"5";"379958.000000";"2006663.000000";;"379958";"2006663";"33415";;;"gironde@brgm.fr";"2009-12-09";"gironde@brgm.fr";"2009-01-01";"2011-08-22";"S.BesdeBerc@brgm.fr";"sbdbAdministrateur@brgm.fr";"2";;
"2546";"AQIAA0021179";;;"chambres et galeries";"carrière";"carriere";"Daviet_03";"abandon";"public";;;"centre cavité";"précis";"precis";"plan au 1/500";"10";"2009-09-14";"M.BORDONNE";"2009-09-17";"5";"379874.000000";"2006598.000000";;"379874";"2006598";"33415";;;"gironde@brgm.fr";"2009-12-09";"gironde@brgm.fr";"2009-01-01";"2011-08-22";"S.BesdeBerc@brgm.fr";"sbdbAdministrateur@brgm.fr";"2";;
"107363";"AQIAA0021180";;;"chambres et galeries";"carrière";"carriere";"Pagnon";"abandon";"public";;;"centre cavité";"précis";"precis";"plan au 1/500";"10";"2009-09-14";"M.BORDONNE";"2009-09-17";"5";"379953.000000";"2005613.000000";;"379953";"2005613";"33415";;;"gironde@brgm.fr";"2009-12-09";"gironde@brgm.fr";"2009-01-01";"2011-08-22";"S.BesdeBerc@brgm.fr";"sbdbAdministrateur@brgm.fr";"2";;
"105540";"AQIAA0021181";;;"chambres et piliers";"carrière";"carriere";"Tizac_03";"abandon";"public";;;"centre cavité";"précis";"precis";"plan au 1/500";"10";"2009-09-14";"M.BORDONNE";"2009-09-17";"5";"380238.000000";"2005661.000000";;"380238";"2005661";"33415";;;"gironde@brgm.fr";"2009-12-09";"gironde@brgm.fr";"2009-01-01";"2011-08-22";"S.BesdeBerc@brgm.fr";"sbdbAdministrateur@brgm.fr";"2";;
"107655";"AQIAA0021182";;;"chambres et galeries";"carrière";"carriere";"Tizac_02";"abandon";"public";;;"centre cavité";"précis";"precis";"plan au 1/500";"10";"2009-09-14";"M.BORDONNE";"2009-09-17";"5";"380296.000000";"2005698.000000";;"380296";"2005698";"33415";;;"gironde@brgm.fr";"2009-12-09";"gironde@brgm.fr";"2009-01-01";"2011-08-22";"S.BesdeBerc@brgm.fr";"sbdbAdministrateur@brgm.fr";"2";;
"104525";"AQIAA0021183";;;"chambres et piliers";"carrière";"carriere";"Tizac_01_Chemin_des_Sorties";"abandon";"public";;;"centre cavité";"précis";"precis";"plan au 1/500";"10";"2009-09-14";"M.BORDONNE";"2009-09-17";"5";"380561.000000";"2005576.000000";;"380561";"2005576";"33415";;;"gironde@brgm.fr";"2009-12-09";"gironde@brgm.fr";"2009-01-01";"2011-08-22";"S.BesdeBerc@brgm.fr";"sbdbAdministrateur@brgm.fr";"2";;
"107381";"AQIAA0021184";;;"chambres et piliers";"carrière";"carriere";"Saint_Ignan";"abandon";"public";;;"centre cavité";"précis";"precis";"plan au 1/500";"10";"2009-09-14";"M.BORDONNE";"2009-09-17";"5";"379863.000000";"2005336.000000";;"379863";"2005336";"33415";;;"gironde@brgm.fr";"2009-12-09";"gironde@brgm.fr";"2009-01-01";"2011-08-22";"S.BesdeBerc@brgm.fr";"sbdbAdministrateur@brgm.fr";"2";;
"104840";"AQIAA0021185";;;"chambres et piliers";"carrière";"carriere";"La_Garde_01";"abandon";"public";;;"centre cavité";"précis";"precis";"plan au 1/500";"10";"2009-09-15";"M.BORDONNE";"2009-09-15";"5";"389905.000000";"1997908.000000";;"389905";"1997908";"33414";;;"gironde@brgm.fr";"2009-12-09";"gironde@brgm.fr";"2009-01-01";"2011-08-22";"S.BesdeBerc@brgm.fr";"sbdbAdministrateur@brgm.fr";"2";;
"107968";"AQIAA0021186";;;"galeries filantes";"carrière";"carriere";"La_Garde_02";"abandon";"public";;;"centre cavité";"précis";"precis";"plan au 1/500";"10";"2009-09-15";"M.BORDONNE";"2009-09-15";"5";"389975.000000";"1997901.000000";;"389975";"1997901";"33414";;;"gironde@brgm.fr";"2009-12-09";"gironde@brgm.fr";"2009-01-01";"2011-08-22";"S.BesdeBerc@brgm.fr";"sbdbAdministrateur@brgm.fr";"2";;
"107784";"AQIAA0021187";;;"chambres et piliers";"carrière";"carriere";"Languirot";"abandon";"public";;;"centre cavité";"précis";"precis";"plan au 1/500";"10";"2009-09-16";"M.BORDONNE";"2009-09-23";"5";"377573.000000";"2008302.000000";;"377573";"2008302";"33425";;;"gironde@brgm.fr";"2009-12-09";"gironde@brgm.fr";"2009-01-01";"2011-08-22";"S.BesdeBerc@brgm.fr";"sbdbAdministrateur@brgm.fr";"2";;
"104556";"AQIAA0021188";;;"chambres et galeries";"carrière";"carriere";"Pasquet_03";"abandon";"public";;;"centre cavité";"précis";"precis";"plan au 1/500";"10";"2009-09-16";"M.BORDONNE";"2009-09-23";"5";"377971.000000";"2007898.000000";;"377971";"2007898";"33425";;;"gironde@brgm.fr";"2009-12-09";"gironde@brgm.fr";"2009-01-01";"2011-08-22";"S.BesdeBerc@brgm.fr";"sbdbAdministrateur@brgm.fr";"2";;
"107123";"AQIAA0021189";;;"galeries filantes";"carrière";"carriere";"Pasquet_01";"abandon";"public";;;"centre cavité";"précis";"precis";"plan au 1/500";"10";"2009-09-16";"M.BORDONNE";"2009-09-23";"5";"377761.000000";"2007775.000000";;"377761";"2007775";"33425";;;"gironde@brgm.fr";"2009-12-09";"gironde@brgm.fr";"2009-01-01";"2011-08-22";"S.BesdeBerc@brgm.fr";"sbdbAdministrateur@brgm.fr";"2";;
"107769";"AQIAA0021190";;;"chambres et galeries";"carrière";"carriere";"Pasquet_02";"abandon";"public";;;"centre cavité";"précis";"precis";"plan au 1/500";"10";"2009-09-16";"M.BORDONNE";"2009-09-23";"5";"377808.000000";"2007766.000000";;"377808";"2007766";"33425";;;"gironde@brgm.fr";"2009-12-09";"gironde@brgm.fr";"2009-01-01";"2011-08-22";"S.BesdeBerc@brgm.fr";"sbdbAdministrateur@brgm.fr";"2";;
"106883";"AQIAA0021191";;;"galeries filantes";"carrière";"carriere";"Les_Lurzines_01";"abandon";"public";;;"centre cavité";"précis";"precis";"plan au 1/500";"10";"2009-09-16";"M.BORDONNE";"2009-09-23";"5";"377805.000000";"2007616.000000";;"377805";"2007616";"33425";;;"gironde@brgm.fr";"2009-12-09";"gironde@brgm.fr";"2009-01-01";"2011-08-22";"S.BesdeBerc@brgm.fr";"sbdbAdministrateur@brgm.fr";"2";;
"107583";"AQIAA0021192";;;"galeries filantes";"carrière";"carriere";"Les_Lurzines_03";"abandon";"public";;;"centre cavité";"précis";"precis";"plan au 1/500";"10";"2009-09-16";"M.BORDONNE";"2009-09-23";"5";"377879.000000";"2007558.000000";;"377879";"2007558";"33425";;;"gironde@brgm.fr";"2009-12-09";"gironde@brgm.fr";"2009-01-01";"2011-08-22";"S.BesdeBerc@brgm.fr";"sbdbAdministrateur@brgm.fr";"2";;
"106979";"AQIAA0021193";;;"galeries filantes";"carrière";"carriere";"Pasquet_04_Aux_Carrières";"abandon";"public";;;"centre cavité";"précis";"precis";"plan au 1/500";"10";"2009-09-16";"M.BORDONNE";"2009-09-23";"5";"378239.000000";"2007777.000000";;"378239";"2007777";"33425";;;"gironde@brgm.fr";"2009-12-09";"gironde@brgm.fr";"2009-01-01";"2011-08-22";"S.BesdeBerc@brgm.fr";"sbdbAdministrateur@brgm.fr";"2";;
"104708";"AQIAA0021194";;;"galeries filantes";"carrière";"carriere";"Pasquet_05_Aux_Carrières";"abandon";"public";;;"centre cavité";"précis";"precis";"plan au 1/500";"10";"2009-09-16";"M.BORDONNE";"2009-10-07";"5";"378260.000000";"2007793.000000";;"378260";"2007793";"33425";;;"gironde@brgm.fr";"2009-12-09";"gironde@brgm.fr";"2009-01-01";"2011-08-22";"S.BesdeBerc@brgm.fr";"sbdbAdministrateur@brgm.fr";"2";;
"107910";"AQIAA0021195";;;"chambres et galeries";"carrière";"carriere";"Le_Bourg_01";"abandon";"public";;;"centre cavité";"précis";"precis";"plan au 1/500";"10";"2009-09-16";"M.BORDONNE";"2009-09-23";"5";"378422.000000";"2007554.000000";;"378422";"2007554";"33425";;;"gironde@brgm.fr";"2009-12-09";"gironde@brgm.fr";"2009-01-01";"2011-08-22";"S.BesdeBerc@brgm.fr";"sbdbAdministrateur@brgm.fr";"2";;
"108181";"AQIAA0021196";;;"chambres et galeries";"carrière";"carriere";"Le_Bourg_02";"abandon";"public";;;"centre cavité";"précis";"precis";"plan au 1/500";"10";"2009-09-16";"M.BORDONNE";"2009-09-23";"5";"378430.000000";"2007526.000000";;"378430";"2007526";"33425";;;"gironde@brgm.fr";"2009-12-09";"gironde@brgm.fr";"2009-01-01";"2011-08-22";"S.BesdeBerc@brgm.fr";"sbdbAdministrateur@brgm.fr";"2";;
"104377";"AQIAA0021197";;;"galeries filantes";"carrière";"carriere";"Le_Bourg_03";"abandon";"public";;;"centre cavité";"précis";"precis";"plan au 1/500";"10";"2009-09-16";"M.BORDONNE";"2009-09-23";"5";"378447.000000";"2007523.000000";;"378447";"2007523";"33425";;;"gironde@brgm.fr";"2009-12-09";"gironde@brgm.fr";"2009-01-01";"2011-08-22";"S.BesdeBerc@brgm.fr";"sbdbAdministrateur@brgm.fr";"2";;
"107622";"AQIAA0021198";;;"chambres et galeries";"carrière";"carriere";"Le_Bourg_04";"abandon";"public";;;"centre cavité";"précis";"precis";"plan au 1/500";"10";"2009-09-16";"M.BORDONNE";"2009-09-23";"5";"378449.000000";"2007395.000000";;"378449";"2007395";"33425";;;"gironde@brgm.fr";"2009-12-09";"gironde@brgm.fr";"2009-01-01";"2011-08-22";"S.BesdeBerc@brgm.fr";"sbdbAdministrateur@brgm.fr";"2";;
"107340";"AQIAA0021199";;;"galeries filantes";"carrière";"carriere";"Saint_Denis_01";"abandon";"public";;;"centre cavité";"précis";"precis";"plan au 1/500";"10";"2009-09-16";"M.BORDONNE";"2009-09-23";"5";"378186.000000";"2007365.000000";;"378186";"2007365";"33425";;;"gironde@brgm.fr";"2009-12-09";"gironde@brgm.fr";"2009-01-01";"2011-08-22";"S.BesdeBerc@brgm.fr";"sbdbAdministrateur@brgm.fr";"2";;
"107972";"AQIAA0021200";;;"galeries filantes";"carrière";"carriere";"Saint_Denis_02_Croix_de_Maillot";"abandon";"public";;;"centre cavité";"précis";"precis";"plan au 1/500";"10";"2009-09-16";"M.BORDONNE";"2009-09-23";"5";"378073.000000";"2007156.000000";;"378073";"2007156";"33425";;;"gironde@brgm.fr";"2009-12-09";"gironde@brgm.fr";"2009-01-01";"2011-08-22";"S.BesdeBerc@brgm.fr";"sbdbAdministrateur@brgm.fr";"2";;
"106941";"AQIAA0021201";;;"chambres et galeries";"carrière";"carriere";"Saint_Denis_03";"abandon";"public";;;"centre cavité";"précis";"precis";"plan au 1/500";"10";"2009-09-16";"M.BORDONNE";"2009-09-23";"5";"378293.000000";"2007177.000000";;"378293";"2007177";"33425";;;"gironde@brgm.fr";"2009-12-09";"gironde@brgm.fr";"2009-01-01";"2011-08-22";"S.BesdeBerc@brgm.fr";"sbdbAdministrateur@brgm.fr";"2";;
"108044";"AQIAA0021202";;;"chambres et piliers";"carrière";"carriere";"Saint_Denis_04_La_Carrière";"abandon";"public";;;"centre cavité";"précis";"precis";"plan au 1/500";"10";"2009-09-16";"M.BORDONNE";"2009-09-23";"5";"378421.000000";"2007234.000000";;"378421";"2007234";"33425";;;"gironde@brgm.fr";"2009-12-09";"gironde@brgm.fr";"2009-01-01";"2011-08-22";"S.BesdeBerc@brgm.fr";"sbdbAdministrateur@brgm.fr";"2";;
"104266";"AQIAA0021203";;;"chambres et piliers";"carrière";"carriere";"Le_Bourg_05_L'Ange";"abandon";"public";;;"centre cavité";"précis";"precis";"plan au 1/500";"10";"2009-09-16";"M.BORDONNE";"2009-09-23";"5";"378730.000000";"2007507.000000";;"378730";"2007507";"33425";;;"gironde@brgm.fr";"2009-12-09";"gironde@brgm.fr";"2009-01-01";"2011-08-22";"S.BesdeBerc@brgm.fr";"sbdbAdministrateur@brgm.fr";"2";;
"104220";"AQIAA0021204";;;"chambres et galeries";"carrière";"carriere";"La_Gresseuse_07";"abandon";"public";;;"centre cavité";"précis";"precis";"plan au 1/500";"10";"2009-09-16";"M.BORDONNE";"2009-09-23";"5";"378754.000000";"2007362.000000";;"378754";"2007362";"33425";;;"gironde@brgm.fr";"2009-12-09";"gironde@brgm.fr";"2009-01-01";"2011-08-22";"S.BesdeBerc@brgm.fr";"sbdbAdministrateur@brgm.fr";"2";;
"108110";"AQIAA0021205";;;"chambres et galeries";"carrière";"carriere";"La_Gresseuse_06";"abandon";"public";;;"centre cavité";"précis";"precis";"plan au 1/500";"10";"2009-09-16";"M.BORDONNE";"2009-09-23";"5";"378746.000000";"2007338.000000";;"378746";"2007338";"33425";;;"gironde@brgm.fr";"2009-12-09";"gironde@brgm.fr";"2009-01-01";"2011-08-22";"S.BesdeBerc@brgm.fr";"sbdbAdministrateur@brgm.fr";"2";;
"107391";"AQIAA0021206";;;"galeries filantes";"carrière";"carriere";"La_Gresseuse_05";"abandon";"public";;;"centre cavité";"précis";"precis";"plan au 1/500";"10";"2009-09-16";"M.BORDONNE";"2009-09-23";"5";"378783.000000";"2007304.000000";;"378783";"2007304";"33425";;;"gironde@brgm.fr";"2009-12-09";"gironde@brgm.fr";"2009-01-01";"2011-08-22";"S.BesdeBerc@brgm.fr";"sbdbAdministrateur@brgm.fr";"2";;
"104416";"AQIAA0021207";;;"chambres et galeries";"carrière";"carriere";"La_Gresseuse_01";"abandon";"public";;;"centre cavité";"précis";"precis";"plan au 1/500";"10";"2009-09-16";"M.BORDONNE";"2009-09-23";"5";"378535.000000";"2007286.000000";;"378535";"2007286";"33425";;;"gironde@brgm.fr";"2009-12-09";"gironde@brgm.fr";"2009-01-01";"2011-08-22";"S.BesdeBerc@brgm.fr";"sbdbAdministrateur@brgm.fr";"2";;
"107342";"AQIAA0021208";;;"galeries filantes";"carrière";"carriere";"La_Gresseuse_02";"abandon";"public";;;"centre cavité";"précis";"precis";"plan au 1/500";"10";"2009-09-16";"M.BORDONNE";"2009-09-23";"5";"378572.000000";"2007217.000000";;"378572";"2007217";"33425";;;"gironde@brgm.fr";"2009-12-09";"gironde@brgm.fr";"2009-01-01";"2011-08-22";"S.BesdeBerc@brgm.fr";"sbdbAdministrateur@brgm.fr";"2";;
"107602";"AQIAA0021209";;;"chambres et piliers";"carrière";"carriere";"Baringue_01";"abandon";"public";;;"centre cavité";"précis";"precis";"plan au 1/500";"10";"2009-09-17";"M.BORDONNE";"2009-09-17";"5";"395314.000000";"1981402.000000";;"395314";"1981402";"33147";;;"gironde@brgm.fr";"2009-12-09";"gironde@brgm.fr";"2009-01-01";"2011-08-22";"S.BesdeBerc@brgm.fr";"sbdbAdministrateur@brgm.fr";"2";;
"107652";"AQIAA0021211";;;"chambres et galeries";"carrière";"carriere";"La_Gresseuse_03";"abandon";"public";;;"centre cavité";"précis";"precis";"plan au 1/500";"10";"2009-09-18";"M.BORDONNE";"2009-09-23";"5";"378580.000000";"2007204.000000";;"378580";"2007204";"33425";;;"gironde@brgm.fr";"2009-12-09";"gironde@brgm.fr";"2009-01-01";"2011-08-22";"S.BesdeBerc@brgm.fr";"sbdbAdministrateur@brgm.fr";"2";;
"104463";"AQIAA0021212";;;"chambres et piliers";"carrière";"carriere";"La_Gresseuse_04";"abandon";"public";;;"centre cavité";"précis";"precis";"plan au 1/500";"10";"2009-09-18";"M.BORDONNE";"2009-09-23";"5";"378650.000000";"2007214.000000";;"378650";"2007214";"33425";;;"gironde@brgm.fr";"2009-12-09";"gironde@brgm.fr";"2009-01-01";"2011-08-22";"S.BesdeBerc@brgm.fr";"sbdbAdministrateur@brgm.fr";"2";;
"107529";"AQIAA0021213";;;"galeries filantes";"carrière";"carriere";"Duché_01";"abandon";"public";;;"centre cavité";"précis";"precis";"plan au 1/500";"10";"2009-09-18";"M.BORDONNE";"2009-10-07";"5";"379009.000000";"2007429.000000";;"379009";"2007429";"33425";;;"gironde@brgm.fr";"2009-12-09";"gironde@brgm.fr";"2009-01-01";"2011-08-22";"S.BesdeBerc@brgm.fr";"sbdbAdministrateur@brgm.fr";"2";;
"107551";"AQIAA0021214";;;"chambres et piliers";"carrière";"carriere";"Duché_02";"abandon";"public";;;"centre cavité";"précis";"precis";"plan au 1/500";"10";"2009-09-18";"M.BORDONNE";"2009-10-14";"5";"379004.000000";"2007403.000000";;"379004";"2007403";"33425";;;"gironde@brgm.fr";"2009-12-09";"gironde@brgm.fr";"2009-01-01";"2011-08-22";"S.BesdeBerc@brgm.fr";"sbdbAdministrateur@brgm.fr";"2";;
"104711";"AQIAA0021215";;;"chambres et piliers";"carrière";"carriere";"Couteau_11_Biquet";"abandon";"public";;;"centre cavité";"précis";"precis";"plan au 1/500";"10";"2009-09-18";"M.BORDONNE";"2009-09-24";"5";"379076.000000";"2007106.000000";;"379076";"2007106";"33425";;;"gironde@brgm.fr";"2009-12-09";"gironde@brgm.fr";"2009-01-01";"2011-08-22";"S.BesdeBerc@brgm.fr";"sbdbAdministrateur@brgm.fr";"2";;
"104179";"AQIAA0021216";;;"galeries filantes";"carrière";"carriere";"Couteau_10_Le_Clot";"abandon";"public";;;"centre cavité";"précis";"precis";"plan au 1/500";"10";"2009-09-18";"M.BORDONNE";"2009-09-24";"5";"379088.000000";"2007033.000000";;"379088";"2007033";"33425";;;"gironde@brgm.fr";"2009-12-09";"gironde@brgm.fr";"2009-01-01";"2011-08-22";"S.BesdeBerc@brgm.fr";"sbdbAdministrateur@brgm.fr";"2";;
"108101";"AQIAA0021217";;;"chambres et piliers";"carrière";"carriere";"Couteau_09_Le_Mass";"abandon";"public";;;"centre cavité";"précis";"precis";"plan au 1/500";"10";"2009-09-18";"M.BORDONNE";"2009-09-24";"5";"379213.000000";"2006975.000000";;"379213";"2006975";"33425";;;"gironde@brgm.fr";"2009-12-09";"gironde@brgm.fr";"2009-01-01";"2011-08-22";"S.BesdeBerc@brgm.fr";"sbdbAdministrateur@brgm.fr";"2";;
"104979";"AQIAA0021218";;;"chambres et piliers";"carrière";"carriere";"Couteau_01";"abandon";"public";;;"centre cavité";"précis";"precis";"plan au 1/500";"10";"2009-09-18";"M.BORDONNE";"2009-09-24";"5";"379239.000000";"2007273.000000";;"379239";"2007273";"33425";;;"gironde@brgm.fr";"2009-12-09";"gironde@brgm.fr";"2009-01-01";"2011-08-22";"S.BesdeBerc@brgm.fr";"sbdbAdministrateur@brgm.fr";"2";;
"106947";"AQIAA0021219";;;"galeries filantes";"carrière";"carriere";"Couteau_02";"abandon";"public";;;"centre cavité";"précis";"precis";"plan au 1/500";"10";"2009-09-18";"M.BORDONNE";"2009-09-24";"5";"379289.000000";"2007321.000000";;"379289";"2007321";"33425";;;"gironde@brgm.fr";"2009-12-09";"gironde@brgm.fr";"2009-01-01";"2011-08-22";"S.BesdeBerc@brgm.fr";"sbdbAdministrateur@brgm.fr";"2";;
"107475";"AQIAA0021220";;;"galeries filantes";"carrière";"carriere";"Couteau_03";"abandon";"public";;;"centre cavité";"précis";"precis";"plan au 1/500";"10";"2009-09-18";"M.BORDONNE";"2009-09-24";"5";"379373.000000";"2007299.000000";;"379373";"2007299";"33425";;;"gironde@brgm.fr";"2009-12-09";"gironde@brgm.fr";"2009-01-01";"2011-08-22";"S.BesdeBerc@brgm.fr";"sbdbAdministrateur@brgm.fr";"2";;
"107621";"AQIAA0021221";;;"chambres et piliers";"carrière";"carriere";"Couteau_06";"abandon";"public";;;"centre cavité";"précis";"precis";"plan au 1/500";"10";"2009-09-18";"M.BORDONNE";"2009-09-24";"5";"379463.000000";"2007193.000000";;"379463";"2007193";"33425";;;"gironde@brgm.fr";"2009-12-09";"gironde@brgm.fr";"2009-01-01";"2011-08-22";"S.BesdeBerc@brgm.fr";"sbdbAdministrateur@brgm.fr";"2";;
"107407";"AQIAA0021222";;;"chambres et galeries";"carrière";"carriere";"Couteau_04";"abandon";"public";;;"centre cavité";"précis";"precis";"plan au 1/500";"10";"2009-09-18";"M.BORDONNE";"2009-09-24";"5";"379320.000000";"2007119.000000";;"379320";"2007119";"33425";;;"gironde@brgm.fr";"2009-12-09";"gironde@brgm.fr";"2009-01-01";"2011-08-22";"S.BesdeBerc@brgm.fr";"sbdbAdministrateur@brgm.fr";"2";;
"104351";"AQIAA0021223";;;"galeries filantes";"carrière";"carriere";"Couteau_05";"abandon";"public";;;"centre cavité";"précis";"precis";"plan au 1/500";"10";"2009-09-18";"M.BORDONNE";"2009-09-24";"5";"379325.000000";"2007093.000000";;"379325";"2007093";"33425";;;"gironde@brgm.fr";"2009-12-09";"gironde@brgm.fr";"2009-01-01";"2011-08-22";"S.BesdeBerc@brgm.fr";"sbdbAdministrateur@brgm.fr";"2";;
"106948";"AQIAA0021224";;;"galeries filantes";"carrière";"carriere";"Couteau_07";"abandon";"public";;;"centre cavité";"précis";"precis";"plan au 1/500";"10";"2009-09-18";"M.BORDONNE";"2009-09-24";"5";"379373.000000";"2007026.000000";;"379373";"2007026";"33425";;;"gironde@brgm.fr";"2009-12-09";"gironde@brgm.fr";"2009-01-01";"2011-08-22";"S.BesdeBerc@brgm.fr";"sbdbAdministrateur@brgm.fr";"2";;
"104908";"AQIAA0021225";;;"galeries filantes";"carrière";"carriere";"Couteau_08";"abandon";"public";;;"centre cavité";"précis";"precis";"plan au 1/500";"10";"2009-09-18";"M.BORDONNE";"2009-09-24";"5";"379394.000000";"2006992.000000";;"379394";"2006992";"33425";;;"gironde@brgm.fr";"2009-12-09";"gironde@brgm.fr";"2009-01-01";"2011-08-22";"S.BesdeBerc@brgm.fr";"sbdbAdministrateur@brgm.fr";"2";;
"107587";"AQIAA0021226";;;"chambres et piliers";"carrière";"carriere";"Barreau_01";"abandon";"public";;;"centre cavité";"précis";"precis";"plan au 1/500";"10";"2009-09-18";"M.BORDONNE";"2009-09-24";"5";"379580.000000";"2007007.000000";;"379580";"2007007";"33425";;;"gironde@brgm.fr";"2009-12-09";"gironde@brgm.fr";"2009-01-01";"2011-08-22";"S.BesdeBerc@brgm.fr";"sbdbAdministrateur@brgm.fr";"2";;
"107450";"AQIAA0021227";;;"chambres et piliers";"carrière";"carriere";"Barreau_02";"abandon";"public";;;"centre cavité";"précis";"precis";"plan au 1/500";"10";"2009-09-18";"M.BORDONNE";"2009-09-24";"5";"379648.000000";"2006933.000000";;"379648";"2006933";"33425";;;"gironde@brgm.fr";"2009-12-09";"gironde@brgm.fr";"2009-01-01";"2011-08-22";"S.BesdeBerc@brgm.fr";"sbdbAdministrateur@brgm.fr";"2";;
"107495";"AQIAA0021228";;;"chambres et piliers";"carrière";"carriere";"Barreau_03";"abandon";"public";;;"centre cavité";"précis";"precis";"plan au 1/500";"10";"2009-09-18";"M.BORDONNE";"2009-09-24";"5";"379704.000000";"2006908.000000";;"379704";"2006908";"33425";;;"gironde@brgm.fr";"2009-12-09";"gironde@brgm.fr";"2009-01-01";"2011-08-22";"S.BesdeBerc@brgm.fr";"sbdbAdministrateur@brgm.fr";"2";;
"107984";"AQIAA0021229";;;"galeries filantes";"carrière";"carriere";"Barreau_13";"abandon";"public";;;"centre cavité";"précis";"precis";"plan au 1/500";"10";"2009-09-18";"M.BORDONNE";"2009-09-24";"5";"379826.000000";"2006855.000000";;"379826";"2006855";"33425";;;"gironde@brgm.fr";"2009-12-09";"gironde@brgm.fr";"2009-01-01";"2011-08-22";"S.BesdeBerc@brgm.fr";"sbdbAdministrateur@brgm.fr";"2";;
"2616";"AQIAA0021230";;;"galeries filantes";"carrière";"carriere";"Barreau_14";"abandon";"public";;;"centre cavité";"précis";"precis";"plan au 1/500";"10";"2009-09-18";"M.BORDONNE";"2009-10-07";"5";"379890.000000";"2006826.000000";;"379890";"2006826";"33425";;;"gironde@brgm.fr";"2009-12-09";"gironde@brgm.fr";"2009-01-01";"2011-08-22";"S.BesdeBerc@brgm.fr";"sbdbAdministrateur@brgm.fr";"2";;
"107588";"AQIAA0021231";;;"galeries filantes";"carrière";"carriere";"Barreau_15";"abandon";"public";;;"centre cavité";"précis";"precis";"plan au 1/500";"10";"2009-09-18";"M.BORDONNE";"2009-09-24";"5";"379895.000000";"2006817.000000";;"379895";"2006817";"33425";;;"gironde@brgm.fr";"2009-12-09";"gironde@brgm.fr";"2009-01-01";"2011-08-22";"S.BesdeBerc@brgm.fr";"sbdbAdministrateur@brgm.fr";"2";;
"107325";"AQIAA0021232";;;"galeries filantes";"carrière";"carriere";"Barreau_16";"abandon";"public";;;"centre cavité";"précis";"precis";"plan au 1/500";"10";"2009-09-18";"M.BORDONNE";"2009-09-24";"5";"379952.000000";"2006757.000000";;"379952";"2006757";"33425";;;"gironde@brgm.fr";"2009-12-09";"gironde@brgm.fr";"2009-01-01";"2011-08-22";"S.BesdeBerc@brgm.fr";"sbdbAdministrateur@brgm.fr";"2";;
"3404";"AQIAA0021233";;;"galeries filantes";"carrière";"carriere";"Barreau_17";"abandon";"public";;;"centre cavité";"précis";"precis";"plan au 1/500";"10";"2009-09-18";"M.BORDONNE";"2009-09-24";"5";"379961.000000";"2006745.000000";;"379961";"2006745";"33425";;;"gironde@brgm.fr";"2009-12-09";"gironde@brgm.fr";"2009-01-01";"2011-08-22";"S.BesdeBerc@brgm.fr";"sbdbAdministrateur@brgm.fr";"2";;
"107559";"AQIAA0021234";;;"chambres et piliers";"carrière";"carriere";"Barreau_12";"abandon";"public";;;"centre cavité";"précis";"precis";"plan au 1/500";"10";"2009-09-18";"M.BORDONNE";"2009-09-24";"5";"379833.000000";"2006920.000000";;"379833";"2006920";"33425";;;"gironde@brgm.fr";"2009-12-09";"gironde@brgm.fr";"2009-01-01";"2011-08-22";"S.BesdeBerc@brgm.fr";"sbdbAdministrateur@brgm.fr";"2";;
"106778";"AQIAA0021235";;;"chambres et piliers";"carrière";"carriere";"Barreau_10";"abandon";"public";;;"centre cavité";"précis";"precis";"plan au 1/500";"10";"2009-09-18";"M.BORDONNE";"2009-10-07";"5";"379776.000000";"2007046.000000";;"379776";"2007046";"33425";;;"gironde@brgm.fr";"2009-12-09";"gironde@brgm.fr";"2009-01-01";"2011-08-22";"S.BesdeBerc@brgm.fr";"sbdbAdministrateur@brgm.fr";"2";;
"107532";"AQIAA0021236";;;"galeries filantes";"carrière";"carriere";"Barreau_09";"abandon";"public";;;"centre cavité";"précis";"precis";"plan au 1/500";"10";"2009-09-18";"M.BORDONNE";"2009-09-24";"5";"379703.000000";"2007040.000000";;"379703";"2007040";"33425";;;"gironde@brgm.fr";"2009-12-09";"gironde@brgm.fr";"2009-01-01";"2011-08-22";"S.BesdeBerc@brgm.fr";"sbdbAdministrateur@brgm.fr";"2";;
"108041";"AQIAA0021237";;;"galeries filantes";"carrière";"carriere";"Barreau_08";"abandon";"public";;;"centre cavité";"précis";"precis";"plan au 1/500";"10";"2009-09-18";"M.BORDONNE";"2009-09-24";"5";"379689.000000";"2007045.000000";;"379689";"2007045";"33425";;;"gironde@brgm.fr";"2009-12-09";"gironde@brgm.fr";"2009-01-01";"2011-08-22";"S.BesdeBerc@brgm.fr";"sbdbAdministrateur@brgm.fr";"2";;
"107524";"AQIAA0021238";;;"galeries filantes";"carrière";"carriere";"Barreau_07";"abandon";"public";;;"centre cavité";"précis";"precis";"plan au 1/500";"10";"2009-09-18";"M.BORDONNE";"2009-09-24";"5";"379643.000000";"2007006.000000";;"379643";"2007006";"33425";;;"gironde@brgm.fr";"2009-12-09";"gironde@brgm.fr";"2009-01-01";"2011-08-22";"S.BesdeBerc@brgm.fr";"sbdbAdministrateur@brgm.fr";"2";;
"2628";"AQIAA0021239";;;"galeries filantes";"carrière";"carriere";"Barreau_06";"abandon";"public";;;"centre cavité";"précis";"precis";"plan au 1/500";"10";"2009-09-18";"M.BORDONNE";"2009-09-24";"5";"379648.000000";"2007027.000000";;"379648";"2007027";"33425";;;"gironde@brgm.fr";"2009-12-09";"gironde@brgm.fr";"2009-01-01";"2011-08-22";"S.BesdeBerc@brgm.fr";"sbdbAdministrateur@brgm.fr";"2";;
"104355";"AQIAA0021240";;;"galeries filantes";"carrière";"carriere";"Barreau_05";"abandon";"public";;;"centre cavité";"précis";"precis";"plan au 1/500";"10";"2009-09-18";"M.BORDONNE";"2009-09-24";"5";"379620.000000";"2007021.000000";;"379620";"2007021";"33425";;;"gironde@brgm.fr";"2009-12-09";"gironde@brgm.fr";"2009-01-01";"2011-08-22";"S.BesdeBerc@brgm.fr";"sbdbAdministrateur@brgm.fr";"2";;
"104535";"AQIAA0021241";;;"chambres et piliers";"carrière";"carriere";"Barreau_04";"abandon";"public";;;"centre cavité";"précis";"precis";"plan au 1/500";"10";"2009-09-18";"M.BORDONNE";"2009-09-24";"5";"379642.000000";"2007064.000000";;"379642";"2007064";"33425";;;"gironde@brgm.fr";"2009-12-09";"gironde@brgm.fr";"2009-01-01";"2011-08-22";"S.BesdeBerc@brgm.fr";"sbdbAdministrateur@brgm.fr";"2";;
"107609";"AQIAA0021242";;;"chambres et piliers";"carrière";"carriere";"Barreau_11";"abandon";"public";;;"centre cavité";"précis";"precis";"plan au 1/500";"10";"2009-09-18";"M.BORDONNE";"2009-10-07";"5";"379769.000000";"2007101.000000";;"379769";"2007101";"33425";;;"gironde@brgm.fr";"2009-12-09";"gironde@brgm.fr";"2009-01-01";"2011-08-22";"S.BesdeBerc@brgm.fr";"sbdbAdministrateur@brgm.fr";"2";;
"104916";"AQIAA0021243";;;"galeries filantes";"carrière";"carriere";"Pinet_03";"abandon";"public";;;"centre cavité";"précis";"precis";"plan au 1/500";"10";"2009-09-18";"M.BORDONNE";"2009-09-24";"5";"379554.000000";"2007113.000000";;"379554";"2007113";"33425";;;"gironde@brgm.fr";"2009-12-09";"gironde@brgm.fr";"2009-01-01";"2011-08-22";"S.BesdeBerc@brgm.fr";"sbdbAdministrateur@brgm.fr";"2";;
"3612";"AQIAA0021244";;;"galeries filantes";"carrière";"carriere";"Pinet_02";"abandon";"public";;;"centre cavité";"précis";"precis";"plan au 1/500";"10";"2009-09-18";"M.BORDONNE";"2009-10-07";"5";"379538.000000";"2007140.000000";;"379538";"2007140";"33425";;;"gironde@brgm.fr";"2009-12-09";"gironde@brgm.fr";"2009-01-01";"2011-08-22";"S.BesdeBerc@brgm.fr";"sbdbAdministrateur@brgm.fr";"2";;
"104616";"AQIAA0021245";;;"chambres et galeries";"carrière";"carriere";"Pinet_01";"abandon";"public";;;"centre cavité";"précis";"precis";"plan au 1/500";"10";"2009-09-18";"M.BORDONNE";"2009-09-23";"5";"379535.000000";"2007177.000000";;"379535";"2007177";"33425";;;"gironde@brgm.fr";"2009-12-09";"gironde@brgm.fr";"2009-01-01";"2011-08-22";"S.BesdeBerc@brgm.fr";"sbdbAdministrateur@brgm.fr";"2";;
"106713";"AQIAA0021246";;;"chambres et piliers";"carrière";"carriere";"Chapon_Rôti_08";"abandon";"public";;;"centre cavité";"précis";"precis";"plan au 1/500";"10";"2009-09-18";"M.BORDONNE";"2009-09-23";"5";"379670.000000";"2007277.000000";;"379670";"2007277";"33425";;;"gironde@brgm.fr";"2009-12-09";"gironde@brgm.fr";"2009-01-01";"2011-08-22";"S.BesdeBerc@brgm.fr";"sbdbAdministrateur@brgm.fr";"2";;
"104212";"AQIAA0021247";;;"galeries filantes";"carrière";"carriere";"Chapon_Rôti_07";"abandon";"public";;;"centre cavité";"précis";"precis";"plan au 1/500";"10";"2009-09-18";"M.BORDONNE";"2009-10-07";"5";"379636.000000";"2007283.000000";;"379636";"2007283";"33425";;;"gironde@brgm.fr";"2009-12-09";"gironde@brgm.fr";"2009-01-01";"2011-08-22";"S.BesdeBerc@brgm.fr";"sbdbAdministrateur@brgm.fr";"2";;
"107531";"AQIAA0021248";;;"galeries filantes";"carrière";"carriere";"Chapon_Rôti_06";"abandon";"public";;;"centre cavité";"précis";"precis";"plan au 1/500";"10";"2009-09-18";"M.BORDONNE";"2009-09-23";"5";"379584.000000";"2007273.000000";;"379584";"2007273";"33425";;;"gironde@brgm.fr";"2009-12-09";"gironde@brgm.fr";"2009-01-01";"2011-08-22";"S.BesdeBerc@brgm.fr";"sbdbAdministrateur@brgm.fr";"2";;
"106981";"AQIAA0021249";;;"chambres et piliers";"carrière";"carriere";"Chapon_Rôti_05";"abandon";"public";;;"centre cavité";"précis";"precis";"plan au 1/500";"10";"2009-09-18";"M.BORDONNE";"2009-09-23";"5";"379504.000000";"2007337.000000";;"379504";"2007337";"33425";;;"gironde@brgm.fr";"2009-12-09";"gironde@brgm.fr";"2009-01-01";"2011-08-22";"S.BesdeBerc@brgm.fr";"sbdbAdministrateur@brgm.fr";"2";;
"2581";"AQIAA0021250";;;"galeries filantes";"carrière";"carriere";"Chapon_Rôti_04";"abandon";"public";;;"centre cavité";"précis";"precis";"plan au 1/500";"10";"2009-09-18";"M.BORDONNE";"2009-09-23";"5";"379387.000000";"2007359.000000";;"379387";"2007359";"33425";;;"gironde@brgm.fr";"2009-12-09";"gironde@brgm.fr";"2009-01-01";"2011-08-22";"S.BesdeBerc@brgm.fr";"sbdbAdministrateur@brgm.fr";"2";;
"104131";"AQIAA0021251";;;"chambres et piliers";"carrière";"carriere";"Chapon_Rôti_01";"abandon";"public";;;"centre cavité";"précis";"precis";"plan au 1/500";"10";"2009-09-18";"M.BORDONNE";"2009-09-23";"5";"379462.000000";"2007558.000000";;"379462";"2007558";"33425";;;"gironde@brgm.fr";"2009-12-09";"gironde@brgm.fr";"2009-01-01";"2011-08-22";"S.BesdeBerc@brgm.fr";"sbdbAdministrateur@brgm.fr";"2";;
"104632";"AQIAA0021252";;;"chambres et piliers";"carrière";"carriere";"Coudoin_02";"abandon";"public";;;"centre cavité";"précis";"precis";"plan au 1/500";"10";"2009-09-18";"M.BORDONNE";"2009-09-23";"5";"379298.000000";"2007595.000000";;"379298";"2007595";"33425";;;"gironde@brgm.fr";"2009-12-09";"gironde@brgm.fr";"2009-01-01";"2011-08-22";"S.BesdeBerc@brgm.fr";"sbdbAdministrateur@brgm.fr";"2";;
"104959";"AQIAA0021253";;;"chambres et piliers";"carrière";"carriere";"Coudoin_01";"abandon";"public";;;"centre cavité";"précis";"precis";"plan au 1/500";"10";"2009-09-18";"M.BORDONNE";"2009-09-23";"5";"379235.000000";"2007595.000000";;"379235";"2007595";"33425";;;"gironde@brgm.fr";"2009-12-09";"gironde@brgm.fr";"2009-01-01";"2011-08-22";"S.BesdeBerc@brgm.fr";"sbdbAdministrateur@brgm.fr";"2";;
"106731";"AQIAA0021254";;;"galeries filantes";"carrière";"carriere";"Coudoin_03";"abandon";"public";;;"centre cavité";"précis";"precis";"plan au 1/500";"10";"2009-09-18";"M.BORDONNE";"2009-09-23";"5";"379332.000000";"2007707.000000";;"379332";"2007707";"33425";;;"gironde@brgm.fr";"2009-12-09";"gironde@brgm.fr";"2009-01-01";"2011-08-22";"S.BesdeBerc@brgm.fr";"sbdbAdministrateur@brgm.fr";"2";;
"108173";"AQIAA0021255";;;"galeries filantes";"carrière";"carriere";"Chapon_Rôti_02";"abandon";"public";;;"centre cavité";"précis";"precis";"plan au 1/500";"10";"2009-09-18";"M.BORDONNE";"2009-09-23";"5";"379544.000000";"2007625.000000";;"379544";"2007625";"33425";;;"gironde@brgm.fr";"2009-12-09";"gironde@brgm.fr";"2009-01-01";"2011-08-22";"S.BesdeBerc@brgm.fr";"sbdbAdministrateur@brgm.fr";"2";;
"104794";"AQIAA0021256";;;"galeries filantes";"carrière";"carriere";"Chapon_Rôti_03";"abandon";"public";;;"centre cavité";"précis";"precis";"plan au 1/500";"10";"2009-09-18";"M.BORDONNE";"2009-09-23";"5";"379572.000000";"2007627.000000";;"379572";"2007627";"33425";;;"gironde@brgm.fr";"2009-12-09";"gironde@brgm.fr";"2009-01-01";"2011-08-22";"S.BesdeBerc@brgm.fr";"sbdbAdministrateur@brgm.fr";"2";;
"104434";"AQIAA0021257";;;"galeries filantes";"carrière";"carriere";"Chapon_Rôti_11";"abandon";"public";;;"centre cavité";"précis";"precis";"plan au 1/500";"10";"2009-09-18";"M.BORDONNE";"2009-09-23";"5";"379710.000000";"2007624.000000";;"379710";"2007624";"33425";;;"gironde@brgm.fr";"2009-12-09";"gironde@brgm.fr";"2009-01-01";"2011-08-22";"S.BesdeBerc@brgm.fr";"sbdbAdministrateur@brgm.fr";"2";;
"108183";"AQIAA0021258";;;"galeries filantes";"carrière";"carriere";"Chapon_Rôti_10";"abandon";"public";;;"centre cavité";"précis";"precis";"plan au 1/500";"10";"2009-09-18";"M.BORDONNE";"2009-09-23";"5";"379753.000000";"2007504.000000";;"379753";"2007504";"33425";;;"gironde@brgm.fr";"2009-12-09";"gironde@brgm.fr";"2009-01-01";"2011-08-22";"S.BesdeBerc@brgm.fr";"sbdbAdministrateur@brgm.fr";"2";;
"2678";"AQIAA0021259";;;"galeries filantes";"carrière";"carriere";"Chapon_Rôti_09";"abandon";"public";;;"centre cavité";"précis";"precis";"plan au 1/500";"10";"2009-09-18";"M.BORDONNE";"2009-09-23";"5";"379890.000000";"2007465.000000";;"379890";"2007465";"33425";;;"gironde@brgm.fr";"2009-12-09";"gironde@brgm.fr";"2009-01-01";"2011-08-22";"S.BesdeBerc@brgm.fr";"sbdbAdministrateur@brgm.fr";"2";;
"107571";"AQIAA0021260";;;"chambres et galeries";"carrière";"carriere";"Puymorin";"abandon";"public";;;"centre cavité";"précis";"precis";"plan au 1/500";"10";"2009-09-18";"M.BORDONNE";"2009-09-24";"5";"380244.000000";"2007884.000000";;"380244";"2007884";"33425";;;"gironde@brgm.fr";"2009-12-09";"gironde@brgm.fr";"2009-01-01";"2011-08-22";"S.BesdeBerc@brgm.fr";"sbdbAdministrateur@brgm.fr";"2";;
"104317";"AQIAA0021261";;;"chambres et piliers";"carrière";"carriere";"Le_Cadet_02";"abandon";"public";;;"centre cavité";"précis";"precis";"plan au 1/500";"10";"2009-09-18";"M.BORDONNE";"2009-09-24";"5";"403207.000000";"1992203.000000";;"403207";"1992203";"33394";;;"gironde@brgm.fr";"2009-12-09";"gironde@brgm.fr";"2009-01-01";"2011-08-22";"S.BesdeBerc@brgm.fr";"sbdbAdministrateur@brgm.fr";"2";;
"107343";"AQIAA0021262";;;"chambres et piliers";"carrière";"carriere";"Le_Cadet_03";"abandon";"public";;;"centre cavité";"précis";"precis";"plan au 1/500";"10";"2009-09-18";"M.BORDONNE";"2009-09-24";"5";"403269.000000";"1992151.000000";;"403269";"1992151";"33394";;;"gironde@brgm.fr";"2009-12-09";"gironde@brgm.fr";"2009-01-01";"2011-08-22";"S.BesdeBerc@brgm.fr";"sbdbAdministrateur@brgm.fr";"2";;
"108187";"AQIAA0021264";;;"chambres et piliers";"carrière";"carriere";"Franc_Mayne_01_La_Gomerie";"abandon";"public";;;"centre cavité";"précis";"precis";"plan au 1/500";"10";"2009-09-18";"M.BORDONNE";"2009-09-24";"5";"401956.000000";"1991845.000000";;"401956";"1991845";"33394";;;"gironde@brgm.fr";"2009-12-09";"gironde@brgm.fr";"2009-01-01";"2011-08-22";"S.BesdeBerc@brgm.fr";"sbdbAdministrateur@brgm.fr";"2";;
"105533";"AQIAA0021265";;;"chambres et galeries";"carrière";"carriere";"Franc_Mayne_02_La_Gomerie";"abandon";"public";;;"centre cavité";"précis";"precis";"plan au 1/500";"10";"2009-09-18";"M.BORDONNE";"2009-09-24";"5";"401892.000000";"1991805.000000";;"401892";"1991805";"33394";;;"gironde@brgm.fr";"2009-12-09";"gironde@brgm.fr";"2009-01-01";"2011-08-22";"S.BesdeBerc@brgm.fr";"sbdbAdministrateur@brgm.fr";"2";;
"107640";"AQIAA0021266";;;"chambres et galeries";"carrière";"carriere";"Franc_Mayne_03_La_Gomerie";"abandon";"public";;;"centre cavité";"précis";"precis";"plan au 1/500";"10";"2009-09-18";"M.BORDONNE";"2009-11-23";"5";"401887.000000";"1991795.000000";;"401887";"1991795";"33394";;;"gironde@brgm.fr";"2009-12-09";"gironde@brgm.fr";"2009-01-01";"2011-08-22";"S.BesdeBerc@brgm.fr";"sbdbAdministrateur@brgm.fr";"2";;
"104842";"AQIAA0021267";;;"chambres et galeries";"carrière";"carriere";"Ramonet_01";"abandon";"public";;;"centre cavité";"précis";"precis";"plan au 1/500";"10";"2009-09-18";"M.BORDONNE";"2009-09-24";"5";"401830.000000";"1991536.000000";;"401830";"1991536";"33394";;;"gironde@brgm.fr";"2009-12-09";"gironde@brgm.fr";"2009-01-01";"2011-08-22";"S.BesdeBerc@brgm.fr";"sbdbAdministrateur@brgm.fr";"2";;
"104539";"AQIAA0021268";;;"chambres et galeries";"carrière";"carriere";"Ramonet_02";"abandon";"public";;;"centre cavité";"précis";"precis";"plan au 1/500";"10";"2009-09-18";"M.BORDONNE";"2009-09-24";"5";"401817.000000";"1991463.000000";;"401817";"1991463";"33394";;;"gironde@brgm.fr";"2009-12-09";"gironde@brgm.fr";"2009-01-01";"2011-08-22";"S.BesdeBerc@brgm.fr";"sbdbAdministrateur@brgm.fr";"2";;
"106730";"AQIAA0021269";;;"galeries filantes";"carrière";"carriere";"Ramonet_03";"abandon";"public";;;"centre cavité";"précis";"precis";"plan au 1/500";"10";"2009-09-18";"M.BORDONNE";"2009-09-24";"5";"401773.000000";"1991446.000000";;"401773";"1991446";"33394";;;"gironde@brgm.fr";"2009-12-09";"gironde@brgm.fr";"2009-01-01";"2011-08-22";"S.BesdeBerc@brgm.fr";"sbdbAdministrateur@brgm.fr";"2";;
"104958";"AQIAA0021270";;;"galeries filantes";"carrière";"carriere";"Bergat_01_Aux_Menuts";"abandon";"public";;;"centre cavité";"précis";"precis";"plan au 1/500";"10";"2009-09-18";"M.BORDONNE";"2009-09-29";"5";"403809.000000";"1991201.000000";;"403809";"1991201";"33394";;;"gironde@brgm.fr";"2009-12-09";"gironde@brgm.fr";"2009-01-01";"2011-08-22";"S.BesdeBerc@brgm.fr";"sbdbAdministrateur@brgm.fr";"2";;
"104622";"AQIAA0021271";;;"chambres et galeries";"carrière";"carriere";"Pavie_03";"abandon";"public";;;"centre cavité";"précis";"precis";"plan au 1/500";"10";"2009-09-18";"M.BORDONNE";"2009-09-29";"5";"404031.000000";"1990339.000000";;"404031";"1990339";"33394";;;"gironde@brgm.fr";"2009-12-09";"gironde@brgm.fr";"2009-01-01";"2011-08-22";"S.BesdeBerc@brgm.fr";"sbdbAdministrateur@brgm.fr";"2";;
"105536";"AQIAA0021272";;;"chambres et galeries";"carrière";"carriere";"La_Couspaude";"abandon";"public";;;"centre cavité";"précis";"precis";"plan au 1/500";"10";"2009-09-18";"M.BORDONNE";"2009-09-29";"5";"403539.000000";"1991527.000000";;"403539";"1991527";"33394";;;"gironde@brgm.fr";"2009-12-09";"gironde@brgm.fr";"2009-01-01";"2011-08-22";"S.BesdeBerc@brgm.fr";"sbdbAdministrateur@brgm.fr";"2";;
"107853";"AQIAA0021273";;;"chambres et piliers";"carrière";"carriere";"Saint_Emilion_intramuros_et_extensions";"abandon";"public";;;"centre cavité";"précis";"precis";"plan au 1/500";"10";"2009-09-18";"M.BORDONNE";"2010-12-06";"5";"402695.000000";"1990988.000000";;"402695";"1990988";"33394";;;"gironde@brgm.fr";"2009-12-09";"testera@brgm.fr";"2009-01-01";"2011-08-22";"S.BesdeBerc@brgm.fr";"sbdbAdministrateur@brgm.fr";"2";;
"104649";"AQIAA0021274";;;"chambres et piliers";"carrière";"carriere";"Nolly_Jansier_Les_Hugons";"abandon";"public";;;"centre cavité";"précis";"precis";"plan au 1/500";"10";"2009-09-23";"M.BORDONNE";"2009-09-23";"5";"377283.000000";"2008145.000000";;"377283";"2008145";"33339";;;"gironde@brgm.fr";"2009-12-09";"gironde@brgm.fr";"2009-01-01";"2011-08-22";"S.BesdeBerc@brgm.fr";"sbdbAdministrateur@brgm.fr";"2";;
"104944";"AQIAA0021275";;;"chambres et galeries";"carrière";"carriere";"Coudoin_04";"abandon";"public";;;"centre cavité";"précis";"precis";"plan au 1/500";"10";"2009-09-28";"M.BORDONNE";"2009-09-29";"5";"379406.000000";"2007696.000000";;"379406";"2007696";"33425";;;"gironde@brgm.fr";"2009-12-09";"gironde@brgm.fr";"2009-01-01";"2011-08-22";"S.BesdeBerc@brgm.fr";"sbdbAdministrateur@brgm.fr";"2";;
"104479";"AQIAA0021276";;;"galeries filantes";"carrière";"carriere";"Couteau_12_Le_Mass";"abandon";"public";;;"centre cavité";"précis";"precis";"plan au 1/500";"10";"2009-09-28";"M.BORDONNE";"2009-09-29";"5";"379097.000000";"2007058.000000";;"379097";"2007058";"33425";;;"gironde@brgm.fr";"2009-12-09";"gironde@brgm.fr";"2009-01-01";"2011-08-22";"S.BesdeBerc@brgm.fr";"sbdbAdministrateur@brgm.fr";"2";;
"115663";"AQIAA0021277";;;"chambres et galeries";"carrière";"carriere";"Bergat_02_Aux_Menuts";"abandon";"public";;;"centre cavité";"précis";"precis";"plan au 1/500";"10";"2009-09-29";"M.BORDONNE";"2009-09-29";"5";"403824.000000";"1991207.000000";;"403824";"1991207";"33394";;;"gironde@brgm.fr";"2009-12-09";"gironde@brgm.fr";"2009-01-01";"2011-08-22";"S.BesdeBerc@brgm.fr";"sbdbAdministrateur@brgm.fr";"2";;
"3629";"AQIAA0021278";;;"chambres et galeries";"carrière";"carriere";"Le_Cadet_01";"abandon";"public";;;"centre cavité";"précis";"precis";"plan au 1/500";"10";"2009-09-29";"M.BORDONNE";"2009-09-29";"5";"403271.000000";"1992287.000000";;"403271";"1992287";"33394";;;"gironde@brgm.fr";"2009-12-09";"gironde@brgm.fr";"2009-01-01";"2011-08-22";"S.BesdeBerc@brgm.fr";"sbdbAdministrateur@brgm.fr";"2";;
"3630";"AQIAA0021279";;;"galeries filantes";"carrière";"carriere";"Le_Chatelet_01";"abandon";"public";;;"centre cavité";"précis";"precis";"plan au 1/500";"10";"2009-09-29";"M.BORDONNE";"2009-10-07";"5";"402367.000000";"1991411.000000";;"402367";"1991411";"33394";;;"gironde@brgm.fr";"2009-12-09";"gironde@brgm.fr";"2009-01-01";"2011-08-22";"S.BesdeBerc@brgm.fr";"sbdbAdministrateur@brgm.fr";"2";;
"106721";"AQIAA0021280";;;"galeries filantes";"carrière";"carriere";"Le_Chatelet_02";"abandon";"public";;;"centre cavité";"précis";"precis";"plan au 1/500";"10";"2009-09-29";"M.BORDONNE";"2009-09-29";"5";"402390.000000";"1991522.000000";;"402390";"1991522";"33394";;;"gironde@brgm.fr";"2009-12-09";"gironde@brgm.fr";"2009-01-01";"2011-08-22";"S.BesdeBerc@brgm.fr";"sbdbAdministrateur@brgm.fr";"2";;
"104827";"AQIAA0021281";;;"chambres et galeries";"carrière";"carriere";"Le_Chatelet_03";"abandon";"public";;;"centre cavité";"précis";"precis";"plan au 1/500";"10";"2009-09-29";"M.BORDONNE";"2009-09-29";"5";"402401.000000";"1991536.000000";;"402401";"1991536";"33394";;;"gironde@brgm.fr";"2009-12-09";"gironde@brgm.fr";"2009-01-01";"2011-08-22";"S.BesdeBerc@brgm.fr";"sbdbAdministrateur@brgm.fr";"2";;
"107138";"AQIAA0021282";;;"chambres et piliers";"carrière";"carriere";"Pavie_02";"abandon";"public";;;"centre cavité";"précis";"precis";"plan au 1/500";"10";"2009-09-29";"M.BORDONNE";"2009-09-29";"5";"403727.000000";"1990282.000000";;"403727";"1990282";"33394";;;"gironde@brgm.fr";"2009-12-09";"gironde@brgm.fr";"2009-01-01";"2011-08-22";"S.BesdeBerc@brgm.fr";"sbdbAdministrateur@brgm.fr";"2";;
"107533";"AQIAA0021283";;;"galeries filantes";"carrière";"carriere";"Pavie_01";"abandon";"public";;;"centre cavité";"précis";"precis";"plan au 1/500";"10";"2009-09-29";"M.BORDONNE";"2009-09-29";"5";"403525.000000";"1990240.000000";;"403525";"1990240";"33394";;;"gironde@brgm.fr";"2009-12-09";"gironde@brgm.fr";"2009-01-01";"2011-08-22";"S.BesdeBerc@brgm.fr";"sbdbAdministrateur@brgm.fr";"2";;
"104193";"AQIAA0021284";;;"galeries filantes";"carrière";"carriere";"Les_Lurzines_07";"abandon";"public";;;"centre cavité";"précis";"precis";"plan au 1/500";"10";"2009-09-29";"M.BORDONNE";"2009-09-29";"5";"377773.000000";"2007638.000000";;"377773";"2007638";"33425";;;"gironde@brgm.fr";"2009-12-09";"gironde@brgm.fr";"2009-01-01";"2011-08-22";"S.BesdeBerc@brgm.fr";"sbdbAdministrateur@brgm.fr";"2";;
"104558";"AQIAA0021285";;;"chambres et piliers";"carrière";"carriere";"Combes_02";"abandon";"public";;;"centre cavité";"précis";"precis";"plan au 1/500";"10";"2009-10-09";"M.BORDONNE";"2009-10-09";"5";"395063.000000";"1986101.000000";;"395063";"1986101";"33185";;;"gironde@brgm.fr";"2009-12-09";"gironde@brgm.fr";"2009-01-01";"2011-08-22";"S.BesdeBerc@brgm.fr";"sbdbAdministrateur@brgm.fr";"2";;
"106934";"AQIAA0021286";;;"galeries filantes";"carrière";"carriere";"Bellevue_06_Les_Clottes";"abandon";"public";;;"centre cavité";"précis";"precis";"plan au 1/500";"10";"2009-10-09";"M.BORDONNE";"2009-10-09";"5";"375687.000000";"1976668.000000";;"375687";"1976668";"33349";;;"gironde@brgm.fr";"2009-12-09";"gironde@brgm.fr";"2009-01-01";"2011-08-22";"S.BesdeBerc@brgm.fr";"sbdbAdministrateur@brgm.fr";"2";;
"106937";"AQIAA0021287";;;"galeries filantes";"carrière";"carriere";"Les_Barthe_06";"abandon";"public";;;"centre cavité";"précis";"precis";"plan au 1/500";"10";"2009-10-09";"M.BORDONNE";"2009-10-09";"5";"383890.000000";"1973240.000000";;"383890";"1973240";"33534";;;"gironde@brgm.fr";"2009-12-09";"gironde@brgm.fr";"2009-01-01";"2011-08-22";"S.BesdeBerc@brgm.fr";"sbdbAdministrateur@brgm.fr";"2";;
"104378";"AQIAA0021288";;;"galeries filantes";"carrière";"carriere";"Barreau_18";"abandon";"public";;;"centre cavité";"précis";"precis";"plan au 1/500";"10";"2009-10-09";"M.BORDONNE";"2009-10-09";"5";"379670.000000";"2006964.000000";;"379670";"2006964";"33425";;;"gironde@brgm.fr";"2009-12-09";"gironde@brgm.fr";"2009-01-01";"2011-08-22";"S.BesdeBerc@brgm.fr";"sbdbAdministrateur@brgm.fr";"2";;
"104399";"AQIAA0021289";;;"chambres et galeries";"carrière";"carriere";"La_Gresseuse_08";"abandon";"public";;;"centre cavité";"précis";"precis";"plan au 1/500";"10";"2009-10-09";"M.BORDONNE";"2009-10-09";"5";"378564.000000";"2007223.000000";;"378564";"2007223";"33425";;;"gironde@brgm.fr";"2009-12-09";"gironde@brgm.fr";"2009-01-01";"2011-08-22";"S.BesdeBerc@brgm.fr";"sbdbAdministrateur@brgm.fr";"2";;
"2574";"AQIAA0021291";;;"orifice naturel";"naturelle";"naturelle";"Reseau_de_la_Chevre";"abandon";"public";;;"orifice visible";"approché";"approche";"carte au 1/25000";"25";"2010-11-16";"M.BORDONNE";"2010-11-16";"5";"393528.900000";"1966442.900000";"50";"393529";"1966443";"33008";;;"gironde@brgm.fr";"2009-12-09";"gironde@brgm.fr";"2009-01-01";"2011-08-22";"S.BesdeBerc@brgm.fr";"sbdbAdministrateur@brgm.fr";"2";;
"121369";"AQIAA0021293";;;"orifice naturel";"naturelle";"naturelle";"Grotte_du_Bois_de_Benauge_amont";"abandon";"public";;;"orifice visible";"approché";"approche";"carte au 1/25000";"25";"2010-11-16";"M.BORDONNE";"2010-11-16";"5";"393118.270000";"1966198.400000";"62";"393118";"1966198";"33008";;;"gironde@brgm.fr";"2009-12-09";"gironde@brgm.fr";"2009-01-01";"2011-08-22";"S.BesdeBerc@brgm.fr";"sbdbAdministrateur@brgm.fr";"2";;
"104130";"AQIAA0021294";;;"orifice naturel";"naturelle";"naturelle";"Grotte_de_St_Pierre_de_Guilleron";"abandon";"public";;;"orifice visible";"approché";"approche";"carte au 1/25000";"25";"2010-11-16";"M.BORDONNE";"2010-11-16";"5";"393685.370000";"1945980.200000";;"393685";"1945980";"33017";;;"gironde@brgm.fr";"2009-12-09";"gironde@brgm.fr";"2009-01-01";"2011-08-22";"S.BesdeBerc@brgm.fr";"sbdbAdministrateur@brgm.fr";"2";;
"104259";"AQIAA0021295";;;"orifice naturel";"naturelle";"naturelle";"Grotte_de_la_Segayre_ancienne_entree";"abandon";"public";;;"orifice visible";"approché";"approche";"carte au 1/25000";"25";"2010-11-16";"M.BORDONNE";"2010-11-16";"5";"399467.040000";"1972882.000000";"55";"399467";"1972882";"33025";;;"gironde@brgm.fr";"2009-12-09";"gironde@brgm.fr";"2009-01-01";"2011-08-22";"S.BesdeBerc@brgm.fr";"sbdbAdministrateur@brgm.fr";"2";;
"107851";"AQIAA0021296";;;"chambres et piliers";"carrière";"carriere";"Milha_03";"abandon";"public";;;"centre cavité";"approché";"approche";"plan au 1/500";"10";"2009-11-16";"M.BORDONNE";"2009-11-16";"5";"402070.000000";"1972847.000000";;"402070";"1972847";"33175";;;"gironde@brgm.fr";"2009-12-09";"gironde@brgm.fr";"2009-01-01";"2011-08-22";"S.BesdeBerc@brgm.fr";"sbdbAdministrateur@brgm.fr";"2";;
"107042";"AQIAA0021297";;;"chambres et piliers";"carrière";"carriere";"Bignon";"abandon";"public";;;"centre cavité";"précis";"precis";"plan au 1/500";"10";"2009-11-16";"M.BORDONNE";"2009-11-16";"5";"402253.000000";"1972039.000000";;"402253";"1972039";"33175";;;"gironde@brgm.fr";"2009-12-09";"gironde@brgm.fr";"2009-01-01";"2011-08-22";"S.BesdeBerc@brgm.fr";"sbdbAdministrateur@brgm.fr";"2";;
"107492";"AQIAA0021299";;;"chambres et galeries";"carrière";"carriere";"Milha_04";"abandon";"public";;;"centre cavité";"précis";"precis";"plan au 1/500";"10";"2009-11-16";"M.BORDONNE";"2009-11-16";"5";"402123.000000";"1972983.000000";;"402123";"1972983";"33175";;;"gironde@brgm.fr";"2009-12-09";"gironde@brgm.fr";"2009-01-01";"2011-08-22";"S.BesdeBerc@brgm.fr";"sbdbAdministrateur@brgm.fr";"2";;
"107378";"AQIAA0021300";;;"chambres et galeries";"carrière";"carriere";"Milha_05";"abandon";"public";;;"centre cavité";"précis";"precis";"plan au 1/500";"10";"2009-11-16";"M.BORDONNE";"2009-11-16";"5";"402160.000000";"1972987.000000";;"402160";"1972987";"33175";;;"gironde@brgm.fr";"2009-12-09";"gironde@brgm.fr";"2009-01-01";"2011-08-22";"S.BesdeBerc@brgm.fr";"sbdbAdministrateur@brgm.fr";"2";;
"107639";"AQIAA0021301";;;"chambres et galeries";"carrière";"carriere";"Milha_06";"abandon";"public";;;"centre cavité";"précis";"precis";"plan au 1/500";"10";"2009-11-16";"M.BORDONNE";"2009-11-16";"5";"402126.000000";"1972798.000000";;"402126";"1972798";"33175";;;"gironde@brgm.fr";"2009-12-09";"gironde@brgm.fr";"2009-01-01";"2011-08-22";"S.BesdeBerc@brgm.fr";"sbdbAdministrateur@brgm.fr";"2";;
"2580";"AQIAA0021302";;;"chambres et galeries";"carrière";"carriere";"Coqs";"abandon";"public";;;"centre cavité";"précis";"precis";"plan au 1/500";"10";"2009-11-16";"M.BORDONNE";"2009-11-16";"5";"393856.000000";"1967751.000000";;"393856";"1967751";"33156";;;"gironde@brgm.fr";"2009-12-09";"gironde@brgm.fr";"2009-01-01";"2011-08-22";"S.BesdeBerc@brgm.fr";"sbdbAdministrateur@brgm.fr";"2";;
"106834";"AQIAA0021303";;;"chambres et galeries";"carrière";"carriere";"Grand Vigne";"abandon";"public";;;"centre cavité";"précis";"precis";"carte au 1/25000";"100";"2009-11-16";"M.BORDONNE";"2009-11-19";"5";"408004.000000";"1981445.000000";;"408004";"1981445";"33401";;;"gironde@brgm.fr";"2009-12-09";"gironde@brgm.fr";"2009-01-01";"2011-08-22";"S.BesdeBerc@brgm.fr";"sbdbAdministrateur@brgm.fr";"2";;
"2676";"AQIAA0021304";;;"ouvrage linéaire";"ouvrage civil";"ouvrage civil";"Souterrain de Beauval";"abandon";"public";;;"centre cavité";"approché";"approche";"carte au 1/25000";"50";"2009-11-18";"M.BORDONNE";"2009-11-18";"5";"375560.000000";"1994198.000000";;"375560";"1994198";"33032";;;"gironde@brgm.fr";"2009-12-09";"gironde@brgm.fr";"2009-01-01";"2011-08-22";"S.BesdeBerc@brgm.fr";"sbdbAdministrateur@brgm.fr";"2";;
"108170";"AQIAA0021305";;;"orifice naturel";"naturelle";"naturelle";"Grotte_de_la_Brouede";"abandon";"public";;;"orifice visible";"approché";"approche";"carte au 1/25000";"25";"2010-11-16";"M.BORDONNE";"2010-11-16";"5";"377752.410000";"1969864.600000";"10";"377752";"1969865";"33037";;;"gironde@brgm.fr";"2009-12-09";"gironde@brgm.fr";"2009-01-01";"2011-08-22";"S.BesdeBerc@brgm.fr";"sbdbAdministrateur@brgm.fr";"2";;
"104670";"AQIAA0021306";;;"souterrain refuge";"ouvrage civil";"ouvrage civil";"Souterrain de la forteresse";"abandon";"public";;;"centre cavité";"approché";"approche";"carte au 1/25000";"50";"2009-11-18";"M.BORDONNE";"2009-11-18";"5";"365649.000000";"1993349.000000";;"365649";"1993349";"33056";;;"gironde@brgm.fr";"2009-12-09";"gironde@brgm.fr";"2009-01-01";"2011-08-22";"S.BesdeBerc@brgm.fr";"sbdbAdministrateur@brgm.fr";"2";;
"104659";"AQIAA0021307";;;"orifice naturel";"naturelle";"naturelle";"Grotte_des_Clusets_emergence";"abandon";"public";;;"orifice visible";"centroide de commune";"centroide de commune";"carte au 1/25000";"0";"2010-11-16";"M.BORDONNE";"2010-11-16";"5";"407834.100000";"1975323.000000";;"407834";"1975323";"33057";;;"gironde@brgm.fr";"2009-12-09";"gironde@brgm.fr";"2009-01-01";"2011-08-22";"S.BesdeBerc@brgm.fr";"sbdbAdministrateur@brgm.fr";"2";;
"107928";"AQIAA0021308";;;"orifice naturel";"naturelle";"naturelle";"Grotte_des_Clusets_entree_est";"abandon";"public";;;"orifice visible";"centroide de commune";"centroide de commune";"carte au 1/25000";"0";"2010-11-16";"M.BORDONNE";"2010-11-25";"5";"407834.100000";"1975323.000000";;"407834";"1975323";"33057";;;"gironde@brgm.fr";"2009-12-09";"gironde@brgm.fr";"2009-01-01";"2011-08-22";"S.BesdeBerc@brgm.fr";"sbdbAdministrateur@brgm.fr";"2";;
"118681";"AQIAA0021309";;;"orifice naturel";"naturelle";"naturelle";"Grotte_de_Guilhembouey";"abandon";"public";;;"orifice visible";"approché";"approche";"carte au 1/25000";"25";"2010-11-16";"M.BORDONNE";"2011-07-29";"5";"408796.000000";"1975795.000000";"60";"408796";"1975795";"33057";;;"gironde@brgm.fr";"2009-12-09";"gironde@brgm.fr";"2009-01-01";"2011-08-22";"S.BesdeBerc@brgm.fr";"sbdbAdministrateur@brgm.fr";"2";;
"154541";"AQIAA0021310";;;"orifice naturel";"naturelle";"naturelle";"Ruisseau_Petite_Grange_ferme";"abandon";"public";;;"orifice visible";"approché";"approche";"carte au 1/25000";"5";"2010-11-16";"M.BORDONNE";"2023-11-20";"5";"408477.500000";"1977167.180000";"60";"408478";"1977167";"33057";"Au nord de la galerie principale, un puits de 1 m de diamètre, profondeur incertaine, reliée à la galerie principale par une galerie orientée nord-sud.";"";"gironde@brgm.fr";"2009-12-09";"a.fondin@brgm.fr";"2009-01-01";"2011-08-22";"S.BesdeBerc@brgm.fr";"sbdbAdministrateur@brgm.fr";"2";;
"104962";"AQIAA0021311";;;"souterrain refuge";"ouvrage civil";"ouvrage civil";"Monument du Pin";"abandon";"public";;;"centre cavité";"précis";"precis";"plan au 1/500";"10";"2009-11-18";"M.BORDONNE";"2009-11-18";"5";"408061.000000";"1975320.000000";;"408061";"1975320";"33057";;;"gironde@brgm.fr";"2009-12-09";"gironde@brgm.fr";"2009-01-01";"2011-08-22";"S.BesdeBerc@brgm.fr";"sbdbAdministrateur@brgm.fr";"2";;
"2572";"AQIAA0021312";;;"orifice naturel";"naturelle";"naturelle";"Riviere_de_Villeseque_entree";"abandon";"public";;;"orifice visible";"approché";"approche";"carte au 1/25000";"25";"2010-11-16";"M.BORDONNE";"2010-11-16";"5";"406364.790000";"1978360.200000";"60";"406365";"1978360";"33057";;;"gironde@brgm.fr";"2009-12-09";"gironde@brgm.fr";"2009-01-01";"2011-08-22";"S.BesdeBerc@brgm.fr";"sbdbAdministrateur@brgm.fr";"2";;
"107503";"AQIAA0021313";;;"souterrain refuge";"ouvrage civil";"ouvrage civil";"Souterrain de Taris";"abandon";"public";;;"orifice supposé";"approché";"approche";"carte au 1/25000";"50";"2009-11-19";"M.BORDONNE";"2009-11-19";"5";"411260.000000";"1980114.000000";;"411260";"1980114";"33064";;;"gironde@brgm.fr";"2009-12-09";"gironde@brgm.fr";"2009-01-01";"2011-08-22";"S.BesdeBerc@brgm.fr";"sbdbAdministrateur@brgm.fr";"2";;
"104364";"AQIAA0021314";;;"orifice naturel";"naturelle";"naturelle";"Ruisseau_Camiac";"abandon";"public";;;"orifice visible";"approché";"approche";"carte au 1/12500";"25";"2010-11-25";"M.BORDONNE";"2010-11-25";"5";"391927.000000";"1981052.800000";"65";"391927";"1981053";"33086";;;"gironde@brgm.fr";"2009-12-09";"gironde@brgm.fr";"2009-01-01";"2011-08-22";"S.BesdeBerc@brgm.fr";"sbdbAdministrateur@brgm.fr";"2";;
"108117";"AQIAA0021315";;;"orifice naturel";"naturelle";"naturelle";"Grotte_Chevillard";"abandon";"public";;;"orifice visible";"approché";"approche";"carte au 1/25000";"25";"2010-11-25";"M.BORDONNE";"2010-11-25";"5";"414163.500000";"1969847.600000";"79";"414164";"1969848";"33112";;;"gironde@brgm.fr";"2009-12-09";"gironde@brgm.fr";"2009-01-01";"2011-08-22";"S.BesdeBerc@brgm.fr";"sbdbAdministrateur@brgm.fr";"2";;
"2544";"AQIAA0021316";;;"orifice naturel";"naturelle";"naturelle";"Grotte_Pilet";"abandon";"public";;;"orifice visible";"approché";"approche";"carte au 1/25000";"25";"2010-11-25";"M.BORDONNE";"2010-11-25";"5";"414824.130000";"1970017.800000";"85";"414824";"1970018";"33112";;;"gironde@brgm.fr";"2009-12-09";"gironde@brgm.fr";"2009-01-01";"2011-08-22";"S.BesdeBerc@brgm.fr";"sbdbAdministrateur@brgm.fr";"2";;
"104868";"AQIAA0021317";;;"orifice naturel";"naturelle";"naturelle";"Grotte_Chaudeborde_emergence";"abandon";"public";;;"orifice visible";"approché";"approche";"carte au 1/25000";"25";"2010-11-30";"M.BORDONNE";"2010-11-30";"5";"416765.380000";"1969323.800000";"60";"416765";"1969324";"33117";;;"gironde@brgm.fr";"2009-12-09";"gironde@brgm.fr";"2009-01-01";"2011-08-22";"S.BesdeBerc@brgm.fr";"sbdbAdministrateur@brgm.fr";"2";;
"106892";"AQIAA0021318";;;"orifice naturel";"naturelle";"naturelle";"Grotte_Claudettes";"abandon";"public";;;"orifice visible";"approché";"approche";"carte au 1/25000";"25";"2010-11-30";"M.BORDONNE";"2010-11-30";"5";"412011.580000";"1972312.000000";"69";"412012";"1972312";"33129";;;"gironde@brgm.fr";"2009-12-09";"gironde@brgm.fr";"2009-01-01";"2011-08-22";"S.BesdeBerc@brgm.fr";"sbdbAdministrateur@brgm.fr";"2";;
"107973";"AQIAA0021319";;;"orifice naturel";"naturelle";"naturelle";"Reseau_Bareille";"abandon";"public";;;"orifice visible";"approché";"approche";"carte au 1/25000";"25";"2010-11-30";"M.BORDONNE";"2010-11-30";"5";"392825.890000";"1968724.400000";"65";"392826";"1968724";"33156";;;"gironde@brgm.fr";"2009-12-09";"gironde@brgm.fr";"2009-01-01";"2011-08-22";"S.BesdeBerc@brgm.fr";"sbdbAdministrateur@brgm.fr";"2";;
"107590";"AQIAA0021320";;;"orifice naturel";"naturelle";"naturelle";"Grotte_Naudonnet_regard1";"abandon";"public";;;"orifice visible";"approché";"approche";"carte au 1/25000";"25";"2010-11-30";"M.BORDONNE";"2010-11-30";"5";"392123.550000";"1967464.700000";"45";"392124";"1967465";"33156";;;"gironde@brgm.fr";"2009-12-09";"gironde@brgm.fr";"2009-01-01";"2011-08-22";"S.BesdeBerc@brgm.fr";"sbdbAdministrateur@brgm.fr";"2";;
"2599";"AQIAA0021321";;;"orifice naturel";"naturelle";"naturelle";"Grotte_Tirantaine";"abandon";"public";;;"orifice visible";"approché";"approche";"carte au 1/25000";"25";"2010-11-30";"M.BORDONNE";"2010-11-30";"5";"394022.780000";"1968157.200000";"35";"394023";"1968157";"33156";;;"gironde@brgm.fr";"2009-12-09";"gironde@brgm.fr";"2009-01-01";"2011-08-22";"S.BesdeBerc@brgm.fr";"sbdbAdministrateur@brgm.fr";"2";;
"104802";"AQIAA0021322";;;"orifice naturel";"naturelle";"naturelle";"Grotte_Naudonnet_entree_inferieure";"abandon";"public";;;"orifice visible";"approché";"approche";"carte au 1/25000";"25";"2010-11-30";"M.BORDONN2";"2010-11-30";"5";"392447.830000";"1966854.800000";"33";"392448";"1966855";"33156";;;"gironde@brgm.fr";"2009-12-09";"gironde@brgm.fr";"2009-01-01";"2011-08-22";"S.BesdeBerc@brgm.fr";"sbdbAdministrateur@brgm.fr";"2";;
"104316";"AQIAA0021323";;;"orifice naturel";"naturelle";"naturelle";"Grotte_Naudonnet_emergence";"abandon";"public";;;"orifice visible";"approché";"approche";"carte au 1/25000";"25";"2010-11-30";"M.BORDONNE";"2010-11-30";"5";"392544.610000";"1966668.500000";"30";"392545";"1966669";"33156";;;"gironde@brgm.fr";"2009-12-09";"gironde@brgm.fr";"2009-01-01";"2011-08-22";"S.BesdeBerc@brgm.fr";"sbdbAdministrateur@brgm.fr";"2";;
"121686";"AQIAA0021324";;;"orifice naturel";"naturelle";"naturelle";"Reseau_Naudonnet_entree_superieure";"abandon";"public";;;"orifice visible";"approché";"approche";"carte au 1/25000";"25";"2010-11-30";"M.BORDONNE";"2010-11-30";"5";"392232.130000";"1967142.300000";"40";"392232";"1967142";"33156";;;"gironde@brgm.fr";"2009-12-09";"gironde@brgm.fr";"2009-01-01";"2011-08-22";"S.BesdeBerc@brgm.fr";"sbdbAdministrateur@brgm.fr";"2";;
"109980";"AQIAA0021325";;;"orifice naturel";"naturelle";"naturelle";"Reseau_Naudonnet_entree_moyenne";"abandon";"public";;;"orifice visible";"approché";"approche";"carte au 1/25000";"25";"2010-11-30";"M.BORDONNE";"2010-11-30";"5";"392368.950000";"1966966.000000";"33";"392369";"1966966";"33156";;;"gironde@brgm.fr";"2009-12-09";"gironde@brgm.fr";"2009-01-01";"2011-08-22";"S.BesdeBerc@brgm.fr";"sbdbAdministrateur@brgm.fr";"2";;
"104345";"AQIAA0021326";;;"orifice naturel";"naturelle";"naturelle";"Grotte_Pellegries_emergence";"abandon";"public";;;"orifice visible";"approché";"approche";"carte au 1/25000";"25";"2010-12-07";"M.BORDONNE";"2010-12-07";"5";"396528.240000";"1976877.600000";"50";"396528";"1976878";"33163";;;"gironde@brgm.fr";"2009-12-09";"gironde@brgm.fr";"2009-01-01";"2011-08-22";"S.BesdeBerc@brgm.fr";"sbdbAdministrateur@brgm.fr";"2";;
"107327";"AQIAA0021327";;;"orifice naturel";"naturelle";"naturelle";"Grotte_Faleyras_2";"abandon";"public";;;"orifice visible";"approché";"approche";"carte au 1/25000";"25";"2010-12-07";"M.BORDONNE";"2010-12-07";"5";"397497.930000";"1977659.600000";"60";"397498";"1977660";"33163";;;"gironde@brgm.fr";"2009-12-09";"gironde@brgm.fr";"2009-01-01";"2011-08-22";"S.BesdeBerc@brgm.fr";"sbdbAdministrateur@brgm.fr";"2";;
"121693";"AQIAA0021328";;;"orifice naturel";"naturelle";"naturelle";"Confidentiel";"abandon";"confidentiel";"site archéologique";"DRAC";"orifice visible";"approché";"approche";"carte au 1/25000";"";"2010-12-07";"M.BORDONNE";"2010-12-07";"";"";"";"";"";"";"33163";;;"gironde@brgm.fr";"2009-12-09";"gironde@brgm.fr";"2009-01-01";"2011-08-22";"S.BesdeBerc@brgm.fr";"sbdbAdministrateur@brgm.fr";"2";;
"120788";"AQIAA0021329";;;"orifice naturel";"naturelle";"naturelle";"Grotte_Grand_Antoine_emergence_Coussillon";"abandon";"public";;;"orifice visible";"approché";"approche";"carte au 1/25000";"25";"2010-12-07";"M.BORDONNE";"2010-12-07";"5";"403140.240000";"1973618.200000";"50";"403140";"1973618";"33175";;;"gironde@brgm.fr";"2009-12-09";"gironde@brgm.fr";"2009-01-01";"2011-08-22";"S.BesdeBerc@brgm.fr";"sbdbAdministrateur@brgm.fr";"2";;
"106718";"AQIAA0021330";;;"orifice naturel";"naturelle";"naturelle";"Confidentiel";"abandon";"confidentiel";"espèces protégées";"DREAL";"orifice visible";"approché";"approche";"carte au 1/25000";"";"2010-12-07";"M.BORDONNE";"2010-12-07";"";"";"";"";"";"";"33175";;;"gironde@brgm.fr";"2009-12-09";"gironde@brgm.fr";"2009-01-01";"2011-08-22";"S.BesdeBerc@brgm.fr";"sbdbAdministrateur@brgm.fr";"2";;
"107396";"AQIAA0021331";;;"orifice naturel";"naturelle";"naturelle";"Doline_batie";"abandon";"public";;;"orifice visible";"approché";"approche";"carte au 1/25000";"25";"2010-12-07";"M.BORDONNE";"2010-12-07";"5";"403004.570000";"1974602.900000";"75";"403005";"1974603";"33175";;;"gironde@brgm.fr";"2009-12-09";"gironde@brgm.fr";"2009-01-01";"2011-08-22";"S.BesdeBerc@brgm.fr";"sbdbAdministrateur@brgm.fr";"2";;
"105481";"AQIAA0021332";;;"orifice naturel";"naturelle";"naturelle";"Grotte_Grand_Antoine_entree_Sallebruneau";"abandon";"public";;;"orifice visible";"approché";"approche";"carte au 1/25000";"25";"2010-12-07";"M.BORDONNE";"2010-12-07";"5";"405007.590000";"1973107.200000";"70";"405008";"1973107";"33175";;;"gironde@brgm.fr";"2009-12-09";"gironde@brgm.fr";"2009-01-01";"2011-08-22";"S.BesdeBerc@brgm.fr";"sbdbAdministrateur@brgm.fr";"2";;
"104321";"AQIAA0021333";;;"salle";"cave";"cave";"Cave voûtée";"abandon";"public";;;"orifice visible";"approché";"approche";"carte au 1/25000";"25";"2009-11-19";"M.BORDONNE";"2009-11-19";"5";"405066.000000";"1973060.000000";;"405066";"1973060";"33175";;;"gironde@brgm.fr";"2009-12-09";"gironde@brgm.fr";"2009-01-01";"2011-08-22";"S.BesdeBerc@brgm.fr";"sbdbAdministrateur@brgm.fr";"2";;
"2655";"AQIAA0021334";;;"orifice naturel";"naturelle";"naturelle";"Grotte_Carbonneau_1";"abandon";"public";;;"orifice visible";"approché";"approche";"carte au 1/25000";"25";"2010-12-09";"M.BORDONNE";"2010-12-09";"5";"422839.490000";"1980519.100000";"50";"422839";"1980519";"33186";;;"gironde@brgm.fr";"2009-12-09";"gironde@brgm.fr";"2009-01-01";"2011-08-22";"S.BesdeBerc@brgm.fr";"sbdbAdministrateur@brgm.fr";"2";;
"104797";"AQIAA0021335";;;"orifice naturel";"naturelle";"naturelle";"Grotte_Claribes_2";"abandon";"public";;;"orifice visible";"centroide de commune";"centroide de commune";"carte au 1/25000";"0";"2010-12-09";"M.BORDONNE";"2010-12-09";"5";"421985.600000";"1979683.000000";"58";"421986";"1979683";"33186";;;"gironde@brgm.fr";"2009-12-09";"gironde@brgm.fr";"2009-01-01";"2011-08-22";"S.BesdeBerc@brgm.fr";"sbdbAdministrateur@brgm.fr";"2";;
"118675";"AQIAA0021336";;;"orifice naturel";"naturelle";"naturelle";"Confidentiel";"abandon";"confidentiel";"site archéologique";"DRAC";"orifice visible";"approché";"approche";"carte au 1/25000";"";"2010-12-09";"M.BORDONNE";"2010-12-09";"";"";"";"";"";"";"33186";;;"gironde@brgm.fr";"2009-12-09";"gironde@brgm.fr";"2009-01-01";"2011-08-22";"S.BesdeBerc@brgm.fr";"sbdbAdministrateur@brgm.fr";"2";;
"104756";"AQIAA0021337";;;"orifice naturel";"naturelle";"naturelle";"Grotte_Carbonneau_2";"abandon";"public";;;"orifice visible";"approché";"approche";"carte au 1/25000";"25";"2010-12-09";"M.BORDONNE";"2010-12-09";"5";"422672.480000";"1980576.400000";"64";"422672";"1980576";"33186";;;"gironde@brgm.fr";"2009-12-09";"gironde@brgm.fr";"2009-01-01";"2011-08-22";"S.BesdeBerc@brgm.fr";"sbdbAdministrateur@brgm.fr";"2";;
"104588";"AQIAA0021338";;;"ouvrage surfacique";"ouvrage civil";"ouvrage civil";"Grotte creusée du château de Gensac";"abandon";"public";;;"orifice visible";"approché";"approche";"carte au 1/25000";"50";"2009-11-19";"M.BORDONNE";"2009-11-19";"5";"420870.000000";"1981255.000000";;"420870";"1981255";"33186";;;"gironde@brgm.fr";"2009-12-09";"gironde@brgm.fr";"2009-01-01";"2011-08-22";"S.BesdeBerc@brgm.fr";"sbdbAdministrateur@brgm.fr";"2";;
"107573";"AQIAA0021339";;;"orifice naturel";"naturelle";"naturelle";"Grotte_Gratecap";"abandon";"public";;;"orifice visible";"approché";"approche";"carte au 1/25000";"25";"2010-12-09";"M.BORDONNE";"2010-12-09";"5";"420358.260000";"1980574.400000";"70";"420358";"1980574";"33186";;;"gironde@brgm.fr";"2009-12-09";"gironde@brgm.fr";"2009-01-01";"2011-08-22";"S.BesdeBerc@brgm.fr";"sbdbAdministrateur@brgm.fr";"2";;
"107453";"AQIAA0021340";;;"souterrain refuge";"ouvrage civil";"ouvrage civil";"Souterrain refuge de Gratecap";"abandon";"public";;;"orifice visible";"approché";"approche";"carte au 1/25000";"50";"2009-11-19";"M.BORDONNE";"2009-11-19";"5";"420299.000000";"1980725.000000";;"420299";"1980725";"33186";;;"gironde@brgm.fr";"2009-12-09";"gironde@brgm.fr";"2009-01-01";"2011-08-22";"S.BesdeBerc@brgm.fr";"sbdbAdministrateur@brgm.fr";"2";;
"104710";"AQIAA0021343";;;"orifice naturel";"naturelle";"naturelle";"Grotte_Valens";"abandon";"public";;;"orifice visible";"approché";"approche";"carte au 1/25000";"25";"2010-12-09";"M.BORDONNE";"2010-12-09";"5";"420387.290000";"1979822.000000";"105";"420387";"1979822";"33186";;;"gironde@brgm.fr";"2009-12-09";"gironde@brgm.fr";"2009-01-01";"2011-08-22";"S.BesdeBerc@brgm.fr";"sbdbAdministrateur@brgm.fr";"2";;
"108190";"AQIAA0021344";;;"orifice naturel";"naturelle";"naturelle";"Cavité naturelle lieu-dit L'Hopital";"abandon";"public";;;"orifice visible";"approché";"approche";"autre";"25";"2006-09-28";"M.BORDONNE";"2013-01-24";"5";"331617.000000";"2052096.000000";;"331617";"2052096";"33193";"Effondrement d'une cinquantaine de m² et de 3 m de profondeur , causant la mort d'une personne et faisant 2 blessés.Phénomène survenant sur un des lots du lotissmeent ""la Pinède de l'Océan"" lors de travaux de forage d'eau.";;"gironde@brgm.fr";"2009-12-09";"gironde@brgm.fr";"2009-01-01";"2013-08-07";"S.BesdeBerc@brgm.fr";"e.vanoudheusden@brgm.fr";"2";;
"107498";"AQIAA0021346";;;"souterrain refuge";"ouvrage civil";"ouvrage civil";"Souterrain de Labrie";"abandon";"public";;;"orifice visible";"approché";"approche";"carte au 1/25000";"25";"2009-11-19";"M.BORDONNE";"2009-11-19";"5";"403535.000000";"1978957.000000";;"403535";"1978957";"33209";;;"gironde@brgm.fr";"2009-12-09";"gironde@brgm.fr";"2009-01-01";"2011-08-22";"S.BesdeBerc@brgm.fr";"sbdbAdministrateur@brgm.fr";"2";;
"107927";"AQIAA0021347";;;"souterrain refuge";"ouvrage civil";"ouvrage civil";"Souterrain de La Roque";"abandon";"public";;;"centre cavité";"approché";"approche";"carte au 1/25000";"50";"2009-11-19";"M.BORDONNE";"2009-11-19";"5";"420452.000000";"1981571.000000";;"420452";"1981571";"33210";;;"gironde@brgm.fr";"2009-12-09";"gironde@brgm.fr";"2009-01-01";"2011-08-22";"S.BesdeBerc@brgm.fr";"sbdbAdministrateur@brgm.fr";"2";;
"107514";"AQIAA0021348";;;"orifice naturel";"naturelle";"naturelle";"Resurgence_Chateau_Vialle";"abandon";"public";;;"orifice visible";"approché";"approche";"carte au 1/25000";"25";"2010-12-13";"M.BORDONNE";"2010-12-13";"5";"419558.500000";"1981073.700000";"106";"419559";"1981074";"33210";;;"gironde@brgm.fr";"2009-12-09";"gironde@brgm.fr";"2009-01-01";"2011-08-22";"S.BesdeBerc@brgm.fr";"sbdbAdministrateur@brgm.fr";"2";;
"111196";"AQIAA0021349";;;"orifice naturel";"naturelle";"naturelle";"Grotte_Petite_Roque";"abandon";"public";;;"orifice visible";"approché";"approche";"carte au 1/25000";"25";"2010-12-13";"M.BORDONNE";"2010-12-13";"5";"420455.310000";"1982097.000000";"65";"420455";"1982097";"33210";;;"gironde@brgm.fr";"2009-12-09";"gironde@brgm.fr";"2009-01-01";"2011-08-22";"S.BesdeBerc@brgm.fr";"sbdbAdministrateur@brgm.fr";"2";;
"106780";"AQIAA0021350";;;"orifice naturel";"naturelle";"naturelle";"Grotte_Juillac";"abandon";"public";;;"orifice visible";"approché";"approche";"carte au 1/25000";"25";"2010-12-13";"M.BORDONNE";"2010-12-13";"5";"418403.400000";"1981513.400000";"80";"418403";"1981513";"33210";;;"gironde@brgm.fr";"2009-12-09";"gironde@brgm.fr";"2009-01-01";"2011-08-22";"S.BesdeBerc@brgm.fr";"sbdbAdministrateur@brgm.fr";"2";;
"107538";"AQIAA0021351";;;"orifice naturel";"naturelle";"naturelle";"Confidentiel";"abandon";"confidentiel";"site archéologique";"DRAC";"orifice visible";"approché";"approche";"carte au 1/25000";"";"2010-12-13";"M.BORDONNE";"2010-12-13";"";"";"";"";"";"";"33210";;;"gironde@brgm.fr";"2009-12-09";"gironde@brgm.fr";"2009-01-01";"2011-08-22";"S.BesdeBerc@brgm.fr";"sbdbAdministrateur@brgm.fr";"2";;
"739";"AQIAA0021353";;;"orifice naturel";"naturelle";"naturelle";"Grotte_Haurets";"abandon";"public";;;"orifice visible";"approché";"approche";"carte au 1/25000";"25";"2010-12-13";"M.BORDONNE";"2010-12-13";"5";"394259.150000";"1970313.200000";;"394259";"1970313";"33215";;;"gironde@brgm.fr";"2009-12-09";"gironde@brgm.fr";"2009-01-01";"2011-08-22";"S.BesdeBerc@brgm.fr";"sbdbAdministrateur@brgm.fr";"2";;
"104946";"AQIAA0021355";;;"orifice naturel";"naturelle";"naturelle";"Grotte_Cros";"abandon";"public";;;"orifice visible";"approché";"approche";"carte au 1/25000";"25";"2010-12-13";"M.BORDONNE";"2010-12-13";"5";"390872.720000";"1960192.800000";;"390873";"1960193";"33253";;;"gironde@brgm.fr";"2009-12-09";"gironde@brgm.fr";"2009-01-01";"2011-08-22";"S.BesdeBerc@brgm.fr";"sbdbAdministrateur@brgm.fr";"2";;
"107412";"AQIAA0021360";;;"orifice naturel";"naturelle";"naturelle";"Riviere_Fontarnaud_emergence";"abandon";"public";;;"orifice visible";"approché";"approche";"carte au 1/25000";"25";"2010-12-13";"M.BORDONNE";"2010-12-13";"5";"403112.820000";"1975432.200000";"55";"403113";"1975432";"33258";;;"gironde@brgm.fr";"2009-12-09";"gironde@brgm.fr";"2009-01-01";"2011-08-22";"S.BesdeBerc@brgm.fr";"sbdbAdministrateur@brgm.fr";"2";;
"106943";"AQIAA0021361";;;"souterrain refuge";"ouvrage civil";"ouvrage civil";"Souterrain de Les Doux";"abandon";"public";;;"centre cavité";"approché";"approche";"carte au 1/25000";"50";"2009-11-19";"M.BORDONNE";"2009-11-19";"5";"408960.000000";"1997659.000000";;"408960";"1997659";"33261";;;"gironde@brgm.fr";"2009-12-09";"gironde@brgm.fr";"2009-01-01";"2011-08-22";"S.BesdeBerc@brgm.fr";"sbdbAdministrateur@brgm.fr";"2";;
"107574";"AQIAA0021362";;;"souterrain refuge";"ouvrage civil";"ouvrage civil";"Souterrain de Pichon";"abandon";"public";;;"centre cavité";"approché";"approche";"carte au 1/25000";"50";"2009-11-19";"M.BORDONNE";"2009-11-19";"5";"409266.000000";"1998880.000000";;"409266";"1998880";"33261";;;"gironde@brgm.fr";"2009-12-09";"gironde@brgm.fr";"2009-01-01";"2011-08-22";"S.BesdeBerc@brgm.fr";"sbdbAdministrateur@brgm.fr";"2";;
"107534";"AQIAA0021363";;;"orifice naturel";"naturelle";"naturelle";"Confidentiel";"abandon";"confidentiel";"site archéologique";"DRAC";"orifice visible";"approché";"approche";"carte au 1/25000";"";"2010-12-14";"M.BORDONNE";"2010-12-14";"";"";"";"";"";"";"33269";;;"gironde@brgm.fr";"2009-12-09";"gironde@brgm.fr";"2009-01-01";"2011-08-22";"S.BesdeBerc@brgm.fr";"sbdbAdministrateur@brgm.fr";"2";;
"107142";"AQIAA0021364";;;"orifice naturel";"naturelle";"naturelle";"Grotte_Bison";"abandon";"public";;;"orifice visible";"approché";"approche";"carte au 1/25000";"25";"2010-12-14";"M.BORDONNE";"2010-12-14";"5";"401625.080000";"1969960.200000";"50";"401625";"1969960";"33275";;;"gironde@brgm.fr";"2009-12-09";"gironde@brgm.fr";"2009-01-01";"2011-08-22";"S.BesdeBerc@brgm.fr";"sbdbAdministrateur@brgm.fr";"2";;
"107547";"AQIAA0021365";;;"orifice naturel";"naturelle";"naturelle";"Grotte_Goureau";"abandon";"public";;;"orifice visible";"approché";"approche";"carte au 1/25000";"25";"2010-12-14";"M.BORDONNE";"2010-12-14";"5";"420577.590000";"1977672.500000";"65";"420578";"1977673";"33277";;;"gironde@brgm.fr";"2009-12-09";"gironde@brgm.fr";"2009-01-01";"2011-08-22";"S.BesdeBerc@brgm.fr";"sbdbAdministrateur@brgm.fr";"2";;
"2579";"AQIAA0021366";;;"orifice naturel";"naturelle";"naturelle";"Confidentiel";"abandon";"confidentiel";"site archéologique";"DRAC";"orifice visible";"approché";"approche";"carte au 1/25000";"";"2010-12-14";"M.BORDONNE";"2010-12-14";"";"";"";"";"";"";"33278";;;"gironde@brgm.fr";"2009-12-09";"gironde@brgm.fr";"2009-01-01";"2011-08-22";"S.BesdeBerc@brgm.fr";"sbdbAdministrateur@brgm.fr";"2";;
"107414";"AQIAA0021367";;;"orifice naturel";"naturelle";"naturelle";"Grotte_Noire";"abandon";"public";;;"orifice visible";"approché";"approche";"carte au 1/25000";"25";"2010-12-14";"M.BORDONNE";"2010-12-14";"5";"412439.610000";"1974354.600000";"60";"412440";"1974355";"33278";;;"gironde@brgm.fr";"2009-12-09";"gironde@brgm.fr";"2009-01-01";"2011-08-22";"S.BesdeBerc@brgm.fr";"sbdbAdministrateur@brgm.fr";"2";;
"107866";"AQIAA0021368";;;"orifice naturel";"naturelle";"naturelle";"Grotte_Blanche";"abandon";"public";;;"orifice visible";"approché";"approche";"carte au 1/25000";"25";"2010-12-14";"M.BORDONNE";"2010-12-14";"5";"412437.720000";"1974432.600000";"60";"412438";"1974433";"33278";;;"gironde@brgm.fr";"2009-12-09";"gironde@brgm.fr";"2009-01-01";"2011-08-22";"S.BesdeBerc@brgm.fr";"sbdbAdministrateur@brgm.fr";"2";;
"104960";"AQIAA0021369";;;"orifice naturel";"naturelle";"naturelle";"Grotte_Bleue";"abandon";"public";;;"orifice visible";"approché";"approche";"carte au 1/25000";"25";"2010-12-14";"M.BORDONNE";"2010-12-14";"5";"412419.760000";"1974467.700000";"60";"412420";"1974468";"33278";;;"gironde@brgm.fr";"2009-12-09";"gironde@brgm.fr";"2009-01-01";"2011-08-22";"S.BesdeBerc@brgm.fr";"sbdbAdministrateur@brgm.fr";"2";;
"107397";"AQIAA0021375";;;"orifice naturel";"naturelle";"naturelle";"Grotte_Merignas";"abandon";"public";;;"orifice visible";"approché";"approche";"carte au 1/25000";"25";"2010-12-14";"M.BORDONNE";"2010-12-14";"5";"408008.330000";"1978107.800000";"70";"408008";"1978108";"33282";;;"gironde@brgm.fr";"2009-12-09";"gironde@brgm.fr";"2009-01-01";"2011-08-22";"S.BesdeBerc@brgm.fr";"sbdbAdministrateur@brgm.fr";"2";;
"104181";"AQIAA0021376";;;"ouvrage surfacique";"ouvrage civil";"ouvrage civil";"Salle souterraine de Malengin";"abandon";"public";;;"orifice visible";"approché";"approche";"carte au 1/25000";"50";"2009-11-20";"M.BORDONNE";"2009-11-20";"5";"409110.000000";"1992545.000000";;"409110";"1992545";"33290";;;"gironde@brgm.fr";"2009-12-09";"gironde@brgm.fr";"2009-01-01";"2011-08-22";"S.BesdeBerc@brgm.fr";"sbdbAdministrateur@brgm.fr";"2";;
"106735";"AQIAA0021377";;;"souterrain refuge";"ouvrage civil";"ouvrage civil";"Souterrain refuge de Malengin";"abandon";"public";;;"orifice visible";"approché";"approche";"carte au 1/25000";"50";"2009-11-20";"M.BORDONNE";"2009-11-20";"5";"409226.000000";"1992543.000000";;"409226";"1992543";"33290";;;"gironde@brgm.fr";"2009-12-09";"gironde@brgm.fr";"2009-01-01";"2011-08-22";"S.BesdeBerc@brgm.fr";"sbdbAdministrateur@brgm.fr";"2";;
"104343";"AQIAA0021378";;;"souterrain refuge";"ouvrage civil";"ouvrage civil";"Souterrain de l'Eglise de Parsac";"abandon";"public";;;"orifice visible";"approché";"approche";"carte au 1/25000";"50";"2009-11-20";"M.BORDONNE";"2009-11-20";"5";"407707.000000";"1992567.000000";;"407707";"1992567";"33290";;;"gironde@brgm.fr";"2009-12-09";"gironde@brgm.fr";"2009-01-01";"2011-08-22";"S.BesdeBerc@brgm.fr";"sbdbAdministrateur@brgm.fr";"2";;
"107527";"AQIAA0021379";;;"souterrain refuge";"ouvrage civil";"ouvrage civil";"Souterrain de la Roque";"abandon";"public";;;"orifice visible";"approché";"approche";"carte au 1/25000";"50";"2009-11-20";"M.BORDONNE";"2009-11-20";"5";"398548.000000";"1963921.000000";;"398548";"1963921";"33299";;;"gironde@brgm.fr";"2009-12-09";"gironde@brgm.fr";"2009-01-01";"2011-08-22";"S.BesdeBerc@brgm.fr";"sbdbAdministrateur@brgm.fr";"2";;
"107922";"AQIAA0021380";;;"orifice naturel";"naturelle";"naturelle";"Grotte_Coutrasse";"abandon";"public";;;"orifice visible";"approché";"approche";"carte au 1/25000";"25";"2010-12-14";"M.BORDONNE";"2010-12-14";"5";"419932.480000";"1974049.400000";"60";"419932";"1974049";"33316";;;"gironde@brgm.fr";"2009-12-09";"gironde@brgm.fr";"2009-01-01";"2011-08-22";"S.BesdeBerc@brgm.fr";"sbdbAdministrateur@brgm.fr";"2";;
"104326";"AQIAA0021381";;;"souterrain refuge";"ouvrage civil";"ouvrage civil";"Souterrain de Montbreton";"abandon";"public";;;"orifice visible";"approché";"approche";"carte au 1/25000";"50";"2009-11-20";"M.BORDONNE";"2009-11-20";"5";"421820.000000";"1982399.000000";;"421820";"1982399";"33319";;;"gironde@brgm.fr";"2009-12-09";"gironde@brgm.fr";"2009-01-01";"2011-08-22";"S.BesdeBerc@brgm.fr";"sbdbAdministrateur@brgm.fr";"2";;
"108169";"AQIAA0021382";;;"orifice naturel";"naturelle";"naturelle";"Grotte de la Croix de Pineuilh";"abandon";"public";;;"orifice visible";"approché";"approche";"carte au 1/25000";"50";"2009-11-20";"M.BORDONNE";"2009-11-20";"5";"434025.000000";"1982541.000000";;"434025";"1982541";"33324";;;"gironde@brgm.fr";"2009-12-09";"gironde@brgm.fr";"2009-01-01";"2011-08-22";"S.BesdeBerc@brgm.fr";"sbdbAdministrateur@brgm.fr";"2";;
"107457";"AQIAA0021383";;;"souterrain refuge";"ouvrage civil";"ouvrage civil";"Souterrain du château de Portets";"abandon";"public";;;"centre cavité";"approché";"approche";"carte au 1/25000";"50";"2009-11-20";"M.BORDONNE";"2009-11-20";"5";"380906.000000";"1970313.000000";;"380906";"1970313";"33334";;;"gironde@brgm.fr";"2009-12-09";"gironde@brgm.fr";"2009-01-01";"2011-08-22";"S.BesdeBerc@brgm.fr";"sbdbAdministrateur@brgm.fr";"2";;
"107544";"AQIAA0021384";;;"souterrain refuge";"ouvrage civil";"ouvrage civil";"Souterrain refuge de Boissac";"abandon";"public";;;"orifice visible";"approché";"approche";"carte au 1/25000";"50";"2009-11-20";"M.BORDONNE";"2009-11-20";"5";"409548.000000";"1995990.000000";;"409548";"1995990";"33342";;;"gironde@brgm.fr";"2009-12-09";"gironde@brgm.fr";"2009-01-01";"2011-08-22";"S.BesdeBerc@brgm.fr";"sbdbAdministrateur@brgm.fr";"2";;
"107600";"AQIAA0021385";;;"souterrain refuge";"ouvrage civil";"ouvrage civil";"Confidentiel";"abandon";"confidentiel";"site archéologique";"DRAC";"orifice visible";"approché";"approche";"carte au 1/25000";"";"2010-12-21";"M.BORDONNE";"2010-12-21";"";"";"";"";"";"";"33342";;;"gironde@brgm.fr";"2009-12-09";"gironde@brgm.fr";"2009-01-01";"2011-08-22";"S.BesdeBerc@brgm.fr";"sbdbAdministrateur@brgm.fr";"2";;
"104427";"AQIAA0021386";;;"orifice naturel";"naturelle";"naturelle";"Grotte_Carcaillet";"abandon";"public";;;"orifice visible";"approché";"approche";"carte au 1/25000";"25";"2010-12-21";"M.BORDONNE";"2010-12-21";"5";"412209.980000";"1980565.300000";"70";"412210";"1980565";"33344";;;"gironde@brgm.fr";"2009-12-09";"gironde@brgm.fr";"2009-01-01";"2011-08-22";"S.BesdeBerc@brgm.fr";"sbdbAdministrateur@brgm.fr";"2";;
"107328";"AQIAA0021389";;;"souterrain refuge";"ouvrage civil";"ouvrage civil";"Souterrain de Lafuge";"abandon";"public";;;"orifice visible";"approché";"approche";"carte au 1/25000";"50";"2009-11-20";"M.BORDONNE";"2009-11-20";"5";"412088.000000";"1980575.000000";;"412088";"1980575";"33344";;;"gironde@brgm.fr";"2009-12-09";"gironde@brgm.fr";"2009-01-01";"2011-08-22";"S.BesdeBerc@brgm.fr";"sbdbAdministrateur@brgm.fr";"2";;
"2760";"AQIAA0021390";;;"orifice naturel";"naturelle";"naturelle";"Grotte_Celestine";"abandon";"public";;;"orifice visible";"approché";"approche";"carte au 1/25000";"25";"2010-12-21";"M.BORDONNE";"2011-07-29";"5";"405047.000000";"1978155.000000";"67";"405047";"1978155";"33350";;;"gironde@brgm.fr";"2009-12-09";"gironde@brgm.fr";"2009-01-01";"2011-08-22";"S.BesdeBerc@brgm.fr";"sbdbAdministrateur@brgm.fr";"2";;
"107560";"AQIAA0021391";;;"orifice naturel";"naturelle";"naturelle";"Grotte_Bouron";"abandon";"public";;;"orifice visible";"approché";"approche";"carte au 1/25000";"25";"2010-12-21";"M.BORDONNE";"2010-12-21";"5";"415234.560000";"1965682.600000";"70";"415235";"1965683";"33353";;;"gironde@brgm.fr";"2009-12-09";"gironde@brgm.fr";"2009-01-01";"2011-08-22";"S.BesdeBerc@brgm.fr";"sbdbAdministrateur@brgm.fr";"2";;
"106936";"AQIAA0021392";;;"orifice naturel";"naturelle";"naturelle";"Grotte_Jeandille";"abandon";"public";;;"orifice visible";"approché";"approche";"carte au 1/25000";"25";"2011-01-06";"M.BORDONNE";"2011-01-06";"5";"411534.650000";"1976945.300000";"65";"411535";"1976945";"33361";;;"gironde@brgm.fr";"2009-12-09";"gironde@brgm.fr";"2009-01-01";"2011-08-22";"S.BesdeBerc@brgm.fr";"sbdbAdministrateur@brgm.fr";"2";;
"106720";"AQIAA0021393";;;"orifice naturel";"naturelle";"naturelle";"Grotte_Pegnault";"abandon";"public";;;"orifice visible";"approché";"approche";"carte au 1/25000";"25";"2011-01-06";"M.BORDONNE";"2011-01-06";"5";"412217.840000";"1978267.100000";"93";"412218";"1978267";"33361";;;"gironde@brgm.fr";"2009-12-09";"gironde@brgm.fr";"2009-01-01";"2011-08-22";"S.BesdeBerc@brgm.fr";"sbdbAdministrateur@brgm.fr";"2";;
"107641";"AQIAA0021394";;;"orifice naturel";"naturelle";"naturelle";"Grotte_Ramonat";"abandon";"public";;;"orifice visible";"approché";"approche";"carte au 1/25000";"25";"2011-01-06";"M.BORDONNE";"2011-01-06";"5";"413704.930000";"1978482.200000";"70";"413705";"1978482";"33361";;;"gironde@brgm.fr";"2009-12-09";"gironde@brgm.fr";"2009-01-01";"2011-08-22";"S.BesdeBerc@brgm.fr";"sbdbAdministrateur@brgm.fr";"2";;
"107776";"AQIAA0021396";;;"orifice naturel";"naturelle";"naturelle";"Grotte_Catalogne";"abandon";"public";;;"orifice visible";"approché";"approche";"carte au 1/25000";"25";"2011-01-06";"M.BORDONNE";"2011-01-06";"5";"406715.210000";"1962873.000000";"27";"406715";"1962873";"33398";;;"gironde@brgm.fr";"2009-12-09";"gironde@brgm.fr";"2009-01-01";"2011-08-22";"S.BesdeBerc@brgm.fr";"sbdbAdministrateur@brgm.fr";"2";;
"2878";"AQIAA0021397";;;"orifice naturel";"naturelle";"naturelle";"Grotte_Chapoulie_emergence";"abandon";"public";;;"orifice visible";"approché";"approche";"carte au 1/25000";"25";"2011-01-06";"M.BORDONNE";"2011-01-06";"5";"406517.700000";"1961890.100000";"30";"406518";"1961890";"33398";;;"gironde@brgm.fr";"2009-12-09";"gironde@brgm.fr";"2009-01-01";"2011-08-22";"S.BesdeBerc@brgm.fr";"sbdbAdministrateur@brgm.fr";"2";;
"106717";"AQIAA0021398";;;"orifice naturel";"naturelle";"naturelle";"Grotte_Planau_entree_superieure";"abandon";"public";;;"orifice visible";"approché";"approche";"carte au 1/25000";"25";"2011-01-06";"M.BORDONNE";"2011-01-06";"5";"406893.300000";"1964281.100000";"45";"406893";"1964281";"33399";;;"gironde@brgm.fr";"2009-12-09";"gironde@brgm.fr";"2009-01-01";"2011-08-22";"S.BesdeBerc@brgm.fr";"sbdbAdministrateur@brgm.fr";"2";;
"104852";"AQIAA0021399";;;"orifice naturel";"naturelle";"naturelle";"Grotte_Planau_emergence";"abandon";"public";;;"orifice visible";"approché";"approche";"carte au 1/25000";"25";"2011-01-06";"M.BORDONNE";"2011-01-06";"5";"406758.560000";"1964525.500000";"27";"406759";"1964526";"33399";;;"gironde@brgm.fr";"2009-12-09";"gironde@brgm.fr";"2009-01-01";"2011-08-22";"S.BesdeBerc@brgm.fr";"sbdbAdministrateur@brgm.fr";"2";;
"107415";"AQIAA0021400";;;"orifice naturel";"naturelle";"naturelle";"Grotte_Chateau";"abandon";"public";;;"orifice visible";"approché";"approche";"carte au 1/25000";"25";"2011-01-06";"M.BORDONNE";"2011-01-06";"5";"406632.490000";"1964538.700000";"30";"406632";"1964539";"33399";;;"gironde@brgm.fr";"2009-12-09";"gironde@brgm.fr";"2009-01-01";"2011-08-22";"S.BesdeBerc@brgm.fr";"sbdbAdministrateur@brgm.fr";"2";;
"105592";"AQIAA0021401";;;"orifice naturel";"naturelle";"naturelle";"Grotte_Bois_Anguille_emergence_Billaud";"abandon";"public";;;"orifice visible";"approché";"approche";"carte au 1/25000";"25";"2011-01-06";"M.BORDONNE";"2011-01-06";"5";"406893.300000";"1964281.100000";"45";"406893";"1964281";"33399";;;"gironde@brgm.fr";"2009-12-09";"gironde@brgm.fr";"2009-01-01";"2011-08-22";"S.BesdeBerc@brgm.fr";"sbdbAdministrateur@brgm.fr";"2";;
"104511";"AQIAA0021402";;;"orifice naturel";"naturelle";"naturelle";"Grotte_Billeaux";"abandon";"public";;;"orifice visible";"approché";"approche";"carte au 1/25000";"25";"2011-01-06";"M.BORDONNE";"2011-01-06";"5";"406034.680000";"1963524.900000";"30";"406035";"1963525";"33399";;;"gironde@brgm.fr";"2009-12-09";"gironde@brgm.fr";"2009-01-01";"2011-08-22";"S.BesdeBerc@brgm.fr";"sbdbAdministrateur@brgm.fr";"2";;
"2677";"AQIAA0021403";;;"orifice naturel";"naturelle";"naturelle";"Grotte_Doulens";"abandon";"public";;;"orifice visible";"approché";"approche";"carte au 1/25000";"25";"2011-01-06";"M.BORDONNE";"2011-01-06";"5";"417614.020000";"1969423.700000";"70";"417614";"1969424";"33400";;;"gironde@brgm.fr";"2009-12-09";"gironde@brgm.fr";"2009-01-01";"2011-08-22";"S.BesdeBerc@brgm.fr";"sbdbAdministrateur@brgm.fr";"2";;
"106988";"AQIAA0021404";;;"ouvrage linéaire";"ouvrage civil";"ouvrage civil";"Conduit souterrain du château de Flojague";"abandon";"public";;;"centre cavité";"approché";"approche";"carte au 1/25000";"50";"2009-11-20";"M.BORDONNE";"2009-11-20";"5";"411966.000000";"1991715.000000";;"411966";"1991715";"33406";;;"gironde@brgm.fr";"2009-12-09";"gironde@brgm.fr";"2009-01-01";"2011-08-22";"S.BesdeBerc@brgm.fr";"sbdbAdministrateur@brgm.fr";"2";;
"107337";"AQIAA0021405";;;"orifice naturel";"naturelle";"naturelle";"Reseau_Mouqueterie_amont";"abandon";"public";;;"orifice visible";"approché";"approche";"carte au 1/25000";"25";"2006-08-11";"M.BORDONNE";"2013-01-21";"7";"448451.000000";"6404936.000000";"70";"400779";"1969538";"33409";"Le réseau  de la Mouqueterie  serait affecté de nombreuses dolines, résultat d'effondrements karstiques.  Un effondrement se serait produit sur la parcelle WC67 en 1975. Une doline (forme elliptique de 10 m par  5 m) aurait été identifiée sur la parcelle WC68.  Des reconnaissances du BC33 auraient permis de recenser une vingtaine d'effondrements anciens imputables au réseau karstique. ";;"gironde@brgm.fr";"2009-12-09";"gironde@brgm.fr";"2009-01-01";"2013-08-07";"S.BesdeBerc@brgm.fr";"e.vanoudheusden@brgm.fr";"2";;
"108038";"AQIAA0021408";;;"orifice naturel";"naturelle";"naturelle";"Grotte_Perey";"abandon";"public";;;"orifice visible";"approché";"approche";"carte au 1/25000";"25";"2011-01-07";"M.BORDONNE";"2011-01-07";"5";"403532.490000";"1961734.200000";"60";"403532";"1961734";"33428";;;"gironde@brgm.fr";"2009-12-09";"gironde@brgm.fr";"2009-01-01";"2011-08-22";"S.BesdeBerc@brgm.fr";"sbdbAdministrateur@brgm.fr";"2";;
"118676";"AQIAA0021409";;;"orifice naturel";"naturelle";"naturelle";"Grotte_Berry";"abandon";"public";;;"orifice visible";"approché";"approche";"carte au 1/25000";"25";"2011-01-07";"M.BORDONNE";"2011-01-07";"5";"405395.380000";"1962192.900000";"43";"405395";"1962193";"33428";;;"gironde@brgm.fr";"2009-12-09";"gironde@brgm.fr";"2009-01-01";"2011-08-22";"S.BesdeBerc@brgm.fr";"sbdbAdministrateur@brgm.fr";"2";;
"107137";"AQIAA0021410";;;"orifice naturel";"naturelle";"naturelle";"Reseau_Tennis_entree_superieure";"abandon";"public";;;"orifice visible";"approché";"approche";"carte au 1/25000";"25";"2011-01-07";"M.BORDONNE";"2011-01-07";"5";"411660.490000";"1963637.100000";"45";"411660";"1963637";"33443";;;"gironde@brgm.fr";"2009-12-09";"gironde@brgm.fr";"2009-01-01";"2011-08-22";"S.BesdeBerc@brgm.fr";"sbdbAdministrateur@brgm.fr";"2";;
"104700";"AQIAA0021411";;;"orifice naturel";"naturelle";"naturelle";"Confidentiel";"abandon";"confidentiel";"espèces protégées";"DREAL";"orifice visible";"approché";"approche";"carte au 1/25000";"";"2011-01-07";"M.BORDONNE";"2011-01-07";"";"";"";"";"";"";"33446";;;"gironde@brgm.fr";"2009-12-09";"gironde@brgm.fr";"2009-01-01";"2011-08-22";"S.BesdeBerc@brgm.fr";"sbdbAdministrateur@brgm.fr";"2";;
"104533";"AQIAA0021412";;;"ouvrage linéaire";"ouvrage civil";"ouvrage civil";"Souterrain de l'ancien château de Castelnau";"abandon";"public";;;"extrémité";"précis";"precis";"autre";"5";"2009-11-20";"M.BORDONNE";"2009-11-20";"5";"403177.000000";"1924075.000000";;"403177";"1924075";"33450";;;"gironde@brgm.fr";"2009-12-09";"gironde@brgm.fr";"2009-01-01";"2011-08-22";"S.BesdeBerc@brgm.fr";"sbdbAdministrateur@brgm.fr";"2";;
"107402";"AQIAA0021413";;;"souterrain refuge";"ouvrage civil";"ouvrage civil";"Souterrain refuge de Bérie";"abandon";"public";;;"orifice visible";"approché";"approche";"carte au 1/25000";"50";"2009-11-20";"M.BORDONNE";"2009-11-20";"5";"410622.000000";"1980795.000000";;"410622";"1980795";"33460";;;"gironde@brgm.fr";"2009-12-09";"gironde@brgm.fr";"2009-01-01";"2011-08-22";"S.BesdeBerc@brgm.fr";"sbdbAdministrateur@brgm.fr";"2";;
"104337";"AQIAA0021415";;;"ouvrage linéaire";"ouvrage civil";"ouvrage civil";"Caches";"abandon";"public";;;"extrémité";"approché";"approche";"carte au 1/25000";"50";"2009-11-20";"M.BORDONNE";"2009-11-20";"5";"434548.000000";"1982447.000000";;"434548";"1982447";"33462";;;"gironde@brgm.fr";"2009-12-09";"gironde@brgm.fr";"2009-01-01";"2011-08-22";"S.BesdeBerc@brgm.fr";"sbdbAdministrateur@brgm.fr";"2";;
"107509";"AQIAA0021416";;;"orifice naturel";"naturelle";"naturelle";"Grotte_Clotemoron_emergence";"abandon";"public";;;"orifice visible";"approché";"approche";"carte au 1/25000";"25";"2011-01-10";"M.BORDONNE";"2011-01-10";"5";"393122.510000";"1982297.700000";"43";"393123";"1982298";"33466";;;"gironde@brgm.fr";"2009-12-09";"gironde@brgm.fr";"2009-01-01";"2011-08-22";"S.BesdeBerc@brgm.fr";"sbdbAdministrateur@brgm.fr";"2";;
"104281";"AQIAA0021417";;;"orifice naturel";"naturelle";"naturelle";"Grotte_Chanteranne_emergence";"abandon";"public";;;"orifice visible";"approché";"approche";"carte au 1/25000";"25";"2011-01-07";"M.BORDONNE";"2011-01-07";"5";"407284.590000";"1966450.000000";"45";"407285";"1966450";"33482";;;"gironde@brgm.fr";"2009-12-09";"gironde@brgm.fr";"2009-01-01";"2011-08-22";"S.BesdeBerc@brgm.fr";"sbdbAdministrateur@brgm.fr";"2";;
"116064";"AQIAA0021418";;;"ouvrage surfacique";"ouvrage civil";"ouvrage civil";"Habitat troglodytique de Sainte Florence";"abandon";"public";;;"orifice visible";"approché";"approche";"carte au 1/25000";"50";"2009-11-20";"M.BORDONNE";"2009-11-20";"5";"408039.000000";"1981421.000000";;"408039";"1981421";"33401";;;"gironde@brgm.fr";"2009-12-09";"gironde@brgm.fr";"2009-01-01";"2011-08-22";"S.BesdeBerc@brgm.fr";"sbdbAdministrateur@brgm.fr";"2";;
"104939";"AQIAA0021419";;;"orifice naturel";"naturelle";"naturelle";"Grotte_Capet";"abandon";"public";;;"orifice visible";"approché";"approche";"carte au 1/25000";"25";"2011-01-06";"M.BORDONNE";"2011-01-06";"5";"416990.470000";"1981305.300000";"85";"416990";"1981305";"33468";;;"gironde@brgm.fr";"2009-12-09";"gironde@brgm.fr";"2009-01-01";"2011-08-22";"S.BesdeBerc@brgm.fr";"sbdbAdministrateur@brgm.fr";"2";;
"108114";"AQIAA0021420";;;"orifice naturel";"naturelle";"naturelle";"Grotte_Maumey";"abandon";"public";;;"orifice visible";"approché";"approche";"carte au 1/25000";"25";"2011-01-06";"M.BORDONNE";"2011-01-06";"5";"416502.340000";"1982144.300000";"80";"416502";"1982144";"33468";;;"gironde@brgm.fr";"2009-12-09";"gironde@brgm.fr";"2009-01-01";"2011-08-22";"S.BesdeBerc@brgm.fr";"sbdbAdministrateur@brgm.fr";"2";;
"104604";"AQIAA0021421";;;"souterrain refuge";"ouvrage civil";"ouvrage civil";"Souterrain du château de Rouquey";"abandon";"public";;;"centre cavité";"approché";"approche";"carte au 1/25000";"50";"2009-11-20";"M.BORDONNE";"2009-11-20";"5";"381626.000000";"1972648.000000";;"381626";"1972648";"33518";;;"gironde@brgm.fr";"2009-12-09";"gironde@brgm.fr";"2009-01-01";"2011-08-22";"S.BesdeBerc@brgm.fr";"sbdbAdministrateur@brgm.fr";"2";;
"104461";"AQIAA0021422";;;"orifice naturel";"naturelle";"naturelle";"Réseau du bois de Bruffaneau";"abandon";"public";;;"orifice visible";"approché";"approche";"autre";"50";"2009-11-20";"M.BORDONNE";"2009-11-20";"5";"393471.000000";"1971635.000000";;"393471";"1971635";"33523";;;"gironde@brgm.fr";"2009-12-09";"gironde@brgm.fr";"2009-01-01";"2011-08-22";"S.BesdeBerc@brgm.fr";"sbdbAdministrateur@brgm.fr";"2";;
"109978";"AQIAA0021423";;;"orifice naturel";"naturelle";"naturelle";"Cavité";"abandon";"public";;;"orifice visible";"approché";"approche";"autre";"50";"2009-11-20";"M.BORDONNE";"2009-11-20";"5";"386628.000000";"1938003.000000";;"386628";"1938003";"33537";;;"gironde@brgm.fr";"2009-12-09";"gironde@brgm.fr";"2009-01-01";"2011-08-22";"S.BesdeBerc@brgm.fr";"sbdbAdministrateur@brgm.fr";"2";;
"106760";"AQIAA0021424";;;"orifice naturel";"naturelle";"naturelle";"Ruisseau_Villenave_1_emergence";"abandon";"public";;;"orifice visible";"approché";"approche";"carte au 1/25000";"25";"2011-01-10";"M.BORDONNE";"2011-01-10";"5";"387490.360000";"1968575.500000";"35";"387490";"1968576";"33549";;;"gironde@brgm.fr";"2009-12-09";"gironde@brgm.fr";"2009-01-01";"2011-08-22";"S.BesdeBerc@brgm.fr";"sbdbAdministrateur@brgm.fr";"2";;
"107422";"AQIAA0021425";;;"orifice naturel";"naturelle";"naturelle";"Confidentiel";"abandon";"confidentiel";"site archéologique";"DRAC";"orifice visible";"approché";"approche";"carte au 1/25000";"";"2011-01-10";"M.BORDONNE";"2011-01-10";"";"";"";"";"";"";"33466";;;"gironde@brgm.fr";"2009-12-09";"gironde@brgm.fr";"2009-01-01";"2011-08-22";"S.BesdeBerc@brgm.fr";"sbdbAdministrateur@brgm.fr";"2";;
"106770";"AQIAA0021428";;;"ouvrage surfacique";"ouvrage civil";"ouvrage civil";"Confidentiel";"abandon";"confidentiel";;"BRGM";"centre cavité";"approché";"approche";"autre";"";"2009-11-23";"M.BORDONNE";"2009-11-23";"";"";"";"";"";"";"33339";;;"gironde@brgm.fr";"2009-12-09";"gironde@brgm.fr";"2009-01-01";"2011-08-22";"S.BesdeBerc@brgm.fr";"sbdbAdministrateur@brgm.fr";"2";;
"107358";"AQIAA0021429";;;"orifice naturel";"naturelle";"naturelle";"Source";"abandon";"public";;;"orifice visible";"approché";"approche";"carte au 1/25000";"50";"2009-11-23";"M.BORDONNE";"2009-11-23";"5";"362665.000000";"1993973.000000";;"362665";"1993973";"33519";;;"gironde@brgm.fr";"2009-12-09";"gironde@brgm.fr";"2009-01-01";"2011-08-22";"S.BesdeBerc@brgm.fr";"sbdbAdministrateur@brgm.fr";"2";;
"108045";"AQIAA0021430";;;"aqueduc";"ouvrage civil";"ouvrage civil";"Aqueduc antique (branche de VAYRE)";"abandon";"public";;;"centre cavité";"approché";"approche";"carte au 1/25000";"50";"2009-11-23";"M.BORDONNE";"2009-11-23";"5";"369562.000000";"1980706.000000";;"369562";"1980706";"33550";;;"gironde@brgm.fr";"2009-12-09";"gironde@brgm.fr";"2009-01-01";"2011-08-22";"S.BesdeBerc@brgm.fr";"sbdbAdministrateur@brgm.fr";"2";;
"104884";"AQIAA0021431";;;"aqueduc";"ouvrage civil";"ouvrage civil";"Aqueduc antique (branche de BRUCAT)";"abandon";"public";;;"centre cavité";"approché";"approche";"carte au 1/25000";"50";"2009-11-23";"M.BORDONNE";"2009-11-23";"5";"369340.000000";"1978889.000000";;"369340";"1978889";"33550";;;"gironde@brgm.fr";"2009-12-09";"gironde@brgm.fr";"2009-01-01";"2011-08-22";"S.BesdeBerc@brgm.fr";"sbdbAdministrateur@brgm.fr";"2";;
"106764";"AQIAA0021432";;;"orifice naturel";"naturelle";"naturelle";"Grotte_Bournac";"abandon";"public";;;"orifice visible";"approché";"approche";"carte au 1/25000";"25";"2011-01-06";"M.BORDONNE";"2011-01-06";"5";"407334.960000";"1971692.100000";"65";"407335";"1971692";"33506";;;"gironde@brgm.fr";"2009-12-09";"gironde@brgm.fr";"2009-01-01";"2011-08-22";"S.BesdeBerc@brgm.fr";"sbdbAdministrateur@brgm.fr";"2";;
"121115";"AQIAW0011435";;;"orifice naturel";"naturelle";"naturelle";"Grotte_de_Barelle_émergence";"abandon";"public";;;"orifice visible";"approché";"approche";"carte au 1/25000";"25";"2010-11-15";;"2010-11-16";"5";"412372.000000";"1946171.000000";"50";"412372";"1946171";"33002";;;"gironde@brgm.fr";"2010-11-15";"gironde@brgm.fr";;"2011-08-22";;"sbdbAdministrateur@brgm.fr";"2";;
"121367";"AQIAW0011536";;;"orifice naturel";"naturelle";"naturelle";"Grotte_de_Barelle_entrée_supérieure";"abandon";"public";;;"orifice visible";"approché";"approche";"carte au 1/25000";"25";"2010-11-16";;"2010-11-16";"5";"412542.550000";"1946348.600000";"48";"412543";"1946349";"33002";;;"gironde@brgm.fr";"2010-11-16";"gironde@brgm.fr";;"2011-08-22";;"sbdbAdministrateur@brgm.fr";"2";;
"121643";"AQIAW0011541";;;"orifice naturel";"naturelle";"naturelle";"Grotte_du_Bois_de_Benauge_aval";"abandon";"public";;;"orifice visible";"approché";"approche";"carte au 1/25000";"25";"2010-11-16";;"2010-11-16";"5";"392958.530000";"1966439.800000";"55";"392959";"1966440";"33008";;;"gironde@brgm.fr";"2010-11-16";"gironde@brgm.fr";;"2011-08-22";;"sbdbAdministrateur@brgm.fr";"2";;
"121370";"AQIAW0011544";;;"orifice naturel";"naturelle";"naturelle";"Grotte_du_Bois_de_Benauge_annexe";"abandon";"public";;;"orifice visible";"approché";"approche";"carte au 1/25000";"25";"2010-11-16";;"2010-11-16";"5";"393001.300000";"1966265.600000";"59";"393001";"1966266";"33008";;;"gironde@brgm.fr";"2010-11-16";"gironde@brgm.fr";;"2011-08-22";;"sbdbAdministrateur@brgm.fr";"2";;
"121634";"AQIAW0011545";;;"orifice naturel";"naturelle";"naturelle";"Grotte_des_Drindineyres";"abandon";"public";;;"orifice visible";"approché";"approche";"carte au 1/25000";"25";"2010-11-16";;"2010-11-16";"5";"394402.550000";"1966509.600000";"50";"394403";"1966510";"33008";;;"gironde@brgm.fr";"2010-11-16";"gironde@brgm.fr";;"2011-08-22";;"sbdbAdministrateur@brgm.fr";"2";;
"3952";"AQIAW0011547";;;"orifice naturel";"naturelle";"naturelle";"Grotte_des_Gourdins";"abandon";"public";;;"orifice visible";"approché";"approche";"carte au 1/25000";"25";"2010-11-16";;"2010-11-16";"5";"418160.410000";"1974004.700000";"60";"418160";"1974005";"33020";;;"gironde@brgm.fr";"2010-11-16";"gironde@brgm.fr";;"2011-08-22";;"sbdbAdministrateur@brgm.fr";"2";;
"121373";"AQIAW0011549";;;"orifice naturel";"naturelle";"naturelle";"Grotte_du_Moulin_du_Ciron";"abandon";"public";;;"orifice visible";"approché";"approche";"carte au 1/25000";"25";"2010-11-16";;"2010-11-16";"5";"418207.640000";"1973397.300000";"65";"418208";"1973397";"33020";;;"gironde@brgm.fr";"2010-11-16";"gironde@brgm.fr";;"2011-08-22";;"sbdbAdministrateur@brgm.fr";"2";;
"121645";"AQIAW0011555";;;"orifice naturel";"naturelle";"naturelle";"Grotte_de_la_Segayre_emergence";"abandon";"public";;;"orifice visible";"approché";"approche";"carte au 1/25000";"25";"2010-11-16";;"2010-11-16";"5";"399842.570000";"1972406.200000";"41";"399843";"1972406";"33025";;;"gironde@brgm.fr";"2010-11-16";"gironde@brgm.fr";;"2011-08-22";;"sbdbAdministrateur@brgm.fr";"2";;
"121646";"AQIAW0011556";;;"orifice naturel";"naturelle";"naturelle";"Grotte_de_la_Segayre_nouvelle_entree";"abandon";"public";;;"orifice visible";"approché";"approche";"carte au 1/25000";"25";"2010-11-16";;"2010-11-16";"5";"399821.550000";"1973093.600000";"62";"399822";"1973094";"33025";;;"gironde@brgm.fr";"2010-11-16";"gironde@brgm.fr";;"2011-08-22";;"sbdbAdministrateur@brgm.fr";"2";;
"4018";"AQIAW0011557";;;"orifice naturel";"naturelle";"naturelle";"Grotte_du_Tumulus";"abandon";"public";;;"orifice visible";"approché";"approche";"carte au 1/25000";"25";"2010-11-16";;"2010-11-16";"5";"400097.830000";"1971110.100000";"65";"400098";"1971110";"33025";;;"gironde@brgm.fr";"2010-11-16";"gironde@brgm.fr";;"2011-08-22";;"sbdbAdministrateur@brgm.fr";"2";;
"119629";"AQIAW0011558";;;"orifice naturel";"naturelle";"naturelle";"Trou_des_Moustiques";"abandon";"public";;;"orifice visible";"approché";"approche";"carte au 1/25000";"25";"2010-11-16";;"2010-11-16";"5";"400502.410000";"1971344.600000";"62";"400502";"1971345";"33025";;;"gironde@brgm.fr";"2010-11-16";"gironde@brgm.fr";;"2011-08-22";;"sbdbAdministrateur@brgm.fr";"2";;
"4019";"AQIAW0011559";;;"orifice naturel";"naturelle";"naturelle";"Grotte_des_Clusets_entree_ouest";"abandon";"public";;;"orifice visible";"centroide de commune";"centroide de commune";"carte au 1/25000";"0";"2010-11-16";;"2010-11-16";"5";"407834.100000";"1975323.000000";;"407834";"1975323";"33057";;;"gironde@brgm.fr";"2010-11-16";"gironde@brgm.fr";;"2011-08-22";;"sbdbAdministrateur@brgm.fr";"2";;
"4020";"AQIAW0011560";;;"orifice naturel";"naturelle";"naturelle";"Grotte_de_la_Gamage";"abandon";"public";;;"orifice visible";"approché";"approche";"carte au 1/25000";"25";"2010-11-16";;"2010-11-16";"5";"406800.460000";"1974400.400000";"72";"406800";"1974400";"33057";;;"gironde@brgm.fr";"2010-11-16";"gironde@brgm.fr";;"2011-08-22";;"sbdbAdministrateur@brgm.fr";"2";;
"4021";"AQIAW0011561";;;"orifice naturel";"naturelle";"naturelle";"Grotte_de_la_Mouleyre_1";"abandon";"public";;;"orifice visible";"approché";"approche";"carte au 1/25000";"25";"2010-11-16";;"2010-11-16";"5";"411130.240000";"1973900.100000";"70";"411130";"1973900";"33057";;;"gironde@brgm.fr";"2010-11-16";"gironde@brgm.fr";;"2011-08-22";;"sbdbAdministrateur@brgm.fr";"2";;
"4022";"AQIAW0011562";;;"orifice naturel";"naturelle";"naturelle";"Grotte_de_la_Mouleyre_2";"abandon";"public";;;"orifice visible";"approché";"approche";"carte au 1/25000";"25";"2010-11-16";;"2010-11-16";"5";"411174.560000";"1974112.200000";"70";"411175";"1974112";"33057";;;"gironde@brgm.fr";"2010-11-16";"gironde@brgm.fr";;"2011-08-22";;"sbdbAdministrateur@brgm.fr";"2";;
"4023";"AQIAW0011563";;;"orifice naturel";"naturelle";"naturelle";"Grotte_de_la_Tuile";"abandon";"public";;;"orifice visible";"approché";"approche";"carte au 1/25000";"25";"2010-11-16";;"2010-11-16";"5";"407205.170000";"1976167.800000";"50";"407205";"1976168";"33057";;;"gironde@brgm.fr";"2010-11-16";"gironde@brgm.fr";;"2011-08-22";;"sbdbAdministrateur@brgm.fr";"2";;
"121636";"AQIAW0011703";;;"orifice naturel";"naturelle";"naturelle";"Grotte_de_Lionet_emergence";"abandon";"public";;;"orifice visible";"approché";"approche";"carte au 1/25000";"25";"2010-11-22";;"2010-11-22";"5";"406900.880000";"1971815.800000";"55";"406901";"1971816";"33057";;;"gironde@brgm.fr";"2010-11-22";"gironde@brgm.fr";;"2011-08-22";;"sbdbAdministrateur@brgm.fr";"2";;
"121411";"AQIAW0011704";;;"orifice naturel";"naturelle";"naturelle";"Grotte_de_Lionet_entree_superieure";"abandon";"public";;;"orifice visible";"approché";"approche";"carte au 1/25000";"25";"2010-11-22";;"2010-11-22";"5";"406230.070000";"1975775.000000";"70";"406230";"1975775";"33057";;;"gironde@brgm.fr";"2010-11-22";"gironde@brgm.fr";;"2011-08-22";;"sbdbAdministrateur@brgm.fr";"2";;
"121412";"AQIAW0011705";;;"orifice naturel";"naturelle";"naturelle";"Grotte_de_Poussebourre_1";"abandon";"public";;;"orifice visible";"approché";"approche";"carte au 1/25000";"25";"2010-11-22";;"2010-11-22";"5";"408793.690000";"1975903.500000";"50";"408794";"1975904";"33057";;;"gironde@brgm.fr";"2010-11-22";"gironde@brgm.fr";;"2011-08-22";;"sbdbAdministrateur@brgm.fr";"2";;
"121637";"AQIAW0011706";;;"orifice naturel";"naturelle";"naturelle";"Grotte_de_Poussebourre_2";"abandon";"public";;;"orifice visible";"approché";"approche";"carte au 1/25000";"25";"2010-11-22";;"2010-11-22";"5";"408802.440000";"1975722.400000";"45";"408802";"1975722";"33057";;;"gironde@brgm.fr";"2010-11-22";"gironde@brgm.fr";;"2011-08-22";;"sbdbAdministrateur@brgm.fr";"2";;
"121413";"AQIAW0011707";;;"orifice naturel";"naturelle";"naturelle";"Grotte_du_Casque_entree";"abandon";"public";;;"orifice visible";"approché";"approche";"carte au 1/25000";"25";"2010-11-22";;"2010-11-22";"5";"408068.990000";"1975697.400000";"50";"408069";"1975697";"33057";;;"gironde@brgm.fr";"2010-11-22";"gironde@brgm.fr";;"2011-08-22";;"sbdbAdministrateur@brgm.fr";"2";;
"121614";"AQIAW0011709";;;"orifice naturel";"naturelle";"naturelle";"Grotte_du_Grand_Antoine_Aujey";"abandon";"public";;;"orifice visible";"approché";"approche";"carte au 1/25000";"25";"2010-11-22";;"2010-11-22";"5";"402099.820000";"1974442.100000";"70";"402100";"1974442";"33057";;;"gironde@brgm.fr";"2010-11-22";"gironde@brgm.fr";;"2011-08-22";;"sbdbAdministrateur@brgm.fr";"2";;
"121638";"AQIAW0011710";;;"orifice naturel";"naturelle";"naturelle";"Grotte_du_Grand_Antoine_Mingon";"abandon";"public";;;"orifice visible";"approché";"approche";"carte au 1/25000";"25";"2010-11-23";;"2010-11-23";"5";"405447.930000";"1974575.400000";"75";"405448";"1974575";"33057";;;"gironde@brgm.fr";"2010-11-23";"gironde@brgm.fr";;"2011-08-22";;"sbdbAdministrateur@brgm.fr";"2";;
"4011";"AQIAW0011711";;;"orifice naturel";"naturelle";"naturelle";"Riviere_de_Villeseque_sortie_secours";"abandon";"public";;;"orifice visible";"approché";"approche";"carte au 1/25000";"25";"2010-11-23";;"2010-11-23";"5";"406290.280000";"1978027.200000";"60";"406290";"1978027";"33057";;;"gironde@brgm.fr";"2010-11-23";"gironde@brgm.fr";;"2011-08-22";;"sbdbAdministrateur@brgm.fr";"2";;
"154544";"AQIAW0011712";;;"orifice naturel";"naturelle";"naturelle";"Ruisseau_Petite_Grange_emergence";"abandon";"public";;;"orifice visible";"approché";"approche";"carte au 1/25000";"10";"2010-11-23";;"2023-11-20";"7";"456428.480000";"6412487.000000";"52";"408702";"1977162";"33057";"Résurgence principale du cours d'eau souterrain, vue par CDS33 (2023). Cavité de 1,5 m de haut, 4 m de large et 10 m de long. Toit instable. Blocs de roches récents.";"";"gironde@brgm.fr";"2010-11-23";"a.fondin@brgm.fr";;"2011-08-22";;"sbdbAdministrateur@brgm.fr";"2";;
"121655";"AQIAW0011742";;;"orifice naturel";"naturelle";"naturelle";"Trou_Palombiere";"abandon";"public";;;"orifice visible";"approché";"approche";"carte au 1/25000";"25";"2010-11-25";;"2010-11-25";"5";"406515.450000";"1973804.500000";"75";"406515";"1973805";"33057";;;"gironde@brgm.fr";"2010-11-25";"gironde@brgm.fr";;"2011-08-22";;"sbdbAdministrateur@brgm.fr";"2";;
"121414";"AQIAW0011743";;;"orifice naturel";"naturelle";"naturelle";"Trou_Cure_annexe1";"abandon";"public";;;"orifice visible";"approché";"approche";"carte au 1/25000";"25";"2010-11-25";;"2010-11-25";"5";"406470.880000";"1974122.700000";"61";"406471";"1974123";"33057";;;"gironde@brgm.fr";"2010-11-25";"gironde@brgm.fr";;"2011-08-22";;"sbdbAdministrateur@brgm.fr";"2";;
"121144";"AQIAW0011744";;;"orifice naturel";"naturelle";"naturelle";"Trou_Cure_annexe2";"abandon";"public";;;"orifice visible";"approché";"approche";"carte au 1/25000";"25";"2010-11-25";;"2010-11-25";"5";"406586.800000";"1974024.500000";"75";"406587";"1974025";"33057";;;"gironde@brgm.fr";"2010-11-25";"gironde@brgm.fr";;"2011-08-22";;"sbdbAdministrateur@brgm.fr";"2";;
"121145";"AQIAW0011745";;;"orifice naturel";"naturelle";"naturelle";"Trou_Cure_entree_inferieure";"abandon";"public";;;"orifice visible";"approché";"approche";"carte au 1/25000";"25";"2010-11-25";;"2010-11-25";"5";"406529.890000";"1974109.600000";"70";"406530";"1974110";"33057";;;"gironde@brgm.fr";"2010-11-25";"gironde@brgm.fr";;"2011-08-22";;"sbdbAdministrateur@brgm.fr";"2";;
"121656";"AQIAW0011746";;;"orifice naturel";"naturelle";"naturelle";"Trou_Cure_entree_superieure";"abandon";"public";;;"orifice visible";"approché";"approche";"carte au 1/25000";"25";"2010-11-25";;"2010-11-25";"5";"406475.870000";"1974117.700000";"75";"406476";"1974118";"33057";;;"gironde@brgm.fr";"2010-11-25";"gironde@brgm.fr";;"2011-08-22";;"sbdbAdministrateur@brgm.fr";"2";;
"121657";"AQIAW0011747";;;"orifice naturel";"naturelle";"naturelle";"Grotte_Ermitage";"abandon";"public";;;"orifice visible";"centroide de commune";"centroide de commune";"carte au 1/25000";"0";"2010-11-25";;"2010-11-25";"5";"375405.100000";"1983611.000000";;"375405";"1983611";"33065";;;"gironde@brgm.fr";"2010-11-25";"gironde@brgm.fr";;"2011-08-22";;"sbdbAdministrateur@brgm.fr";"2";;
"121658";"AQIAW0011748";;;"orifice naturel";"naturelle";"naturelle";"Grotte_Abbaye";"abandon";"public";;;"orifice visible";"centroide de commune";"centroide de commune";"carte au 1/25000";"0";"2010-11-25";;"2010-11-25";"5";"372713.000000";"2008427.000000";;"372713";"2008427";"33067";;;"gironde@brgm.fr";"2010-11-25";"gironde@brgm.fr";;"2011-08-22";;"sbdbAdministrateur@brgm.fr";"2";;
"121659";"AQIAW0011749";;;"orifice naturel";"naturelle";"naturelle";"Grotte_Chateau_Bouscaut";"abandon";"public";;;"orifice visible";"centroide de commune";"centroide de commune";"carte au 1/25000";"0";"2010-11-25";;"2010-11-25";"5";"372769.600000";"1975884.600000";;"372770";"1975885";"33080";;;"gironde@brgm.fr";"2010-11-25";"gironde@brgm.fr";;"2011-08-22";;"sbdbAdministrateur@brgm.fr";"2";;
"121660";"AQIAW0011750";;;"orifice naturel";"naturelle";"naturelle";"Grotte_Carcanac";"abandon";"public";;;"orifice visible";"approché";"approche";"carte au 1/25000";"25";"2010-11-25";;"2010-11-25";"5";"379150.490000";"1974362.000000";"40";"379150";"1974362";"33084";;;"gironde@brgm.fr";"2010-11-25";"gironde@brgm.fr";;"2011-08-22";;"sbdbAdministrateur@brgm.fr";"2";;
"121661";"AQIAW0011751";;;"orifice naturel";"naturelle";"naturelle";"Grotte_Chabanne";"abandon";"public";;;"orifice visible";"approché";"approche";"carte au 1/25000";"25";"2010-11-25";;"2010-11-25";"5";"379017.170000";"1974836.500000";"35";"379017";"1974837";"33084";;;"gironde@brgm.fr";"2010-11-25";"gironde@brgm.fr";;"2011-08-22";;"sbdbAdministrateur@brgm.fr";"2";;
"121662";"AQIAW0011752";;;"orifice naturel";"naturelle";"naturelle";"Grotte_La_Bastarade";"abandon";"public";;;"orifice visible";"centroide de commune";"centroide de commune";"carte au 1/25000";"0";"2010-11-25";;"2010-11-25";"5";"378094.500000";"1975061.100000";"34";"378095";"1975061";"33084";;;"gironde@brgm.fr";"2010-11-25";"gironde@brgm.fr";;"2011-08-22";;"sbdbAdministrateur@brgm.fr";"2";;
"121663";"AQIAW0011753";;;"orifice naturel";"naturelle";"naturelle";"Grotte_Rambeau";"abandon";"public";;;"orifice visible";"approché";"approche";"carte au 1/25000";"25";"2010-11-25";;"2010-11-25";"5";"391612.470000";"1981469.500000";"64";"391612";"1981470";"33086";;;"gironde@brgm.fr";"2010-11-25";"gironde@brgm.fr";;"2011-08-22";;"sbdbAdministrateur@brgm.fr";"2";;
"121664";"AQIAW0011754";;;"orifice naturel";"naturelle";"naturelle";"Grotte_Belier";"abandon";"public";;;"orifice visible";"approché";"approche";"carte au 1/25000";"25";"2010-11-25";;"2010-11-25";"5";"392047.720000";"1982145.200000";"40";"392048";"1982145";"33086";;;"gironde@brgm.fr";"2010-11-25";"gironde@brgm.fr";;"2011-08-22";;"sbdbAdministrateur@brgm.fr";"2";;
"121665";"AQIAW0011755";;;"orifice naturel";"naturelle";"naturelle";"Grotte_Castelmoron";"abandon";"public";;;"orifice visible";"approché";"approche";"carte au 1/25000";"25";"2010-11-25";;"2010-11-25";"5";"413689.600000";"1967184.600000";"40";"413690";"1967185";"33103";;;"gironde@brgm.fr";"2010-11-25";"gironde@brgm.fr";;"2011-08-22";;"sbdbAdministrateur@brgm.fr";"2";;
"121147";"AQIAW0011757";;;"orifice naturel";"naturelle";"naturelle";"Grotte_Rabiot_01";"abandon";"public";;;"orifice visible";"approché";"approche";"carte au 1/25000";"25";"2010-11-25";;"2010-11-25";"5";"413818.170000";"1968274.100000";"90";"413818";"1968274";"33112";;;"gironde@brgm.fr";"2010-11-25";"gironde@brgm.fr";;"2011-08-22";;"sbdbAdministrateur@brgm.fr";"2";;
"121148";"AQIAW0011758";;;"orifice naturel";"naturelle";"naturelle";"Grotte_Rabiot_02";"abandon";"public";;;"orifice visible";"approché";"approche";"carte au 1/25000";"25";"2010-11-25";;"2010-11-25";"5";"414223.610000";"1968419.600000";"65";"414224";"1968420";"33112";;;"gironde@brgm.fr";"2010-11-25";"gironde@brgm.fr";;"2011-08-22";;"sbdbAdministrateur@brgm.fr";"2";;
"121150";"AQIAW0011760";;;"orifice naturel";"naturelle";"naturelle";"Grotte_Chaudeborde_entree_nord";"abandon";"public";;;"orifice visible";"approché";"approche";"carte au 1/25000";"25";"2010-11-30";;"2010-11-30";"5";"416817.680000";"1969527.800000";"65";"416818";"1969528";"33117";;;"gironde@brgm.fr";"2010-11-30";"gironde@brgm.fr";;"2011-08-22";;"sbdbAdministrateur@brgm.fr";"2";;
"121151";"AQIAW0011761";;;"orifice naturel";"naturelle";"naturelle";"Grotte_Chaudeborde_entree_ouest";"abandon";"public";;;"orifice visible";"approché";"approche";"carte au 1/25000";"25";"2010-11-30";;"2010-11-30";"5";"416704.560000";"1969489.000000";"65";"416705";"1969489";"33117";;;"gironde@brgm.fr";"2010-11-30";"gironde@brgm.fr";;"2011-08-22";;"sbdbAdministrateur@brgm.fr";"2";;
"121152";"AQIAW0011762";;;"orifice naturel";"naturelle";"naturelle";"Caverne_de_la_Mothe";"abandon";"public";;;"orifice visible";"approché";"approche";"carte au 1/25000";"25";"2010-11-30";;"2010-11-30";"5";"377429.590000";"1979977.000000";"30";"377430";"1979977";"33118";;;"gironde@brgm.fr";"2010-11-30";"gironde@brgm.fr";;"2011-08-22";;"sbdbAdministrateur@brgm.fr";"2";;
"121153";"AQIAW0011763";;;"orifice naturel";"naturelle";"naturelle";"Abri_Faustin";"abandon";"public";;;"orifice visible";"centroide de commune";"centroide de commune";"carte au 1/25000";"0";"2010-11-30";;"2010-11-30";"5";"400078.000000";"1974338.000000";;"400078";"1974338";"33121";;;"gironde@brgm.fr";"2010-11-30";"gironde@brgm.fr";;"2011-08-22";;"sbdbAdministrateur@brgm.fr";"2";;
"121684";"AQIAW0011764";;;"orifice naturel";"naturelle";"naturelle";"Grotte_Redon";"abandon";"public";;;"orifice visible";"approché";"approche";"carte au 1/25000";"25";"2010-11-30";;"2010-11-30";"5";"400112.650000";"1974415.000000";"65";"400113";"1974415";"33121";;;"gironde@brgm.fr";"2010-11-30";"gironde@brgm.fr";;"2011-08-22";;"sbdbAdministrateur@brgm.fr";"2";;
"121685";"AQIAW0011765";;;"orifice naturel";"naturelle";"naturelle";"Grotte_Font24";"abandon";"public";;;"orifice visible";"approché";"approche";"carte au 1/25000";"25";"2010-11-30";;"2010-11-30";"5";"411352.140000";"1972277.900000";"75";"411352";"1972278";"33129";;;"gironde@brgm.fr";"2010-11-30";"gironde@brgm.fr";;"2011-08-22";;"sbdbAdministrateur@brgm.fr";"2";;
"121154";"AQIAW0011766";;;"orifice naturel";"naturelle";"naturelle";"Grotte_Cleyrac_1";"abandon";"public";;;"orifice visible";"approché";"approche";"carte au 1/25000";"25";"2010-11-30";;"2010-11-30";"5";"411557.000000";"1972089.500000";"70";"411557";"1972090";"33129";;;"gironde@brgm.fr";"2010-11-30";"gironde@brgm.fr";;"2011-08-22";;"sbdbAdministrateur@brgm.fr";"2";;
"121382";"AQIAW0011767";;;"orifice naturel";"naturelle";"naturelle";"Grotte_Cleyrac_2";"abandon";"public";;;"orifice visible";"approché";"approche";"carte au 1/25000";"25";"2010-11-30";;"2010-11-30";"5";"411842.490000";"1971592.800000";"60";"411842";"1971593";"33129";;;"gironde@brgm.fr";"2010-11-30";"gironde@brgm.fr";;"2011-08-22";;"sbdbAdministrateur@brgm.fr";"2";;
"121383";"AQIAW0011768";;;"orifice naturel";"naturelle";"naturelle";"Confidentiel";"abandon";"confidentiel";"site archéologique";"DRAC";"orifice visible";"approché";"approche";"carte au 1/25000";"";"2010-11-30";;"2010-11-30";"";"";"";"";"";"";"33147";;;"gironde@brgm.fr";"2010-11-30";"gironde@brgm.fr";;"2011-08-22";;"sbdbAdministrateur@brgm.fr";"2";;
"121384";"AQIAW0011769";;;"orifice naturel";"naturelle";"naturelle";"Grotte_Ermitage";"abandon";"public";;;"orifice visible";"centroide de commune";"centroide de commune";"carte au 1/25000";"0";"2010-11-30";;"2010-11-30";"5";"395731.700000";"1980988.500000";;"395732";"1980989";"33147";;;"gironde@brgm.fr";"2010-11-30";"gironde@brgm.fr";;"2011-08-22";;"sbdbAdministrateur@brgm.fr";"2";;
"121371";"AQIAW0011770";;;"orifice naturel";"naturelle";"naturelle";"Grotte_Brigands";"abandon";"public";;;"orifice visible";"approché";"approche";"carte au 1/25000";"25";"2010-11-30";;"2010-11-30";"5";"395310.270000";"1981379.900000";"45";"395310";"1981380";"33147";;;"gironde@brgm.fr";"2010-11-30";"gironde@brgm.fr";;"2011-08-22";;"sbdbAdministrateur@brgm.fr";"2";;
"3953";"AQIAW0011771";;;"orifice naturel";"naturelle";"naturelle";"Grotte_Rousine";"abandon";"public";;;"orifice visible";"approché";"approche";"carte au 1/25000";"25";"2010-11-30";;"2010-11-30";"5";"404562.650000";"1969080.900000";"55";"404563";"1969081";"33149";;;"gironde@brgm.fr";"2010-11-30";"gironde@brgm.fr";;"2011-08-22";;"sbdbAdministrateur@brgm.fr";"2";;
"3954";"AQIAW0011772";;;"orifice naturel";"naturelle";"naturelle";"Grotte_Fonsalade";"abandon";"public";;;"orifice visible";"approché";"approche";"carte au 1/25000";"25";"2010-11-30";;"2010-11-30";"5";"416059.020000";"1979839.700000";"75";"416059";"1979840";"33153";;;"gironde@brgm.fr";"2010-11-30";"gironde@brgm.fr";;"2011-08-22";;"sbdbAdministrateur@brgm.fr";"2";;
"121673";"AQIAW0011775";;;"orifice naturel";"naturelle";"naturelle";"Grotte_Eynesse_1";"abandon";"public";;;"orifice visible";"centroide de commune";"centroide de commune";"carte au 1/25000";"0";"2010-12-03";;"2010-12-06";"5";"427032.800000";"1982142.500000";;"427033";"1982143";"33160";;;"gironde@brgm.fr";"2010-12-06";"gironde@brgm.fr";;"2011-08-22";;"sbdbAdministrateur@brgm.fr";"2";;
"121674";"AQIAW0011776";;;"orifice naturel";"naturelle";"naturelle";"Grotte_Eynesse_2";"abandon";"public";;;"orifice visible";"centroide de commune";"centroide de commune";"carte au 1/25000";"0";"2010-12-03";;"2010-12-06";"5";"427032.800000";"1982142.500000";;"427033";"1982143";"33160";;;"gironde@brgm.fr";"2010-12-06";"gironde@brgm.fr";;"2011-08-22";;"sbdbAdministrateur@brgm.fr";"2";;
"121675";"AQIAW0011777";;;"orifice naturel";"naturelle";"naturelle";"Grotte_Eynesse_3";"abandon";"public";;;"orifice visible";"centroide de commune";"centroide de commune";"carte au 1/25000";"0";"2010-12-03";;"2010-12-06";"5";"427032.800000";"1982142.500000";;"427033";"1982143";"33160";;;"gironde@brgm.fr";"2010-12-06";"gironde@brgm.fr";;"2011-08-22";;"sbdbAdministrateur@brgm.fr";"2";;
"121676";"AQIAW0011778";;;"orifice naturel";"naturelle";"naturelle";"Grotte_Eynesse_4";"abandon";"public";;;"orifice visible";"centroide de commune";"centroide de commune";"carte au 1/25000";"0";"2010-12-03";;"2010-12-06";"5";"427032.800000";"1982142.500000";;"427033";"1982143";"33160";;;"gironde@brgm.fr";"2010-12-06";"gironde@brgm.fr";;"2011-08-22";;"sbdbAdministrateur@brgm.fr";"2";;
"121677";"AQIAW0011779";;;"orifice naturel";"naturelle";"naturelle";"Grotte_Ermite";"abandon";"public";;;"orifice visible";"centroide de commune";"centroide de commune";"carte au 1/25000";"0";"2010-12-03";;"2010-12-06";"5";"373939.500000";"1985358.100000";;"373940";"1985358";"33167";;;"gironde@brgm.fr";"2010-12-06";"gironde@brgm.fr";;"2011-08-22";;"sbdbAdministrateur@brgm.fr";"2";;
"121678";"AQIAW0011780";;;"orifice naturel";"naturelle";"naturelle";"Grotte_Phoenix";"abandon";"public";;;"orifice visible";"centroide de commune";"centroide de commune";"carte au 1/25000";"0";"2010-12-03";;"2010-12-06";"5";"373939.500000";"1985358.100000";;"373940";"1985358";"33167";;;"gironde@brgm.fr";"2010-12-06";"gironde@brgm.fr";;"2011-08-22";;"sbdbAdministrateur@brgm.fr";"2";;
"121679";"AQIAW0011781";;;"orifice naturel";"naturelle";"naturelle";"Grotte_Marmisson";"abandon";"public";;;"orifice visible";"centroide de commune";"centroide de commune";"carte au 1/25000";"0";"2010-12-03";;"2010-12-06";"5";"366513.500000";"2011185.100000";;"366514";"2011185";"33182";;;"gironde@brgm.fr";"2010-12-06";"gironde@brgm.fr";;"2011-08-22";;"sbdbAdministrateur@brgm.fr";"2";;
"121680";"AQIAW0011782";;;"orifice naturel";"naturelle";"naturelle";"Confidentiel";"abandon";"confidentiel";"site archéologique";"DRAC";"orifice visible";"centroide de commune";"centroide de commune";"carte au 1/25000";"";"2010-12-03";;"2010-12-06";"";"";"";"";"";"";"33209";;;"gironde@brgm.fr";"2010-12-06";"gironde@brgm.fr";;"2011-08-22";;"sbdbAdministrateur@brgm.fr";"2";;
"121696";"AQIAW0011789";;;"orifice naturel";"naturelle";"naturelle";"Grotte_Faleyras_1";"abandon";"public";;;"orifice visible";"approché";"approche";"carte au 1/25000";"25";"2010-12-07";;"2010-12-07";"5";"397817.470000";"1977227.900000";"54";"397817";"1977228";"33163";;;"gironde@brgm.fr";"2010-12-07";"gironde@brgm.fr";;"2011-08-22";;"sbdbAdministrateur@brgm.fr";"2";;
"859";"AQIAW0011790";;;"orifice naturel";"naturelle";"naturelle";"Grotte_Pellegries_entree";"abandon";"public";;;"orifice visible";"approché";"approche";"carte au 1/25000";"25";"2010-12-07";;"2010-12-07";"5";"396025.360000";"1976477.200000";"60";"396025";"1976477";"33163";;;"gironde@brgm.fr";"2010-12-07";"gironde@brgm.fr";;"2011-08-22";;"sbdbAdministrateur@brgm.fr";"2";;
"120786";"AQIAW0011792";;;"orifice naturel";"naturelle";"naturelle";"Grotte_Saint_Germain_emergence";"abandon";"public";;;"orifice visible";"approché";"approche";"carte au 1/25000";"25";"2010-12-07";;"2010-12-07";"5";"397827.070000";"1975592.000000";"50";"397827";"1975592";"33163";;;"gironde@brgm.fr";"2010-12-07";"gironde@brgm.fr";;"2011-08-22";;"sbdbAdministrateur@brgm.fr";"2";;
"120831";"AQIAW0011794";;;"orifice naturel";"naturelle";"naturelle";"Grotte_Saint_Germain_perte";"abandon";"public";;;"orifice visible";"approché";"approche";"carte au 1/25000";"25";"2010-12-07";;"2010-12-07";"5";"397939.820000";"1975382.700000";"52";"397940";"1975383";"33163";;;"gironde@brgm.fr";"2010-12-07";"gironde@brgm.fr";;"2011-08-22";;"sbdbAdministrateur@brgm.fr";"2";;
"120789";"AQIAW0011795";;;"orifice naturel";"naturelle";"naturelle";"Confidentiel";"abandon";"confidentiel";"site archéologique";"DRAC";"orifice visible";"approché";"approche";"carte au 1/25000";"";"2010-12-07";;"2010-12-07";"";"";"";"";"";"";"33175";;;"gironde@brgm.fr";"2010-12-07";"gironde@brgm.fr";;"2011-08-22";;"sbdbAdministrateur@brgm.fr";"2";;
"121495";"AQIAW0011796";;;"orifice naturel";"naturelle";"naturelle";"Grotte_Guiton";"abandon";"public";;;"orifice visible";"approché";"approche";"carte au 1/25000";"25";"2010-12-07";;"2010-12-07";"5";"403122.910000";"1972697.600000";"54";"403123";"1972698";"33175";;;"gironde@brgm.fr";"2010-12-07";"gironde@brgm.fr";;"2011-08-22";;"sbdbAdministrateur@brgm.fr";"2";;
"121434";"AQIAW0011814";;;"orifice naturel";"naturelle";"naturelle";"Grotte_Villa_des_Rochers";"abandon";"public";;;"orifice visible";"centroide de commune";"centroide de commune";"carte au 1/25000";"0";"2010-12-07";;"2010-12-07";"5";"403665.100000";"1972908.500000";"32";"403665";"1972909";"33175";;;"gironde@brgm.fr";"2010-12-07";"gironde@brgm.fr";;"2011-08-22";;"sbdbAdministrateur@brgm.fr";"2";;
"121511";"AQIAW0011815";;;"orifice naturel";"naturelle";"naturelle";"Grotte_Bois_Acacias";"abandon";"public";;;"orifice visible";"approché";"approche";"carte au 1/25000";"25";"2010-12-07";;"2010-12-07";"5";"403207.460000";"1974442.500000";"70";"403207";"1974443";"33175";;;"gironde@brgm.fr";"2010-12-07";"gironde@brgm.fr";;"2011-08-22";;"sbdbAdministrateur@brgm.fr";"2";;
"120804";"AQIAW0011863";;;"orifice naturel";"naturelle";"naturelle";"Grotte_Bois_Grande_Borne_1";"abandon";"public";;;"orifice visible";"approché";"approche";"carte au 1/25000";"25";"2010-12-09";;"2010-12-09";"5";"403686.070000";"1974677.000000";"80";"403686";"1974677";"33175";;;"gironde@brgm.fr";"2010-12-09";"gironde@brgm.fr";;"2011-08-22";;"sbdbAdministrateur@brgm.fr";"2";;
"120828";"AQIAW0011864";;;"orifice naturel";"naturelle";"naturelle";"Grotte_Bois_Grande_Borne_2";"abandon";"public";;;"orifice visible";"approché";"approche";"carte au 1/25000";"25";"2010-12-09";;"2010-12-09";"5";"404086.200000";"1974612.400000";"75";"404086";"1974612";"33175";;;"gironde@brgm.fr";"2010-12-09";"gironde@brgm.fr";;"2011-08-22";;"sbdbAdministrateur@brgm.fr";"2";;
"120806";"AQIAW0011865";;;"orifice naturel";"naturelle";"naturelle";"Grotte_CRES_3";"abandon";"public";;;"orifice visible";"approché";"approche";"carte au 1/25000";"25";"2010-12-09";;"2010-12-09";"5";"402959.160000";"1974332.800000";"68";"402959";"1974333";"33175";;;"gironde@brgm.fr";"2010-12-09";"gironde@brgm.fr";;"2011-08-22";;"sbdbAdministrateur@brgm.fr";"2";;
"120807";"AQIAW0011866";;;"orifice naturel";"naturelle";"naturelle";"Grotte_Grand_Antoine_entree_Prehistorique";"abandon";"public";;;"orifice visible";"approché";"approche";"carte au 1/25000";"25";"2010-12-09";;"2010-12-09";"5";"405007.150000";"1973500.400000";"80";"405007";"1973500";"33175";;;"gironde@brgm.fr";"2010-12-09";"gironde@brgm.fr";;"2011-08-22";;"sbdbAdministrateur@brgm.fr";"2";;
"120805";"AQIAW0011867";;;"orifice naturel";"naturelle";"naturelle";"Puits_Bois_Grande_Borne";"abandon";"public";;;"orifice visible";"approché";"approche";"carte au 1/25000";"25";"2010-12-09";;"2010-12-09";"5";"403665.000000";"1974637.000000";"80";"403665";"1974637";"33175";;;"gironde@brgm.fr";"2010-12-09";"gironde@brgm.fr";;"2011-08-22";;"sbdbAdministrateur@brgm.fr";"2";;
"120812";"AQIAW0011868";;;"orifice naturel";"naturelle";"naturelle";"Reseau_Frontenac_Cimetiere";"abandon";"public";;;"orifice visible";"approché";"approche";"carte au 1/25000";"25";"2010-12-09";;"2010-12-09";"5";"402479.570000";"1974115.400000";"60";"402480";"1974115";"33175";;;"gironde@brgm.fr";"2010-12-09";"gironde@brgm.fr";;"2011-08-22";;"sbdbAdministrateur@brgm.fr";"2";;
"120825";"AQIAW0011869";;;"orifice naturel";"naturelle";"naturelle";"Reseau_Frontenac_1_CRES";"abandon";"public";;;"orifice visible";"approché";"approche";"carte au 1/25000";"25";"2010-12-09";;"2010-12-09";"5";"402661.030000";"1974361.300000";"60";"402661";"1974361";"33175";;;"gironde@brgm.fr";"2010-12-09";"gironde@brgm.fr";;"2011-08-22";;"sbdbAdministrateur@brgm.fr";"2";;
"121030";"AQIAW0011940";;;"orifice naturel";"naturelle";"naturelle";"Grotte_Taillefer";"abandon";"public";;;"orifice visible";"approché";"approche";"carte au 1/25000";"25";"2010-12-13";;"2010-12-13";"5";"402960.050000";"1977742.700000";"60";"402960";"1977743";"33209";;;"gironde@brgm.fr";"2010-12-13";"gironde@brgm.fr";;"2011-08-22";;"sbdbAdministrateur@brgm.fr";"2";;
"121078";"AQIAW0011946";;;"orifice naturel";"naturelle";"naturelle";"Grotte_Gagneau";"abandon";"public";;;"orifice visible";"approché";"approche";"carte au 1/25000";"25";"2010-12-13";;"2010-12-13";"5";"374924.890000";"1967549.800000";"30";"374925";"1967550";"33213";;;"gironde@brgm.fr";"2010-12-13";"gironde@brgm.fr";;"2011-08-22";;"sbdbAdministrateur@brgm.fr";"2";;
"120836";"AQIAW0011953";;;"orifice naturel";"naturelle";"naturelle";"Grotte_Segur_1";"abandon";"public";;;"orifice visible";"approché";"approche";"carte au 1/25000";"25";"2010-12-13";;"2010-12-13";"5";"413422.020000";"1965399.800000";"45";"413422";"1965400";"33224";;;"gironde@brgm.fr";"2010-12-13";"gironde@brgm.fr";;"2011-08-22";;"sbdbAdministrateur@brgm.fr";"2";;
"120879";"AQIAW0011955";;;"orifice naturel";"naturelle";"naturelle";"Grotte_Segur_2";"abandon";"public";;;"orifice visible";"approché";"approche";"carte au 1/25000";"25";"2010-12-13";;"2010-12-13";"5";"413825.000000";"1965237.200000";"70";"413825";"1965237";"33224";;;"gironde@brgm.fr";"2010-12-13";"gironde@brgm.fr";;"2011-08-22";;"sbdbAdministrateur@brgm.fr";"2";;
"120843";"AQIAW0011957";;;"orifice naturel";"naturelle";"naturelle";"Grotte_Coquillat";"abandon";"public";;;"orifice visible";"approché";"approche";"carte au 1/25000";"25";"2010-12-13";;"2010-12-13";"5";"366462.210000";"1973242.400000";;"366462";"1973242";"33238";;;"gironde@brgm.fr";"2010-12-13";"gironde@brgm.fr";;"2011-08-22";;"sbdbAdministrateur@brgm.fr";"2";;
"116650";"AQIAW0011964";;;"orifice naturel";"naturelle";"naturelle";"Reseau_Puits";"abandon";"public";;;"orifice visible";"centroide de commune";"centroide de commune";"carte au 1/25000";"0";"2010-12-13";;"2010-12-13";"5";"365886.000000";"1973592.600000";;"365886";"1973593";"33238";;;"gironde@brgm.fr";"2010-12-13";"gironde@brgm.fr";;"2011-08-22";;"sbdbAdministrateur@brgm.fr";"2";;
"121059";"AQIAW0011967";;;"orifice naturel";"naturelle";"naturelle";"Grotte_Cannelle";"abandon";"public";;;"orifice visible";"approché";"approche";"carte au 1/25000";"25";"2010-12-13";;"2010-12-13";"5";"436409.840000";"1978225.100000";"45";"436410";"1978225";"33246";;;"gironde@brgm.fr";"2010-12-13";"gironde@brgm.fr";;"2011-08-22";;"sbdbAdministrateur@brgm.fr";"2";;
"121079";"AQIAW0011970";;;"orifice naturel";"naturelle";"naturelle";"Grotte_Ciron_1";"abandon";"public";;;"orifice visible";"approché";"approche";"carte au 1/25000";"25";"2010-12-13";;"2010-12-13";"5";"390201.900000";"1934294.800000";"50";"390202";"1934295";"33255";;;"gironde@brgm.fr";"2010-12-13";"gironde@brgm.fr";;"2011-08-22";;"sbdbAdministrateur@brgm.fr";"2";;
"120845";"AQIAW0011981";;;"orifice naturel";"naturelle";"naturelle";"Grotte_Ciron_2";"abandon";"public";;;"orifice visible";"approché";"approche";"carte au 1/25000";"25";"2010-12-13";;"2010-12-13";"5";"390076.780000";"1934283.000000";"50";"390077";"1934283";"33255";;;"gironde@brgm.fr";"2010-12-13";"gironde@brgm.fr";;"2011-08-22";;"sbdbAdministrateur@brgm.fr";"2";;
"120901";"AQIAW0012004";;;"orifice naturel";"naturelle";"naturelle";"Grotte_Ciron_3";"abandon";"public";;;"orifice visible";"approché";"approche";"carte au 1/25000";"25";"2010-12-13";;"2010-12-13";"5";"390002.750000";"1934305.100000";"50";"390003";"1934305";"33255";;;"gironde@brgm.fr";"2010-12-13";"gironde@brgm.fr";;"2011-08-22";;"sbdbAdministrateur@brgm.fr";"2";;
"120868";"AQIAW0012009";;;"orifice naturel";"naturelle";"naturelle";"Grotte_Ciron_4";"abandon";"public";;;"orifice visible";"approché";"approche";"carte au 1/25000";"25";"2010-12-13";;"2010-12-13";"5";"390431.030000";"1934244.400000";"50";"390431";"1934244";"33255";;;"gironde@brgm.fr";"2010-12-13";"gironde@brgm.fr";;"2011-08-22";;"sbdbAdministrateur@brgm.fr";"2";;
"121049";"AQIAW0012013";;;"orifice naturel";"naturelle";"naturelle";"Riviere_Fontarnaud_entree_superieure";"abandon";"public";;;"orifice visible";"approché";"approche";"carte au 1/25000";"25";"2010-12-13";;"2010-12-13";"5";"404344.870000";"1975677.600000";"75";"404345";"1975678";"33258";;;"gironde@brgm.fr";"2010-12-13";"gironde@brgm.fr";;"2011-08-22";;"sbdbAdministrateur@brgm.fr";"2";;
"120870";"AQIAW0012015";;;"orifice naturel";"naturelle";"naturelle";"Confidentiel";"abandon";"confidentiel";"site archéologique";"DRAC";"orifice visible";"approché";"approche";"carte au 1/25000";"";"2010-12-13";;"2010-12-13";"";"";"";"";"";"";"33258";;;"gironde@brgm.fr";"2010-12-13";"gironde@brgm.fr";;"2011-08-22";;"sbdbAdministrateur@brgm.fr";"2";;
"120880";"AQIAW0012017";;;"orifice naturel";"naturelle";"naturelle";"Confidentiel";"abandon";"confidentiel";"site archéologique";"DRAC";"orifice visible";"approché";"approche";"carte au 1/25000";"";"2010-12-14";;"2010-12-14";"";"";"";"";"";"";"33258";;;"gironde@brgm.fr";"2010-12-14";"gironde@brgm.fr";;"2011-08-22";;"sbdbAdministrateur@brgm.fr";"2";;
"120871";"AQIAW0012018";;;"orifice naturel";"naturelle";"naturelle";"Grotte_Alambic";"abandon";"public";;;"orifice visible";"approché";"approche";"carte au 1/25000";"25";"2010-12-14";;"2010-12-14";"5";"402739.990000";"1974997.500000";"75";"402740";"1974998";"33258";;;"gironde@brgm.fr";"2010-12-14";"gironde@brgm.fr";;"2011-08-22";;"sbdbAdministrateur@brgm.fr";"2";;
"3867";"AQIAW0012019";;;"orifice naturel";"naturelle";"naturelle";"Grotte_Grande_Doline";"abandon";"public";;;"orifice visible";"approché";"approche";"carte au 1/25000";"25";"2010-12-14";;"2010-12-14";"5";"403890.460000";"1974867.800000";"75";"403890";"1974868";"33258";;;"gironde@brgm.fr";"2010-12-14";"gironde@brgm.fr";;"2011-08-22";;"sbdbAdministrateur@brgm.fr";"2";;
"116754";"AQIAW0012020";;;"orifice naturel";"naturelle";"naturelle";"Grotte_Vidal";"abandon";"public";;;"orifice visible";"centroide de commune";"centroide de commune";"carte au 1/25000";"0";"2010-12-14";;"2010-12-14";"5";"402561.600000";"1976274.000000";;"402562";"1976274";"33258";;;"gironde@brgm.fr";"2010-12-14";"gironde@brgm.fr";;"2011-08-22";;"sbdbAdministrateur@brgm.fr";"2";;
"119934";"AQIAW0012021";;;"orifice naturel";"naturelle";"naturelle";"Grotte_Gourdin";"abandon";"public";;;"orifice visible";"centroide de commune";"centroide de commune";"carte au 1/25000";"0";"2010-12-14";;"2010-12-14";"5";"402561.600000";"1976274.000000";;"402562";"1976274";"33258";;;"gironde@brgm.fr";"2010-12-14";"gironde@brgm.fr";;"2011-08-22";;"sbdbAdministrateur@brgm.fr";"2";;
"118354";"AQIAW0012022";;;"orifice naturel";"naturelle";"naturelle";"Grotte_Sans_Nom";"abandon";"public";;;"orifice visible";"approché";"approche";"carte au 1/25000";"25";"2010-12-14";;"2010-12-14";"5";"402672.150000";"1975830.100000";"45";"402672";"1975830";"33258";;;"gironde@brgm.fr";"2010-12-14";"gironde@brgm.fr";;"2011-08-22";;"sbdbAdministrateur@brgm.fr";"2";;
"120881";"AQIAW0012023";;;"orifice naturel";"naturelle";"naturelle";"Grotte_Tayac";"abandon";"public";;;"orifice visible";"approché";"approche";"carte au 1/25000";"25";"2010-12-14";;"2010-12-14";"5";"414989.520000";"1999145.000000";"55";"414990";"1999145";"33261";;;"gironde@brgm.fr";"2010-12-14";"gironde@brgm.fr";;"2011-08-22";;"sbdbAdministrateur@brgm.fr";"2";;
"120882";"AQIAW0012024";;;"orifice naturel";"naturelle";"naturelle";"Grotte_Fondefiere";"abandon";"public";;;"orifice visible";"approché";"approche";"carte au 1/25000";"25";"2010-12-14";;"2010-12-14";"5";"437647.480000";"1975665.200000";"95";"437647";"1975665";"33269";;;"gironde@brgm.fr";"2010-12-14";"gironde@brgm.fr";;"2011-08-22";;"sbdbAdministrateur@brgm.fr";"2";;
"120851";"AQIAW0012025";;;"orifice naturel";"naturelle";"naturelle";"Grotte_Ferchauds";"abandon";"public";;;"orifice visible";"approché";"approche";"carte au 1/25000";"25";"2010-12-14";;"2010-12-14";"5";"435822.660000";"1975822.500000";"80";"435823";"1975823";"33269";;;"gironde@brgm.fr";"2010-12-14";"gironde@brgm.fr";;"2011-08-22";;"sbdbAdministrateur@brgm.fr";"2";;
"3837";"AQIAW0012026";;;"orifice naturel";"naturelle";"naturelle";"Grotte_Grand_Pesquey";"abandon";"public";;;"orifice visible";"approché";"approche";"carte au 1/25000";"25";"2010-12-14";;"2010-12-14";"5";"434364.910000";"1975877.200000";"105";"434365";"1975877";"33269";;;"gironde@brgm.fr";"2010-12-14";"gironde@brgm.fr";;"2011-08-22";;"sbdbAdministrateur@brgm.fr";"2";;
"120872";"AQIAW0012027";;;"orifice naturel";"naturelle";"naturelle";"Grotte_Roquetaillade_2_Douves";"abandon";"public";;;"orifice visible";"approché";"approche";"carte au 1/25000";"25";"2010-12-14";;"2011-02-03";"5";"392532.800000";"1946867.600000";"60";"392533";"1946868";"33279";;;"gironde@brgm.fr";"2010-12-14";"gironde@brgm.fr";;"2011-08-22";;"sbdbAdministrateur@brgm.fr";"2";;
"120155";"AQIAW0012028";;;"orifice naturel";"naturelle";"naturelle";"Grotte_Roquetaillade_1_Lorette";"abandon";"public";;;"orifice visible";"approché";"approche";"carte au 1/25000";"25";"2010-12-14";;"2011-02-03";"5";"392477.820000";"1946907.700000";"60";"392478";"1946908";"33279";;;"gironde@brgm.fr";"2010-12-14";"gironde@brgm.fr";;"2011-08-22";;"sbdbAdministrateur@brgm.fr";"2";;
"120883";"AQIAW0012029";;;"orifice naturel";"naturelle";"naturelle";"Grotte_Montagoudin";"abandon";"public";;;"orifice visible";"approché";"approche";"carte au 1/25000";"25";"2010-12-14";;"2010-12-14";"5";"414721.430000";"1955424.400000";;"414721";"1955424";"33291";;;"gironde@brgm.fr";"2010-12-14";"gironde@brgm.fr";;"2011-08-22";;"sbdbAdministrateur@brgm.fr";"2";;
"3838";"AQIAW0012030";;;"orifice naturel";"naturelle";"naturelle";"Grotte_Mais";"abandon";"public";;;"orifice visible";"approché";"approche";"carte au 1/25000";"25";"2010-12-14";;"2010-12-14";"5";"385417.420000";"1945675.600000";"38";"385417";"1945676";"33307";;;"gironde@brgm.fr";"2010-12-14";"gironde@brgm.fr";;"2011-08-22";;"sbdbAdministrateur@brgm.fr";"2";;
"120627";"AQIAW0012031";;;"orifice naturel";"naturelle";"naturelle";"Grotte_Comtesse";"abandon";"public";;;"orifice visible";"approché";"approche";"carte au 1/25000";"25";"2010-12-14";;"2010-12-14";"5";"392357.850000";"1965575.100000";"40";"392358";"1965575";"33308";;;"gironde@brgm.fr";"2010-12-14";"gironde@brgm.fr";;"2011-08-22";;"sbdbAdministrateur@brgm.fr";"2";;
"120140";"AQIAW0012042";;;"orifice naturel";"naturelle";"naturelle";"Grotte_Tirelire";"abandon";"public";;;"orifice visible";"approché";"approche";"carte au 1/25000";"25";"2010-12-17";;"2010-12-17";"5";"399952.280000";"1980402.500000";"70";"399952";"1980403";"33301";;;"gironde@brgm.fr";"2010-12-17";"gironde@brgm.fr";;"2011-08-22";;"sbdbAdministrateur@brgm.fr";"2";;
"120944";"AQIAW0012043";;;"orifice naturel";"naturelle";"naturelle";"Grotte_Fantomes";"abandon";"public";;;"orifice visible";"approché";"approche";"carte au 1/25000";"25";"2010-12-17";;"2010-12-17";"5";"398652.120000";"1979402.900000";"64";"398652";"1979403";"33301";;;"gironde@brgm.fr";"2010-12-17";"gironde@brgm.fr";;"2011-08-22";;"sbdbAdministrateur@brgm.fr";"2";;
"120902";"AQIAW0012044";;;"orifice naturel";"naturelle";"naturelle";"Perte_ensablee_Lartenac";"abandon";"public";;;"orifice visible";"approché";"approche";"carte au 1/25000";"25";"2010-12-17";;"2010-12-17";"5";"398645.350000";"1979562.000000";"67";"398645";"1979562";"33301";;;"gironde@brgm.fr";"2010-12-17";"gironde@brgm.fr";;"2011-08-22";;"sbdbAdministrateur@brgm.fr";"2";;
"121020";"AQIAW0012045";;;"orifice naturel";"naturelle";"naturelle";"Douat_emergence";"abandon";"public";;;"orifice visible";"approché";"approche";"carte au 1/25000";"25";"2010-12-17";;"2010-12-17";"5";"398514.500000";"1979030.900000";"54";"398515";"1979031";"33301";;;"gironde@brgm.fr";"2010-12-17";"gironde@brgm.fr";;"2011-08-22";;"sbdbAdministrateur@brgm.fr";"2";;
"120322";"AQIAW0012046";;;"orifice naturel";"naturelle";"naturelle";"Ruisseau_Lartenac_2";"abandon";"public";;;"orifice visible";"approché";"approche";"carte au 1/25000";"25";"2010-12-17";;"2010-12-17";"5";"398355.480000";"1979754.500000";"76";"398355";"1979755";"33301";;;"gironde@brgm.fr";"2010-12-17";"gironde@brgm.fr";;"2011-08-22";;"sbdbAdministrateur@brgm.fr";"2";;
"120885";"AQIAW0012047";;;"orifice naturel";"naturelle";"naturelle";"Ruisseau_Lartenac_1";"abandon";"public";;;"orifice visible";"approché";"approche";"carte au 1/25000";"25";"2010-12-17";;"2010-12-17";"5";"398356.460000";"1979744.500000";"75";"398356";"1979745";"33301";;;"gironde@brgm.fr";"2010-12-17";"gironde@brgm.fr";;"2011-08-22";;"sbdbAdministrateur@brgm.fr";"2";;
"120978";"AQIAW0012048";;;"orifice naturel";"naturelle";"naturelle";"Ruisseau_Vignolles";"abandon";"public";;;"orifice visible";"approché";"approche";"carte au 1/25000";"25";"2010-12-17";;"2010-12-17";"5";"398395.970000";"1979391.300000";"64";"398396";"1979391";"33301";;;"gironde@brgm.fr";"2010-12-17";"gironde@brgm.fr";;"2011-08-22";;"sbdbAdministrateur@brgm.fr";"2";;
"111680";"AQIAW0012049";;;"orifice naturel";"naturelle";"naturelle";"Grotte_Font_Bois_1";"abandon";"public";;;"orifice visible";"approché";"approche";"carte au 1/25000";"25";"2010-12-17";;"2010-12-17";"5";"415504.980000";"1964380.400000";"50";"415505";"1964380";"33304";;;"gironde@brgm.fr";"2010-12-17";"gironde@brgm.fr";;"2011-08-22";;"sbdbAdministrateur@brgm.fr";"2";;
"115052";"AQIAW0012050";;;"orifice naturel";"naturelle";"naturelle";"Grotte_Font_Bois_2";"abandon";"public";;;"orifice visible";"approché";"approche";"carte au 1/25000";"25";"2010-12-17";;"2010-12-17";"5";"415519.980000";"1964373.300000";"60";"415520";"1964373";"33304";;;"gironde@brgm.fr";"2010-12-17";"gironde@brgm.fr";;"2011-08-22";;"sbdbAdministrateur@brgm.fr";"2";;
"121075";"AQIAW0012053";;;"orifice naturel";"naturelle";"naturelle";"Grotte_Font_Bois_3";"abandon";"public";;;"orifice visible";"approché";"approche";"carte au 1/25000";"25";"2010-12-17";;"2010-12-17";"5";"415391.180000";"1964579.700000";"60";"415391";"1964580";"33304";;;"gironde@brgm.fr";"2010-12-17";"gironde@brgm.fr";;"2011-08-22";;"sbdbAdministrateur@brgm.fr";"2";;
"121050";"AQIAW0012054";;;"orifice naturel";"naturelle";"naturelle";"Grotte_Font_Bois_4";"abandon";"public";;;"orifice visible";"approché";"approche";"carte au 1/25000";"25";"2010-12-17";;"2010-12-17";"5";"415508.070000";"1964446.400000";"61";"415508";"1964446";"33304";;;"gironde@brgm.fr";"2010-12-17";"gironde@brgm.fr";;"2011-08-22";;"sbdbAdministrateur@brgm.fr";"2";;
"121085";"AQIAW0012055";;;"orifice naturel";"naturelle";"naturelle";"Reseau_Balybelles";"abandon";"public";;;"orifice visible";"approché";"approche";"carte au 1/25000";"25";"2010-12-17";;"2010-12-17";"5";"386554.170000";"1970114.800000";"25";"386554";"1970115";"33311";;;"gironde@brgm.fr";"2010-12-17";"gironde@brgm.fr";;"2011-08-22";;"sbdbAdministrateur@brgm.fr";"2";;
"121086";"AQIAW0012056";;;"orifice naturel";"naturelle";"naturelle";"Abri_Morin";"abandon";"public";;;"orifice visible";"centroide de commune";"centroide de commune";"carte au 1/25000";"0";"2010-12-17";;"2010-12-17";"5";"422478.600000";"1982208.000000";;"422479";"1982208";"33319";;;"gironde@brgm.fr";"2010-12-17";"gironde@brgm.fr";;"2011-08-22";;"sbdbAdministrateur@brgm.fr";"2";;
"115403";"AQIAW0012076";;;"orifice naturel";"naturelle";"naturelle";"Grotte_Chateau_Illon";"abandon";"public";;;"orifice visible";"approché";"approche";"carte au 1/25000";"25";"2010-12-17";;"2010-12-17";"5";"385454.350000";"1929495.800000";"30";"385454";"1929496";"33336";;;"gironde@brgm.fr";"2010-12-17";"gironde@brgm.fr";;"2011-08-22";;"sbdbAdministrateur@brgm.fr";"2";;
"121051";"AQIAW0012077";;;"orifice naturel";"naturelle";"naturelle";"Grotte_Moulin_Caussarieu";"abandon";"public";;;"orifice visible";"approché";"approche";"carte au 1/25000";"25";"2010-12-17";;"2010-12-17";"5";"387771.290000";"1936573.500000";"53";"387771";"1936574";"33336";;;"gironde@brgm.fr";"2010-12-17";"gironde@brgm.fr";;"2011-08-22";;"sbdbAdministrateur@brgm.fr";"2";;
"121052";"AQIAW0012078";;;"orifice naturel";"naturelle";"naturelle";"Confidentiel";"abandon";"confidentiel";"site archéologique";"DRAC";"orifice visible";"centroide de commune";"centroide de commune";"carte au 1/25000";"";"2010-12-17";;"2010-12-17";"";"";"";"";"";"";"33339";;;"gironde@brgm.fr";"2010-12-17";"gironde@brgm.fr";;"2011-08-22";;"sbdbAdministrateur@brgm.fr";"2";;
"120888";"AQIAW0012079";;;"orifice naturel";"naturelle";"naturelle";"Confidentiel";"abandon";"confidentiel";"site archéologique";"DRAC";"orifice visible";"centroide de commune";"centroide de commune";"carte au 1/25000";"";"2010-12-17";;"2010-12-17";"";"";"";"";"";"";"33339";;;"gironde@brgm.fr";"2010-12-17";"gironde@brgm.fr";;"2011-08-22";;"sbdbAdministrateur@brgm.fr";"2";;
"120948";"AQIAW0012090";;;"orifice naturel";"naturelle";"naturelle";"Confidentiel";"abandon";"confidentiel";"site archéologique";"DRAC";"orifice visible";"approché";"approche";"carte au 1/25000";"";"2010-12-21";;"2010-12-21";"";"";"";"";"";"";"33339";;;"gironde@brgm.fr";"2010-12-21";"gironde@brgm.fr";;"2011-08-22";;"sbdbAdministrateur@brgm.fr";"2";;
"120949";"AQIAW0012091";;;"orifice naturel";"naturelle";"naturelle";"Grotte_emergence";"abandon";"public";;;"orifice visible";"approché";"approche";"carte au 1/25000";"25";"2010-12-21";;"2010-12-21";"5";"404874.930000";"1978327.300000";"40";"404875";"1978327";"33350";;;"gironde@brgm.fr";"2010-12-21";"gironde@brgm.fr";;"2011-08-22";;"sbdbAdministrateur@brgm.fr";"2";;
"120979";"AQIAW0012092";;;"orifice naturel";"naturelle";"naturelle";"Grotte_Turon";"abandon";"public";;;"orifice visible";"approché";"approche";"carte au 1/25000";"25";"2010-12-21";;"2010-12-21";"5";"405091.650000";"1977338.500000";"70";"405092";"1977339";"33350";;;"gironde@brgm.fr";"2010-12-21";"gironde@brgm.fr";;"2011-08-22";;"sbdbAdministrateur@brgm.fr";"2";;
"120892";"AQIAW0012093";;;"orifice naturel";"naturelle";"naturelle";"Grotte_Chateau_Gaillaud_emergence";"abandon";"public";;;"orifice visible";"approché";"approche";"carte au 1/25000";"25";"2010-12-21";;"2010-12-21";"5";"416442.040000";"1966969.800000";"55";"416442";"1966970";"33353";;;"gironde@brgm.fr";"2010-12-21";"gironde@brgm.fr";;"2011-08-22";;"sbdbAdministrateur@brgm.fr";"2";;
"120877";"AQIAW0012094";;;"orifice naturel";"naturelle";"naturelle";"Grotte_Chateau_Gaillaud_entree_superieure";"abandon";"public";;;"orifice visible";"approché";"approche";"carte au 1/25000";"25";"2010-12-21";;"2010-12-21";"5";"416427.050000";"1966989.800000";"56";"416427";"1966990";"33353";;;"gironde@brgm.fr";"2010-12-21";"gironde@brgm.fr";;"2011-08-22";;"sbdbAdministrateur@brgm.fr";"2";;
"120857";"AQIAW0012095";;;"orifice naturel";"naturelle";"naturelle";"Grotte_Genlaire";"abandon";"public";;;"orifice visible";"approché";"approche";"carte au 1/25000";"25";"2010-12-21";;"2010-12-21";"5";"414930.360000";"1966422.400000";"60";"414930";"1966422";"33353";;;"gironde@brgm.fr";"2010-12-21";"gironde@brgm.fr";;"2011-08-22";;"sbdbAdministrateur@brgm.fr";"2";;
"121053";"AQIAW0012096";;;"orifice naturel";"naturelle";"naturelle";"Grotte_Hurtaut_1";"abandon";"public";;;"orifice visible";"approché";"approche";"carte au 1/25000";"25";"2010-12-21";;"2010-12-21";"5";"415135.750000";"1968107.200000";"50";"415136";"1968107";"33353";;;"gironde@brgm.fr";"2010-12-21";"gironde@brgm.fr";;"2011-08-22";;"sbdbAdministrateur@brgm.fr";"2";;
"3912";"AQIAW0012097";;;"orifice naturel";"naturelle";"naturelle";"Grotte_Hurtaut_2";"abandon";"public";;;"orifice visible";"approché";"approche";"carte au 1/25000";"25";"2010-12-21";;"2010-12-21";"5";"415364.770000";"1968012.900000";"64";"415365";"1968013";"33353";;;"gironde@brgm.fr";"2010-12-21";"gironde@brgm.fr";;"2011-08-22";;"sbdbAdministrateur@brgm.fr";"2";;
"121063";"AQIAW0012098";;;"orifice naturel";"naturelle";"naturelle";"Grotte_Malet";"abandon";"public";;;"orifice visible";"approché";"approche";"carte au 1/25000";"25";"2010-12-21";;"2010-12-21";"5";"416414.050000";"1966241.300000";"50";"416414";"1966241";"33353";;;"gironde@brgm.fr";"2010-12-21";"gironde@brgm.fr";;"2011-08-22";;"sbdbAdministrateur@brgm.fr";"2";;
"121021";"AQIAW0012099";;;"orifice naturel";"naturelle";"naturelle";"Grotte_emergence_cimetiere";"abandon";"public";;;"orifice visible";"approché";"approche";"carte au 1/25000";"25";"2010-12-21";;"2010-12-21";"5";"431107.990000";"1975780.200000";"78";"431108";"1975780";"33354";;;"gironde@brgm.fr";"2010-12-21";"gironde@brgm.fr";;"2011-08-22";;"sbdbAdministrateur@brgm.fr";"2";;
"120893";"AQIAW0012100";;;"orifice naturel";"naturelle";"naturelle";"Grotte_entree_Grande_Fosse";"abandon";"public";;;"orifice visible";"approché";"approche";"carte au 1/25000";"25";"2010-12-21";;"2010-12-21";"5";"431447.310000";"1975072.400000";"80";"431447";"1975072";"33354";;;"gironde@brgm.fr";"2010-12-21";"gironde@brgm.fr";;"2011-08-22";;"sbdbAdministrateur@brgm.fr";"2";;
"3890";"AQIAW0012101";;;"orifice naturel";"naturelle";"naturelle";"Grotte_entree_superieure";"abandon";"public";;;"orifice visible";"approché";"approche";"carte au 1/25000";"25";"2010-12-21";;"2010-12-21";"5";"431842.100000";"1974722.700000";"95";"431842";"1974723";"33354";;;"gironde@brgm.fr";"2010-12-21";"gironde@brgm.fr";;"2011-08-22";;"sbdbAdministrateur@brgm.fr";"2";;
"3875";"AQIAW0012413";;;"orifice naturel";"naturelle";"naturelle";"Grotte_Boyer";"abandon";"public";;;"orifice visible";"approché";"approche";"carte au 1/25000";"25";"2011-01-03";;"2011-01-03";"5";"390702.920000";"1966320.100000";"43";"390703";"1966320";"33355";;;"gironde@brgm.fr";"2011-01-03";"gironde@brgm.fr";;"2011-08-22";;"sbdbAdministrateur@brgm.fr";"2";;
"121016";"AQIAW0012414";;;"orifice naturel";"naturelle";"naturelle";"Grotte_Hontanille";"abandon";"public";;;"orifice visible";"approché";"approche";"carte au 1/25000";"25";"2011-01-03";;"2011-01-03";"5";"391292.040000";"1966155.100000";"30";"391292";"1966155";"33355";;;"gironde@brgm.fr";"2011-01-03";"gironde@brgm.fr";;"2011-08-22";;"sbdbAdministrateur@brgm.fr";"2";;
"3876";"AQIAW0012415";;;"orifice naturel";"naturelle";"naturelle";"Grotte_Nouaut";"abandon";"public";;;"orifice visible";"approché";"approche";"carte au 1/25000";"25";"2011-01-03";;"2011-01-03";"5";"390181.000000";"1967900.900000";"54";"390181";"1967901";"33355";;;"gironde@brgm.fr";"2011-01-03";"gironde@brgm.fr";;"2011-08-22";;"sbdbAdministrateur@brgm.fr";"2";;
"121017";"AQIAW0012416";;;"orifice naturel";"naturelle";"naturelle";"Grotte_Brousey_1";"abandon";"public";;;"orifice visible";"approché";"approche";"carte au 1/25000";"25";"2011-01-03";;"2011-01-03";"5";"390691.930000";"1966986.500000";"55";"390692";"1966987";"33355";;;"gironde@brgm.fr";"2011-01-03";"gironde@brgm.fr";;"2011-08-22";;"sbdbAdministrateur@brgm.fr";"2";;
"117825";"AQIAW0012467";;;"orifice naturel";"naturelle";"naturelle";"Grotte_Brousey_2";"abandon";"public";;;"orifice visible";"approché";"approche";"carte au 1/25000";"25";"2011-01-06";;"2011-01-06";"5";"390692.350000";"1967266.700000";"50";"390692";"1967267";"33355";;;"gironde@brgm.fr";"2011-01-06";"gironde@brgm.fr";;"2011-08-22";;"sbdbAdministrateur@brgm.fr";"2";;
"119873";"AQIAW0012468";;;"orifice naturel";"naturelle";"naturelle";"Grand_Gouffre";"abandon";"public";;;"orifice visible";"approché";"approche";"carte au 1/25000";"25";"2011-01-06";;"2011-01-06";"5";"390717.710000";"1967492.900000";"40";"390718";"1967493";"33355";;;"gironde@brgm.fr";"2011-01-06";"gironde@brgm.fr";;"2011-08-22";;"sbdbAdministrateur@brgm.fr";"2";;
"120914";"AQIAW0012469";;;"orifice naturel";"naturelle";"naturelle";"Petit_Gouffre";"abandon";"public";;;"orifice visible";"approché";"approche";"carte au 1/25000";"25";"2011-01-06";;"2011-01-06";"5";"390669.700000";"1967502.900000";"42";"390670";"1967503";"33355";;;"gironde@brgm.fr";"2011-01-06";"gironde@brgm.fr";;"2011-08-22";;"sbdbAdministrateur@brgm.fr";"2";;
"119915";"AQIAW0012470";;;"orifice naturel";"naturelle";"naturelle";"Grotte_Rallye_2";"abandon";"public";;;"orifice visible";"approché";"approche";"carte au 1/25000";"25";"2010-01-06";;"2011-01-06";"5";"398104.970000";"1978142.000000";"60";"398105";"1978142";"33358";;;"gironde@brgm.fr";"2011-01-06";"gironde@brgm.fr";;"2011-08-22";;"sbdbAdministrateur@brgm.fr";"2";;
"117877";"AQIAW0012471";;;"orifice naturel";"naturelle";"naturelle";"Grotte_Bois_Anguille";"abandon";"public";;;"orifice visible";"approché";"approche";"carte au 1/25000";"25";"2011-01-06";;"2011-01-06";"5";"405085.410000";"1963066.900000";"50";"405085";"1963067";"33427";;;"gironde@brgm.fr";"2011-01-06";"gironde@brgm.fr";;"2011-08-22";;"sbdbAdministrateur@brgm.fr";"2";;
"120963";"AQIAW0012472";;;"orifice naturel";"naturelle";"naturelle";"SMJ01";"abandon";"public";;;"orifice visible";"approché";"approche";"carte au 1/25000";"25";"2011-01-06";;"2011-01-06";"5";"360169.960000";"1992965.500000";"8";"360170";"1992966";"33449";;;"gironde@brgm.fr";"2011-01-06";"gironde@brgm.fr";;"2011-08-22";;"sbdbAdministrateur@brgm.fr";"2";;
"3900";"AQIAW0012473";;;"orifice naturel";"naturelle";"naturelle";"SMJ02";"abandon";"public";;;"orifice visible";"approché";"approche";"carte au 1/25000";"25";"2011-01-06";;"2011-01-06";"5";"360569.400000";"1993112.900000";"7";"360569";"1993113";"33449";;;"gironde@brgm.fr";"2011-01-06";"gironde@brgm.fr";;"2011-08-22";;"sbdbAdministrateur@brgm.fr";"2";;
"120964";"AQIAW0012474";;;"orifice naturel";"naturelle";"naturelle";"Vallon_Liege_Perte";"abandon";"public";;;"orifice visible";"approché";"approche";"carte au 1/25000";"25";"2011-01-06";;"2011-01-06";"5";"360456.300000";"1993658.300000";"13";"360456";"1993658";"33449";;;"gironde@brgm.fr";"2011-01-06";"gironde@brgm.fr";;"2011-08-22";;"sbdbAdministrateur@brgm.fr";"2";;
"3901";"AQIAW0012475";;;"orifice naturel";"naturelle";"naturelle";"Tyran_Biron";"abandon";"public";;;"orifice visible";"approché";"approche";"carte au 1/25000";"25";"2011-01-06";;"2011-01-06";"5";"360107.120000";"1993074.700000";"12";"360107";"1993075";"33449";;;"gironde@brgm.fr";"2011-01-06";"gironde@brgm.fr";;"2011-08-22";;"sbdbAdministrateur@brgm.fr";"2";;
"121077";"AQIAW0012476";;;"orifice naturel";"naturelle";"naturelle";"Grotte_Trompe_Artigolle";"abandon";"public";;;"orifice visible";"approché";"approche";"carte au 1/25000";"25";"2011-01-06";;"2011-01-06";"5";"398337.150000";"1959762.400000";"63";"398337";"1959762";"33367";;;"gironde@brgm.fr";"2011-01-06";"gironde@brgm.fr";;"2011-08-22";;"sbdbAdministrateur@brgm.fr";"2";;
"119936";"AQIAW0012477";;;"orifice naturel";"naturelle";"naturelle";"Grotte_Plaige";"abandon";"public";;;"orifice visible";"approché";"approche";"carte au 1/25000";"25";"2011-01-06";;"2011-01-06";"5";"425029.660000";"1980540.400000";"70";"425030";"1980540";"33377";;;"gironde@brgm.fr";"2011-01-06";"gironde@brgm.fr";;"2011-08-22";;"sbdbAdministrateur@brgm.fr";"2";;
"121032";"AQIAW0012478";;;"orifice naturel";"naturelle";"naturelle";"Grotte_Grand_Ousteau";"abandon";"public";;;"orifice visible";"approché";"approche";"carte au 1/25000";"25";"2011-01-06";;"2011-01-06";"5";"424508.440000";"1981356.500000";"74";"424508";"1981357";"33377";;;"gironde@brgm.fr";"2011-01-06";"gironde@brgm.fr";;"2011-08-22";;"sbdbAdministrateur@brgm.fr";"2";;
"3917";"AQIAW0012479";;;"orifice naturel";"naturelle";"naturelle";"Gouffre_Bichon";"abandon";"public";;;"orifice visible";"approché";"approche";"carte au 1/25000";"25";"2011-01-06";;"2011-01-06";"5";"380955.020000";"1975292.700000";"57";"380955";"1975293";"33381";;;"gironde@brgm.fr";"2011-01-06";"gironde@brgm.fr";;"2011-08-22";;"sbdbAdministrateur@brgm.fr";"2";;
"116718";"AQIAW0012480";;;"orifice naturel";"naturelle";"naturelle";"Perte_Bichon";"abandon";"public";;;"orifice visible";"approché";"approche";"carte au 1/25000";"25";"2011-01-06";;"2011-01-06";"5";"381006.040000";"1975291.600000";"57";"381006";"1975292";"33381";;;"gironde@brgm.fr";"2011-01-06";"gironde@brgm.fr";;"2011-08-22";;"sbdbAdministrateur@brgm.fr";"2";;
"120965";"AQIAW0012481";;;"orifice naturel";"naturelle";"naturelle";"Grotte_Parc_1";"abandon";"public";;;"orifice visible";"approché";"approche";"carte au 1/25000";"25";"2011-01-06";;"2011-01-06";"5";"417137.260000";"1969070.200000";"70";"417137";"1969070";"33400";;;"gironde@brgm.fr";"2011-01-06";"gironde@brgm.fr";;"2011-08-22";;"sbdbAdministrateur@brgm.fr";"2";;
"117905";"AQIAW0012482";;;"orifice naturel";"naturelle";"naturelle";"Grotte_Parc_2";"abandon";"public";;;"orifice visible";"approché";"approche";"carte au 1/25000";"25";"2011-01-06";;"2011-01-06";"5";"417332.350000";"1969042.900000";"75";"417332";"1969043";"33400";;;"gironde@brgm.fr";"2011-01-06";"gironde@brgm.fr";;"2011-08-22";;"sbdbAdministrateur@brgm.fr";"2";;
"117910";"AQIAW0012483";;;"orifice naturel";"naturelle";"naturelle";"Grotte_Pic";"abandon";"public";;;"orifice visible";"approché";"approche";"carte au 1/25000";"25";"2011-01-06";;"2011-01-06";"5";"404391.800000";"1960842.400000";"50";"404392";"1960842";"33403";;;"gironde@brgm.fr";"2011-01-06";"gironde@brgm.fr";;"2011-08-22";;"sbdbAdministrateur@brgm.fr";"2";;
"119052";"AQIAW0012484";;;"orifice naturel";"naturelle";"naturelle";"Grotte_Sainte_Radegonde";"abandon";"public";;;"orifice visible";"approché";"approche";"carte au 1/25000";"25";"2011-01-06";;"2011-01-06";"5";"416286.520000";"1980868.000000";"88";"416287";"1980868";"33468";;;"gironde@brgm.fr";"2011-01-06";"gironde@brgm.fr";;"2011-08-22";;"sbdbAdministrateur@brgm.fr";"2";;
"121099";"AQIAW0012485";;;"orifice naturel";"naturelle";"naturelle";"Grotte_Vidon_Ouest";"abandon";"public";;;"orifice visible";"approché";"approche";"carte au 1/25000";"25";"2011-01-06";;"2011-01-06";"5";"417718.130000";"1981516.400000";"82";"417718";"1981516";"33468";;;"gironde@brgm.fr";"2011-01-06";"gironde@brgm.fr";;"2011-08-22";;"sbdbAdministrateur@brgm.fr";"2";;
"117079";"AQIAW0012486";;;"orifice naturel";"naturelle";"naturelle";"Grotte_Fongabure";"abandon";"public";;;"orifice visible";"centroide de commune";"centroide de commune";"carte au 1/25000";"0";"2011-01-06";;"2011-01-06";"5";"401878.000000";"1991349.500000";;"401878";"1991350";"33394";;;"gironde@brgm.fr";"2011-01-06";"gironde@brgm.fr";;"2011-08-22";;"sbdbAdministrateur@brgm.fr";"2";;
"121100";"AQIAW0012487";;;"orifice naturel";"naturelle";"naturelle";"Grotte_Grand_Mayne";"abandon";"public";;;"orifice visible";"approché";"approche";"carte au 1/25000";"25";"2011-01-06";;"2011-01-06";"5";"406955.560000";"1962299.700000";"50";"406956";"1962300";"33398";;;"gironde@brgm.fr";"2011-01-06";"gironde@brgm.fr";;"2011-08-22";;"sbdbAdministrateur@brgm.fr";"2";;
"120999";"AQIAW0012488";;;"orifice naturel";"naturelle";"naturelle";"Grotte_Chapoulie_entree_buse";"abandon";"public";;;"orifice visible";"approché";"approche";"carte au 1/25000";"25";"2011-01-06";;"2011-01-06";"5";"406659.790000";"1961887.900000";"48";"406660";"1961888";"33398";;;"gironde@brgm.fr";"2011-01-06";"gironde@brgm.fr";;"2011-08-22";;"sbdbAdministrateur@brgm.fr";"2";;
"121033";"AQIAW0012489";;;"orifice naturel";"naturelle";"naturelle";"Grotte_Chapoulie_entree_superieure";"abandon";"public";;;"orifice visible";"approché";"approche";"carte au 1/25000";"25";"2011-01-06";;"2011-01-06";"5";"406887.590000";"1961779.500000";"50";"406888";"1961780";"33398";;;"gironde@brgm.fr";"2011-01-06";"gironde@brgm.fr";;"2011-08-22";;"sbdbAdministrateur@brgm.fr";"2";;
"121034";"AQIAW0012490";;;"orifice naturel";"naturelle";"naturelle";"Grotte_Moulin_Tournard_entree_superieure";"abandon";"public";;;"orifice visible";"approché";"approche";"carte au 1/25000";"25";"2011-01-06";;"2011-01-06";"5";"405085.220000";"1962222.300000";"42";"405085";"1962222";"33398";;;"gironde@brgm.fr";"2011-01-06";"gironde@brgm.fr";;"2011-08-22";;"sbdbAdministrateur@brgm.fr";"2";;
"121000";"AQIAW0012491";;;"orifice naturel";"naturelle";"naturelle";"Grotte_Moulin_Tournard_emergence";"abandon";"public";;;"orifice visible";"approché";"approche";"carte au 1/25000";"25";"2011-01-06";;"2011-01-06";"5";"404987.210000";"1962262.500000";"40";"404987";"1962263";"33398";;;"gironde@brgm.fr";"2011-01-06";"gironde@brgm.fr";;"2011-08-22";;"sbdbAdministrateur@brgm.fr";"2";;
"3920";"AQIAW0012503";;;"orifice naturel";"naturelle";"naturelle";"Confidentiel";"abandon";"confidentiel";"site archéologique";"DRAC";"orifice visible";"approché";"approche";"carte au 1/25000";"";"2011-01-07";;"2011-01-07";"";"";"";"";"";"";"33399";;;"gironde@brgm.fr";"2011-01-07";"gironde@brgm.fr";;"2011-08-22";;"sbdbAdministrateur@brgm.fr";"2";;
"121001";"AQIAW0012504";;;"orifice naturel";"naturelle";"naturelle";"Grotte_Bois_Anguille_entree_Grosse";"abandon";"public";;;"orifice visible";"approché";"approche";"carte au 1/25000";"25";"2011-01-07";;"2011-01-07";"5";"405244.700000";"1963900.200000";"63";"405245";"1963900";"33399";;;"gironde@brgm.fr";"2011-01-07";"gironde@brgm.fr";;"2011-08-22";;"sbdbAdministrateur@brgm.fr";"2";;
"120990";"AQIAW0012505";;;"orifice naturel";"naturelle";"naturelle";"Grotte_Bois_Anguille_entree_bois";"abandon";"public";;;"orifice visible";"approché";"approche";"carte au 1/25000";"25";"2011-01-07";;"2011-01-07";"5";"405491.700000";"1963790.800000";"52";"405492";"1963791";"33399";;;"gironde@brgm.fr";"2011-01-07";"gironde@brgm.fr";;"2011-08-22";;"sbdbAdministrateur@brgm.fr";"2";;
"3907";"AQIAW0012506";;;"orifice naturel";"naturelle";"naturelle";"Grotte_Poubelle";"abandon";"public";;;"orifice visible";"approché";"approche";"carte au 1/25000";"25";"2011-01-07";;"2011-01-07";"5";"407012.750000";"1964547.200000";"52";"407013";"1964547";"33399";;;"gironde@brgm.fr";"2011-01-07";"gironde@brgm.fr";;"2011-08-22";;"sbdbAdministrateur@brgm.fr";"2";;
"121035";"AQIAW0012507";;;"orifice naturel";"naturelle";"naturelle";"Grotte_Binet";"abandon";"public";;;"orifice visible";"approché";"approche";"carte au 1/25000";"25";"2011-01-07";;"2011-01-07";"5";"385282.250000";"1975780.200000";"50";"385282";"1975780";"33408";;;"gironde@brgm.fr";"2011-01-07";"gironde@brgm.fr";;"2011-08-22";;"sbdbAdministrateur@brgm.fr";"2";;
"3908";"AQIAW0012508";;;"orifice naturel";"naturelle";"naturelle";"Reseau_Mouqueterie_aval";"abandon";"public";;;"orifice visible";"approché";"approche";"carte au 1/25000";"25";"2006-08-11";;"2014-10-23";"7";"448231.000000";"6404561.000000";"60";"400562";"1969161";"33409";"Le réseau  de la Mouqueterie  serait affecté de nombreuses dolines, résultat d'effondrements karstiques.  Un effondrement se serait produit sur la parcelle WC67 en 1975. Une doline (forme elliptique de 10 m par  5 m) aurait été identifiée sur la parcelle WC68.  Des reconnaissances du BC33 auraient permis de recenser une vingtaine d'effondrements anciens imputables au réseau karstique. ";;"gironde@brgm.fr";"2011-01-07";"e.vanoudheusden@brgm.fr";;"2013-08-07";;"e.vanoudheusden@brgm.fr";"2";;
"121002";"AQIAW0012509";;;"orifice naturel";"naturelle";"naturelle";"Grotte_Eglise";"abandon";"public";;;"orifice visible";"approché";"approche";"carte au 1/25000";"25";"2011-01-07";;"2011-01-07";"5";"401046.740000";"1969962.000000";"45";"401047";"1969962";"33409";;;"gironde@brgm.fr";"2011-01-07";"gironde@brgm.fr";;"2011-08-22";;"sbdbAdministrateur@brgm.fr";"2";;
"120967";"AQIAW0012510";;;"orifice naturel";"naturelle";"naturelle";"Grotte_Aristide_1";"abandon";"public";;;"orifice visible";"approché";"approche";"carte au 1/25000";"25";"2011-01-07";;"2011-01-07";"5";"400646.630000";"1970056.700000";"55";"400647";"1970057";"33409";;;"gironde@brgm.fr";"2011-01-07";"gironde@brgm.fr";;"2011-08-22";;"sbdbAdministrateur@brgm.fr";"2";;
"120991";"AQIAW0012515";;;"orifice naturel";"naturelle";"naturelle";"Confidentiel";"abandon";"confidentiel";"site archéolgique";"DRAC";"orifice visible";"centroide de commune";"centroide de commune";"carte au 1/25000";"";"2011-01-07";;"2011-01-07";"";"";"";"";"";"";"33414";;;"gironde@brgm.fr";"2011-01-07";"gironde@brgm.fr";;"2011-08-22";;"sbdbAdministrateur@brgm.fr";"2";;
"121003";"AQIAW0012517";;;"orifice naturel";"naturelle";"naturelle";"Confidentiel";"abandon";"confidentiel";"site archéologique";"DRAC";"orifice visible";"centroide de commune";"centroide de commune";"carte au 1/25000";"";"2011-01-07";;"2011-01-07";"";"";"";"";"";"";"33414";;;"gironde@brgm.fr";"2011-01-07";"gironde@brgm.fr";;"2011-08-22";;"sbdbAdministrateur@brgm.fr";"2";;
"120968";"AQIAW0012518";;;"orifice naturel";"naturelle";"naturelle";"Grotte_Saint_Germain";"abandon";"public";;;"orifice visible";"centroide de commune";"centroide de commune";"carte au 1/25000";"0";"2011-01-07";;"2011-01-07";"5";"389575.600000";"1997297.500000";;"389576";"1997298";"33414";;;"gironde@brgm.fr";"2011-01-07";"gironde@brgm.fr";;"2011-08-22";;"sbdbAdministrateur@brgm.fr";"2";;
"121057";"AQIAW0012519";;;"ouvrage linéaire";"ouvrage civil";"ouvrage civil";"Grotte_Ferrand";"abandon";"public";;;"orifice supposé";"centroide de commune";"centroide de commune";"carte au 1/25000";"0";"2011-01-07";;"2011-01-07";"5";"405538.590000";"1989825.200000";"75";"405539";"1989825";"33420";;;"gironde@brgm.fr";"2011-01-07";"gironde@brgm.fr";;"2011-08-22";;"sbdbAdministrateur@brgm.fr";"2";;
"120992";"AQIAW0012520";;;"orifice naturel";"naturelle";"naturelle";"Grotte_Saint_Macaire";"abandon";"public";;;"orifice visible";"approché";"approche";"carte au 1/25000";"25";"2011-01-07";;"2011-01-07";"5";"396443.500000";"1954779.700000";"9";"396444";"1954780";"33435";;;"gironde@brgm.fr";"2011-01-07";"gironde@brgm.fr";;"2011-08-22";;"sbdbAdministrateur@brgm.fr";"2";;
"120969";"AQIAW0012524";;;"orifice naturel";"naturelle";"naturelle";"Grotte_Courtey";"abandon";"public";;;"orifice visible";"approché";"approche";"carte au 1/25000";"25";"2011-01-07";;"2011-01-07";"5";"398922.080000";"1962180.200000";"58";"398922";"1962180";"33440";;;"gironde@brgm.fr";"2011-01-07";"gironde@brgm.fr";;"2011-08-22";;"sbdbAdministrateur@brgm.fr";"2";;
"121004";"AQIAW0012525";;;"orifice naturel";"naturelle";"naturelle";"Gouffre_Villepreux";"abandon";"public";;;"orifice visible";"approché";"approche";"carte au 1/25000";"25";"2011-01-07";;"2011-01-07";"5";"411451.000000";"1964835.200000";"67";"411451";"1964835";"33443";;;"gironde@brgm.fr";"2011-01-07";"gironde@brgm.fr";;"2011-08-22";;"sbdbAdministrateur@brgm.fr";"2";;
"120970";"AQIAW0012526";;;"orifice naturel";"naturelle";"naturelle";"Grotte_Villepreux_emergence";"abandon";"public";;;"orifice visible";"approché";"approche";"carte au 1/25000";"25";"2011-01-07";;"2011-01-07";"5";"411587.250000";"1964955.100000";"45";"411587";"1964955";"33443";;;"gironde@brgm.fr";"2011-01-07";"gironde@brgm.fr";;"2011-08-22";;"sbdbAdministrateur@brgm.fr";"2";;
"121101";"AQIAW0012527";;;"orifice naturel";"naturelle";"naturelle";"Grotte_Villepreux_entree_CRES";"abandon";"public";;;"orifice visible";"approché";"approche";"carte au 1/25000";"25";"2011-01-07";;"2011-01-07";"5";"411352.130000";"1964975.400000";"56";"411352";"1964975";"33443";;;"gironde@brgm.fr";"2011-01-07";"gironde@brgm.fr";;"2011-08-22";;"sbdbAdministrateur@brgm.fr";"2";;
"120971";"AQIAW0012528";;;"orifice naturel";"naturelle";"naturelle";"Grotte_Villepreux_entree_superieure";"abandon";"public";;;"orifice visible";"approché";"approche";"carte au 1/25000";"25";"2011-01-07";;"2011-01-07";"5";"410919.860000";"1964980.000000";"65";"410920";"1964980";"33443";;;"gironde@brgm.fr";"2011-01-07";"gironde@brgm.fr";;"2011-08-22";;"sbdbAdministrateur@brgm.fr";"2";;
"120972";"AQIAW0012529";;;"orifice naturel";"naturelle";"naturelle";"Grotte_Villepreux_perte";"abandon";"public";;;"orifice visible";"approché";"approche";"carte au 1/25000";"25";"2011-01-07";;"2011-01-07";"5";"411116.030000";"1965014.800000";"60";"411116";"1965015";"33443";;;"gironde@brgm.fr";"2011-01-07";"gironde@brgm.fr";;"2011-08-22";;"sbdbAdministrateur@brgm.fr";"2";;
"120973";"AQIAW0012530";;;"orifice naturel";"naturelle";"naturelle";"Reseau_Saint_Martin_emergence";"abandon";"public";;;"orifice visible";"approché";"approche";"carte au 1/25000";"25";"2011-01-07";;"2011-01-07";"5";"411242.030000";"1963501.600000";"45";"411242";"1963502";"33443";;;"gironde@brgm.fr";"2011-01-07";"gironde@brgm.fr";;"2011-08-22";;"sbdbAdministrateur@brgm.fr";"2";;
"121005";"AQIAW0012531";;;"orifice naturel";"naturelle";"naturelle";"Reseau_Saint_Martin_puits_ecole";"abandon";"public";;;"orifice visible";"approché";"approche";"carte au 1/25000";"25";"2011-01-07";;"2011-01-07";"5";"411289.250000";"1963633.600000";"60";"411289";"1963634";"33443";;;"gironde@brgm.fr";"2011-01-07";"gironde@brgm.fr";;"2011-08-22";;"sbdbAdministrateur@brgm.fr";"2";;
"121036";"AQIAW0012532";;;"orifice naturel";"naturelle";"naturelle";"Reseau_Tennis_emergence";"abandon";"public";;;"orifice visible";"approché";"approche";"carte au 1/25000";"25";"2011-01-07";;"2011-01-07";"5";"411820.470000";"1963544.900000";"40";"411820";"1963545";"33443";;;"gironde@brgm.fr";"2011-01-07";"gironde@brgm.fr";;"2011-08-22";;"sbdbAdministrateur@brgm.fr";"2";;
"121037";"AQIAW0012533";;;"orifice naturel";"naturelle";"naturelle";"Confidentiel";"abandon";"confidentiel";"espèces protégées";"DREAL";"orifice visible";"approché";"approche";"carte au 1/25000";"";"2011-01-07";;"2011-01-07";"";"";"";"";"";"";"33446";;;"gironde@brgm.fr";"2011-01-07";"gironde@brgm.fr";;"2011-08-22";;"sbdbAdministrateur@brgm.fr";"2";;
"121038";"AQIAW0012534";;;"orifice naturel";"naturelle";"naturelle";"Confidentiel";"abandon";"confidentiel";"espèces protégées";"DREAL";"orifice visible";"approché";"approche";"carte au 1/25000";"";"2011-01-07";;"2011-01-07";"";"";"";"";"";"";"33446";;;"gironde@brgm.fr";"2011-01-07";"gironde@brgm.fr";;"2011-08-22";;"sbdbAdministrateur@brgm.fr";"2";;
"120974";"AQIAW0012535";;;"orifice naturel";"naturelle";"naturelle";"Confidentiel";"abandon";"confidentiel";"espèces protégées";"DREAL";"orifice visible";"approché";"approche";"carte au 1/25000";"";"2011-01-07";;"2011-01-07";"";"";"";"";"";"";"33446";;;"gironde@brgm.fr";"2011-01-07";"gironde@brgm.fr";;"2011-08-22";;"sbdbAdministrateur@brgm.fr";"2";;
"121039";"AQIAW0012536";;;"orifice naturel";"naturelle";"naturelle";"Confidentiel";"abandon";"confidentiel";"espèces protégées";"DREAL";"orifice visible";"centroide de commune";"centroide de commune";"carte au 1/25000";"";"2011-01-07";;"2011-01-07";"";"";"";"";"";"";"33446";;;"gironde@brgm.fr";"2011-01-07";"gironde@brgm.fr";;"2011-08-22";;"sbdbAdministrateur@brgm.fr";"2";;
"121046";"AQIAW0012537";;;"orifice naturel";"naturelle";"naturelle";"Grotte_Alain_Bernard";"abandon";"public";;;"orifice visible";"approché";"approche";"carte au 1/25000";"25";"2011-01-07";;"2011-01-07";"5";"412729.680000";"1965473.900000";"40";"412730";"1965474";"33446";;;"gironde@brgm.fr";"2011-01-07";"gironde@brgm.fr";;"2011-08-22";;"sbdbAdministrateur@brgm.fr";"2";;
"121040";"AQIAW0012538";;;"orifice naturel";"naturelle";"naturelle";"Grotte_Grand_Pont_emergence";"abandon";"public";;;"orifice visible";"approché";"approche";"carte au 1/25000";"25";"2011-01-07";;"2011-01-07";"5";"411712.990000";"1966897.100000";"55";"411713";"1966897";"33446";;;"gironde@brgm.fr";"2011-01-07";"gironde@brgm.fr";;"2011-08-22";;"sbdbAdministrateur@brgm.fr";"2";;
"121041";"AQIAW0012539";;;"orifice naturel";"naturelle";"naturelle";"Grotte_Grand_Pont_entree_nord";"abandon";"public";;;"orifice visible";"approché";"approche";"carte au 1/25000";"25";"2011-01-07";;"2011-01-07";"5";"412254.080000";"1967448.700000";"70";"412254";"1967449";"33446";;;"gironde@brgm.fr";"2011-01-07";"gironde@brgm.fr";;"2011-08-22";;"sbdbAdministrateur@brgm.fr";"2";;
"121042";"AQIAW0012540";;;"orifice naturel";"naturelle";"naturelle";"Grotte_Grand_Pont_entree_ouest";"abandon";"public";;;"orifice visible";"approché";"approche";"carte au 1/25000";"25";"2011-01-07";;"2011-01-07";"5";"411734.680000";"1967397.400000";"63";"411735";"1967397";"33446";;;"gironde@brgm.fr";"2011-01-07";"gironde@brgm.fr";;"2011-08-22";;"sbdbAdministrateur@brgm.fr";"2";;
"120975";"AQIAW0012541";;;"orifice naturel";"naturelle";"naturelle";"Grotte_Maison_Noble";"abandon";"public";;;"orifice visible";"approché";"approche";"carte au 1/25000";"25";"2011-01-07";;"2011-01-07";"5";"412917.030000";"1965642.700000";"40";"412917";"1965643";"33446";;;"gironde@brgm.fr";"2011-01-07";"gironde@brgm.fr";;"2011-08-22";;"sbdbAdministrateur@brgm.fr";"2";;
"120976";"AQIAW0012543";;;"orifice naturel";"naturelle";"naturelle";"Grotte_Chanteranne_entree_superieure";"abandon";"public";;;"orifice visible";"approché";"approche";"carte au 1/25000";"25";"2011-01-07";;"2011-01-07";"5";"407252.610000";"1966477.000000";"46";"407253";"1966477";"33482";;;"gironde@brgm.fr";"2011-01-07";"gironde@brgm.fr";;"2011-08-22";;"sbdbAdministrateur@brgm.fr";"2";;
"121027";"AQIAW0012562";;;"orifice naturel";"naturelle";"naturelle";"Grotte_Saint_Michel_emergence";"abandon";"public";;;"orifice visible";"approché";"approche";"carte au 1/25000";"25";"2011-01-10";;"2011-01-10";"5";"403025.220000";"1923907.600000";"90";"403025";"1923908";"33450";;;"gironde@brgm.fr";"2011-01-10";"gironde@brgm.fr";;"2011-08-22";;"sbdbAdministrateur@brgm.fr";"2";;
"3904";"AQIAW0012563";;;"orifice naturel";"naturelle";"naturelle";"Grotte_Saint_Michel_perte";"abandon";"public";;;"orifice visible";"approché";"approche";"carte au 1/25000";"25";"2011-01-10";;"2011-01-10";"5";"403184.640000";"1924097.600000";"95";"403185";"1924098";"33450";;;"gironde@brgm.fr";"2011-01-10";"gironde@brgm.fr";;"2011-08-22";;"sbdbAdministrateur@brgm.fr";"2";;
"121047";"AQIAW0012564";;;"orifice naturel";"naturelle";"naturelle";"Grotte_Saint_Michel_tunnel";"abandon";"public";;;"orifice visible";"approché";"approche";"carte au 1/25000";"25";"2011-01-10";;"2011-01-10";"5";"403119.850000";"1924081.700000";"100";"403120";"1924082";"33450";;;"gironde@brgm.fr";"2011-01-10";"gironde@brgm.fr";;"2011-08-22";;"sbdbAdministrateur@brgm.fr";"2";;
"121058";"AQIAW0012565";;;"orifice naturel";"naturelle";"naturelle";"Grotte_Bougognade";"abandon";"public";;;"orifice visible";"centroide de commune";"centroide de commune";"carte au 1/25000";"0";"2011-01-10";;"2011-01-10";"5";"435015.600000";"1982552.000000";;"435016";"1982552";"33462";;;"gironde@brgm.fr";"2011-01-10";"gironde@brgm.fr";;"2011-08-22";;"sbdbAdministrateur@brgm.fr";"2";;
"119145";"AQIAW0012566";;;"orifice naturel";"naturelle";"naturelle";"Grotte_Petit_Luc";"abandon";"public";;;"orifice visible";"approché";"approche";"carte au 1/25000";"25";"2011-01-10";;"2011-01-10";"5";"396277.260000";"1967541.500000";"60";"396277";"1967542";"33464";;;"gironde@brgm.fr";"2011-01-10";"gironde@brgm.fr";;"2011-08-22";;"sbdbAdministrateur@brgm.fr";"2";;
"121068";"AQIAW0012567";;;"orifice naturel";"naturelle";"naturelle";"Grotte_Condus";"abandon";"public";;;"orifice visible";"centroide de commune";"centroide de commune";"carte au 1/25000";"0";"2011-01-10";;"2011-01-10";"5";"392882.600000";"1983119.500000";;"392883";"1983120";"33466";;;"gironde@brgm.fr";"2011-01-10";"gironde@brgm.fr";;"2011-08-22";;"sbdbAdministrateur@brgm.fr";"2";;
"3918";"AQIAW0012568";;;"orifice naturel";"naturelle";"naturelle";"Grotte_Moulin_Neuf";"abandon";"public";;;"orifice visible";"centroide de commune";"centroide de commune";"carte au 1/25000";"0";"2011-01-10";;"2011-01-10";"5";"392882.600000";"1983119.500000";;"392883";"1983120";"33466";;;"gironde@brgm.fr";"2011-01-10";"gironde@brgm.fr";;"2011-08-22";;"sbdbAdministrateur@brgm.fr";"2";;
"121069";"AQIAW0012569";;;"orifice naturel";"naturelle";"naturelle";"Grotte_Roc";"abandon";"public";;;"orifice visible";"approché";"approche";"carte au 1/25000";"25";"2011-01-10";;"2011-01-10";"5";"418587.090000";"1962204.900000";"50";"418587";"1962205";"33481";;;"gironde@brgm.fr";"2011-01-10";"gironde@brgm.fr";;"2011-08-22";;"sbdbAdministrateur@brgm.fr";"2";;
"121070";"AQIAW0012570";;;"orifice naturel";"naturelle";"naturelle";"Grotte_Font_Roc";"abandon";"public";;;"orifice visible";"approché";"approche";"carte au 1/25000";"25";"2011-01-10";;"2011-01-10";"5";"427675.370000";"1980800.200000";"65";"427675";"1980800";"33467";;;"gironde@brgm.fr";"2011-01-10";"gironde@brgm.fr";;"2011-08-22";;"sbdbAdministrateur@brgm.fr";"2";;
"3905";"AQIAW0012571";;;"orifice naturel";"naturelle";"naturelle";"Grotte_Bois_Litory_emergence";"abandon";"public";;;"orifice visible";"approché";"approche";"carte au 1/25000";"25";"2011-01-10";;"2011-01-10";"5";"425432.170000";"1980770.000000";"70";"425432";"1980770";"33467";;;"gironde@brgm.fr";"2011-01-10";"gironde@brgm.fr";;"2011-08-22";;"sbdbAdministrateur@brgm.fr";"2";;
"3906";"AQIAW0012572";;;"orifice naturel";"naturelle";"naturelle";"Grotte_Bois_Litory_entree";"abandon";"public";;;"orifice visible";"approché";"approche";"carte au 1/25000";"25";"2011-01-10";;"2011-01-10";"5";"425472.800000";"1980467.800000";"75";"425473";"1980468";"33467";;;"gironde@brgm.fr";"2011-01-10";"gironde@brgm.fr";;"2011-08-22";;"sbdbAdministrateur@brgm.fr";"2";;
"121090";"AQIAW0012573";;;"orifice naturel";"naturelle";"naturelle";"Grotte_Bois_Madame";"abandon";"public";;;"orifice visible";"approché";"approche";"carte au 1/25000";"25";"2011-01-10";;"2011-01-10";"5";"425324.910000";"1979042.200000";"75";"425325";"1979042";"33467";;;"gironde@brgm.fr";"2011-01-10";"gironde@brgm.fr";;"2011-08-22";;"sbdbAdministrateur@brgm.fr";"2";;
"121023";"AQIAW0012574";;;"orifice naturel";"naturelle";"naturelle";"Grotte_Bouchonnerie";"abandon";"public";;;"orifice visible";"approché";"approche";"carte au 1/25000";"25";"2011-01-10";;"2011-01-10";"5";"406874.800000";"1979590.200000";"50";"406875";"1979590";"33488";;;"gironde@brgm.fr";"2011-01-10";"gironde@brgm.fr";;"2011-08-22";;"sbdbAdministrateur@brgm.fr";"2";;
"120993";"AQIAW0012575";;;"orifice naturel";"naturelle";"naturelle";"Grotte_Rouquey";"abandon";"public";;;"orifice visible";"approché";"approche";"carte au 1/25000";"25";"2011-01-10";;"2011-01-10";"5";"381547.140000";"1972640.200000";"50";"381547";"1972640";"33518";;;"gironde@brgm.fr";"2011-01-10";"gironde@brgm.fr";;"2011-08-22";;"sbdbAdministrateur@brgm.fr";"2";;
"121024";"AQIAW0012576";;;"orifice naturel";"naturelle";"naturelle";"Grotte_Luc";"abandon";"public";;;"orifice visible";"approché";"approche";"carte au 1/25000";"25";"2011-01-10";;"2011-01-10";"5";"394872.620000";"1957630.100000";;"394873";"1957630";"33543";;;"gironde@brgm.fr";"2011-01-10";"gironde@brgm.fr";;"2011-08-22";;"sbdbAdministrateur@brgm.fr";"2";;
"121091";"AQIAW0012577";;;"orifice naturel";"naturelle";"naturelle";"Ruisseau_Villenave_1_entree_superieure";"abandon";"public";;;"orifice visible";"approché";"approche";"carte au 1/25000";"25";"2011-01-10";;"2011-01-10";"5";"387779.680000";"1968662.100000";"40";"387780";"1968662";"33549";;;"gironde@brgm.fr";"2011-01-10";"gironde@brgm.fr";;"2011-08-22";;"sbdbAdministrateur@brgm.fr";"2";;
"121092";"AQIAW0012578";;;"orifice naturel";"naturelle";"naturelle";"Ruisseau_Villenave_2";"abandon";"public";;;"orifice visible";"approché";"approche";"carte au 1/25000";"25";"2011-01-10";;"2011-01-10";"5";"387486.350000";"1968571.500000";"40";"387486";"1968572";"33549";;;"gironde@brgm.fr";"2011-01-10";"gironde@brgm.fr";;"2011-08-22";;"sbdbAdministrateur@brgm.fr";"2";;
"121093";"AQIAW0012579";;;"orifice naturel";"naturelle";"naturelle";"Ruisseau_Villenave_3";"abandon";"public";;;"orifice visible";"centroide de commune";"centroide de commune";"carte au 1/25000";"0";"2011-01-10";;"2011-01-10";"5";"387678.100000";"1969032.500000";;"387678";"1969033";"33549";;;"gironde@brgm.fr";"2011-01-10";"gironde@brgm.fr";;"2011-08-22";;"sbdbAdministrateur@brgm.fr";"2";;
"120994";"AQIAW0012580";;;"orifice naturel";"naturelle";"naturelle";"Gouffre_Virelade";"abandon";"public";;;"orifice visible";"approché";"approche";"carte au 1/25000";"25";"2011-01-10";;"2011-01-10";"5";"383274.550000";"1965276.000000";"20";"383275";"1965276";"33552";;;"gironde@brgm.fr";"2011-01-10";"gironde@brgm.fr";;"2011-08-22";;"sbdbAdministrateur@brgm.fr";"2";;
"118255";"AQIAW0012602";;;"souterrain refuge";"ouvrage civil";"ouvrage civil";"Habitats_troglodytiques";"abandon";"public";;;"centre cavité";"approché";"approche";"carte au 1/25000";"100";"2011-01-03";;"2011-02-03";"5";"392381.000000";"1946923.000000";;"392381";"1946923";"33279";;;"gironde@brgm.fr";"2011-02-03";"gironde@brgm.fr";;"2011-08-22";;"sbdbAdministrateur@brgm.fr";"2";;
"116302";"AQIAW0012603";;;"souterrain refuge";"ouvrage civil";"ouvrage civil";"Habitats_troglodytiques_C";"abandon";"public";;;"centre cavité";"approché";"approche";"carte au 1/25000";"100";"2011-02-03";;"2011-02-03";"5";"392538.000000";"1946885.000000";;"392538";"1946885";"33279";;;"gironde@brgm.fr";"2011-02-03";"gironde@brgm.fr";;"2011-08-22";;"sbdbAdministrateur@brgm.fr";"2";;
"109192";"AQIAW0017147";;;"orifice_naturel_vertical";"naturelle";"naturelle";"Vignoble_Chateau_Voigny";"abandon";"public";;;"orifice visible";"précis";"precis";"GPS";"5";"2011-03-25";;"2012-04-17";"7";"438279.000000";"6393404.000000";"9";"390692";"1957911";"33337";"cavité effondrée et remblayée, effondrement évolutif- Date des effondrements : Petit fontis apparus en janvier 2011. - Taille : ll mesure 1,5 par 0,9 m et 1,5 m de profondeur. - Phénomène associé : Il est associé à 3 autres petits fontis de quelques décimètres de profondeur qui sont alignés Nord-Sud et distant de 1,5 m les uns des autres. Seul le Fontis principal (le plus au Nord) à été repéré compte tenu de la faible distance.-Caractérisqtaion : Fontis karstique sous couverture- Diagnostic : Ces fontis surviennent sur les  terrases de la Garonne qui reposent sur le Calcaire à Astéries oligoçène karstifié.On suppose qu'il s'agit d'un soutirage de la couverture dans le karst lié à des variations de pressions dans la nappe karstique de l'oligocène en contact avec la nappe alluviale de la Garonne, qui subit des variations de pressions liées à des variations de niveau (Crues, influences des marées). Ce phénomène est régional sur les terrasses de la Garonne au niveau de Langon
risque de fontis";;"gironde@brgm.fr";"2011-07-25";"gironde@brgm.fr";;"2012-09-10";;"e.vanoudheusden@brgm.fr";"2";;
"124764";"AQIAW0017154";;;"ouvrage surfacique";"ouvrage civil";"ouvrage civil";"Chappement_157 _avenue_Leclerc";"abandon";"public";;;"orifice visible";"précis";"precis";"GPS";"5";"2010-12-07";;"2011-08-22";"7";"408845.000000";"6416326.000000";"53";"361041";"1980613";"33318";"Cavité effondrée et remblayéeDate de l'éffondrement : entre le 2 et le 6 avril 2010Lieu : Jardin du 157 avenue du général Leclerc à Pessac 33600Description : Effondrement d'un puit circulaire traditionnel  rembalyé (1 m de diamètre) avec appartion d'un fontis de sur environ 1.8 m de profondeur.Diagonstic : Le  puit de 9 m a été remblayé, il capte les graviers des terrasses de la Garonne. Il a été remblayé, puis approfondi par un forage de 19m qui capte la base des alluvions et peut-être le falun calcaire miocene. L'effondrement correspond soit à un soutirage karstique de la couverture dans le karst miocene soit à un remblaiement mal effectué du puit.";;"gironde@brgm.fr";"2011-07-25";"sbdbAdministrateur@brgm.fr";;"2011-08-22";;"sbdbAdministrateur@brgm.fr";"2";;
"123407";"AQIAW0017156";;;"ouvrage linéaire";"ouvrage civil";"ouvrage civil";"Cap_de_Bos_Avenue_Provinces";"abandon";"public";;;"orifice visible";"précis";"precis";"autre";"10";"2007-01-06";;"2011-07-27";"5";"360957.000000";"1982026.000000";"48";"360957";"1982026";"33318";"Cavité effondrée et remblayéeBDMVT fiche n° 6 33 000263Lieu : Avenue des provinces (33600 Pessac) carrefour avec l'avenue du Parc d'EspagneDate de l'effondrement :  9 octobre 2000 à 6h50 am.Descrition :  cratere important sur la voirie (15 m de diamètre pour 3 m de profondeur)Diagnostic : Fuite d'eau de conduite avec renardage suposé ayant créer un cavité. Une voiture a été entrainée sans bléssé.";;"gironde@brgm.fr";"2011-07-25";"gironde@brgm.fr";;"2011-08-22";;"sbdbAdministrateur@brgm.fr";"2";;
"125099";"AQIAW0017157";;;"ouvrage linéaire";"ouvrage civil";"ouvrage civil";"Magonty_avenue_Californie";"abandon";"public";;;"orifice supposé";"précis";"precis";"autre";"10";"2007-01-06";;"2011-07-27";"5";"361748.000000";"1981447.000000";"51";"361748";"1981447";"33318";"Cavité effondrée et remblayéeBDMVT fiche n° 6 33 000264Lieu : Entre les numeros 2 et 4 de l'avenue de la Californie (Pessac, 33600)Date :  8 ou 9 mars 2001Descrition :  Affaissements sur la chaussée et jardins voisinsDiagnostic : Fuite d'eau de conduite avec renardage suposé ayant créer un cavité.  Sans dégats";;"gironde@brgm.fr";"2011-07-25";"gironde@brgm.fr";;"2011-08-22";;"sbdbAdministrateur@brgm.fr";"2";;
"4763";"AQIAW0017159";;;"orifice_naturel_vertical";"naturelle";"naturelle";"Confidentiel";"abandon";"confidentiel";"Proces en cours en 2011";"Sous préfecture de Langon";"orifice visible";"précis";"precis";"GPS";"";"2011-02-15";;"2011-08-22";"";"";"";"";"";"";"33438";"Cavité effondrée et remblayée, phénomène évolutifCavités associées : AQIAW0017159 à AQIAW0017167Date de l'effondrement : Juin 2010Description : Double cheminé karstique. Orifice de 3 x 1,5 m pour 3 m de profondeur environ. Cavité associée à 7 autres fontis dans la meme zone survenue entre juin 2010 et janvier 2011(référencés séparement) et une dizaine de fontis à l'Est de faible ampleur (référencés sous le meme numero).La zone est une ancienne gravière qui forme une cuvette sans exutoire hydrologique naturel.L'urbanisation de la zone débute en decembre 2009 (5 habitations construites et un dépot de materiel de chantier). les désordres apparissent 6 mois-1an plus tard.L'evacuation des eaux semblent avoir été mal conçue, l'evacuation des eaux pluviales s'effectue par puisards rapidement saturés (inondations des zones basses durant les pluies).Le sous sol est composé de 3 à 10 m de calcaire karstifié (Calcaire à Asteries de l'Oligocène) puis 67 m de marnes imperméables.Il est très probable que les puisards et la nouvelle urbanisation ont réactivés d'anciens boyaux karstiques colmatés qui sont apparues dans les jardins des habitations, les déblais étant ravinés par les écoulements karstiques horizontaux importants au contact calcaire/marnes.
Risque de fontis";;"gironde@brgm.fr";"2011-07-26";"sbdbAdministrateur@brgm.fr";;"2011-08-22";;"sbdbAdministrateur@brgm.fr";"2";;
"125208";"AQIAW0017160";;;"orifice_naturel_vertical";"naturelle";"naturelle";"Confidentiel";"abandon";"confidentiel";"Proces en cours en 2011";"Sous préfecture de Langon";"orifice visible";"précis";"precis";"GPS";"";"2011-02-15";;"2011-08-22";"";"";"";"";"";"";"33438";"Cavité effondrée et remblayée, phénomène évolutifCavités associées : AQIAW0017159 à AQIAW0017167Date de l'effondrement : 26 décembre 2010Description :  Orifice de 1,5 x 0,9 m pour 2 m de profondeur environ. Cavité associée à 7 autres fontis dans la meme zone survenue entre juin 2010 et janvier 2011(référencés séparement) et une dizaine de fontis à l'Est de faible ampleur (référencés sous le meme numero).La zone est une ancienne gravière qui forme une cuvette sans exutoire hydrologique naturel.L'urbanisation de la zone débute en decembre 2009 (5 habitations construites et un dépot de materiel de chantier). les désordres apparissent 6 mois-1an plus tard.L'evacuation des eaux semblent avoir été mal conçue, l'evacuation des eaux pluviales s'effectue par puisards rapidement saturés (inondations des zones basses durant les pluies).Le sous sol est composé de 3 à 10 m de calcaire karstifié (Calcaire à Asteries de l'Oligocène) puis 67 m de marnes imperméables.Il est très probable que les puisards et la nouvelle urbanisation ont réactivés d'anciens boyaux karstiques colmatés qui sont apparues dans les jardins des habitations, les déblais étant ravinés par les écoulements karstiques horizontaux importants au contact calcaire/marnes.
Risque de Fontis";;"gironde@brgm.fr";"2011-07-26";"sbdbAdministrateur@brgm.fr";;"2011-08-22";;"sbdbAdministrateur@brgm.fr";"2";;
"123788";"AQIAW0017161";;;"orifice_naturel_vertical";"naturelle";"naturelle";"Confidentiel";"abandon";"confidentiel";"Proces en cours en 2011";"Sous préfecture de Langon";"orifice visible";"précis";"precis";"GPS";"";"2011-02-15";;"2011-08-22";"";"";"";"";"";"";"33438";"Cavité effondrée et remblayée, phénomène évolutifCavités associées : AQIAW0017159 à AQIAW0017167Date de l'effondrement : 8 janvier 2011Description : Orifice circulaire 0,7 m de diamètre pour 2,5 m de profondeur environ Cavité associée à 7 autres fontis dans la meme zone survenue entre juin 2010 et janvier 2011(référencés séparement) et une dizaine de fontis à l'Est de faible ampleur (référencés sous le meme numero).La zone est une ancienne gravière qui forme une cuvette sans exutoire hydrologique naturel.L'urbanisation de la zone débute en decembre 2009 (5 habitations construites et un dépot de materiel de chantier). les désordres apparissent 6 mois-1an plus tard.L'evacuation des eaux semblent avoir été mal conçue, l'evacuation des eaux pluviales s'effectue par puisards rapidement saturés (inondations des zones basses durant les pluies).Le sous sol est composé de 3 à 10 m de calcaire karstifié (Calcaire à Asteries de l'Oligocène) puis 67 m de marnes imperméables.Il est très probable que les puisards et la nouvelle urbanisation ont réactivés d'anciens boyaux karstiques colmatés qui sont apparues dans les jardins des habitations, les déblais étant ravinés par les écoulements karstiques horizontaux importants au contact calcaire/marnes.
Risque de Fontis";;"gironde@brgm.fr";"2011-07-26";"sbdbAdministrateur@brgm.fr";;"2011-08-22";;"sbdbAdministrateur@brgm.fr";"2";;
"123857";"AQIAW0017162";;;"orifice_naturel_vertical";"naturelle";"naturelle";"Confidentiel";"abandon";"confidentiel";"Proces en cours en 2011";"Sous préfecture de Langon";"orifice visible";"précis";"precis";"GPS";"";"2011-02-15";;"2011-08-22";"";"";"";"";"";"";"33438";"Cavité effondrée et remblayée, phénomène évolutifCavités associées : AQIAW0017159 à AQIAW0017167Date de l'effondrement : Juin 2010Description : Fontis sous une cloture. Orifice de 2 x 0,5 m pour 1,5 m de profondeur environ. Cavité associée à 7 autres fontis dans la meme zone survenue entre juin 2010 et janvier 2011(référencés séparement) et une dizaine de fontis de faible ampleur (référencés sous le meme numero).La zone est une ancienne gravière qui forme une cuvette sans exutoire hydrologique naturel.L'urbanisation de la zone débute en decembre 2009 (5 habitations construites et un dépot de materiel de chantier). les désordres apparissent 6 mois-1an plus tard.L'evacuation des eaux semblent avoir été mal conçue, l'evacuation des eaux pluviales s'effectue par puisards rapidement saturés (inondations des zones basses durant les pluies).Le sous sol est composé de 3 à 10 m de calcaire karstifié (Calcaire à Asteries de l'Oligocène) puis 67 m de marnes imperméables.Il est très probable que les puisards et la nouvelle urbanisation ont réactivés d'anciens boyaux karstiques colmatés qui sont apparues dans les jardins des habitations, les déblais étant ravinés par les écoulements karstiques horizontaux importants au contact calcaire/marnes.
Risque de Fontis";;"gironde@brgm.fr";"2011-07-26";"sbdbAdministrateur@brgm.fr";;"2011-08-22";;"sbdbAdministrateur@brgm.fr";"2";;
"123860";"AQIAW0017163";;;"orifice_naturel_vertical";"naturelle";"naturelle";"Confidentiel";"abandon";"confidentiel";"Proces en cours en 2011";"Sous Préfecture de Langon";"orifice visible";"précis";"precis";"GPS";"";"2011-02-15";;"2011-08-22";"";"";"";"";"";"";"33438";"Cavité effondrée et remblayée, phénomène évolutifCavités associées : AQIAW0017159 à AQIAW0017167Date de l'effondrement : Juin 2010Description : Fontis à la base d'un mur de soutènement. Orifice de 1 x 0,8 m pour 0,5 m de profondeur environ. Cavité associée à 7 autres fontis dans la meme zone survenue entre juin 2010 et janvier 2011(référencés séparement) et une dizaine de fontis à l'Est de faible ampleur (référencés sous le meme numero).La zone est une ancienne gravière qui forme une cuvette sans exutoire hydrologique naturel.L'urbanisation de la zone débute en decembre 2009 (5 habitations construites et un dépot de materiel de chantier). les désordres apparissent 6 mois-1an plus tard.L'evacuation des eaux semblent avoir été mal conçue, l'evacuation des eaux pluviales s'effectue par puisards rapidement saturés (inondations des zones basses durant les pluies).Le sous sol est composé de 3 à 10 m de calcaire karstifié (Calcaire à Asteries de l'Oligocène) puis 67 m de marnes imperméables.Il est très probable que les puisards et la nouvelle urbanisation ont réactivés d'anciens boyaux karstiques colmatés qui sont apparues dans les jardins des habitations, les déblais étant ravinés par les écoulements karstiques horizontaux importants au contact calcaire/marnes.
Risque de Fontis";;"gironde@brgm.fr";"2011-07-26";"sbdbAdministrateur@brgm.fr";;"2011-08-22";;"sbdbAdministrateur@brgm.fr";"2";;
"125168";"AQIAW0017164";;;"orifice_naturel_vertical";"naturelle";"naturelle";"Confidentiel";"abandon";"confidentiel";"Proces en cours en 2011";"Sous Préfecture de Langon";"orifice visible";"précis";"precis";"GPS";"";"2011-02-15";;"2011-08-22";"";"";"";"";"";"";"33438";"Cavité effondrée et remblayée, phénomène évolutifCavités associées : AQIAW0017159 à AQIAW0017167Date de l'effondrement : Juin 2010Description :  Orifice circulaire de 1 m de diamètre pour 1,8 m de profondeur environ. Cavité associée à 7 autres fontis dans la meme zone survenue entre juin 2010 et janvier 2011(référencés séparement) et une dizaine de fontis à l'Est de faible ampleur (référencés sous le meme numero).La zone est une ancienne gravière qui forme une cuvette sans exutoire hydrologique naturel.L'urbanisation de la zone débute en decembre 2009 (5 habitations construites et un dépot de materiel de chantier). les désordres apparissent 6 mois-1an plus tard.L'evacuation des eaux semblent avoir été mal conçue, l'evacuation des eaux pluviales s'effectue par puisards rapidement saturés (inondations des zones basses durant les pluies).Le sous sol est composé de 3 à 10 m de calcaire karstifié (Calcaire à Asteries de l'Oligocène) puis 67 m de marnes imperméables.Il est très probable que les puisards et la nouvelle urbanisation ont réactivés d'anciens boyaux karstiques colmatés qui sont apparues dans les jardins des habitations, les déblais étant ravinés par les écoulements karstiques horizontaux importants au contact calcaire/marnes.
Risque de Fontis";;"gironde@brgm.fr";"2011-07-26";"sbdbAdministrateur@brgm.fr";;"2011-08-22";;"sbdbAdministrateur@brgm.fr";"2";;
"123408";"AQIAW0017165";;;"orifice_naturel_vertical";"naturelle";"naturelle";"Confidentiel";"abandon";"confidentiel";"Proces en cours en 2011";"Sous Préfecture de Langon";"orifice visible";"précis";"precis";"GPS";"";"2011-02-15";;"2011-08-22";"";"";"";"";"";"";"33438";"Cavité effondrée et remblayée, phénomène évolutifCavités associées : AQIAW0017159 à AQIAW0017167Date de l'effondrement : Juin 2010Description : Fontis sous une cloture. Orifice de 0,3 m pour 0,4 m de profondeur. Cavité associée à 7 autres fontis dans la meme zone survenue entre juin 2010 et janvier 2011(référencés séparement) et une dizaine de fontis à l'Est de faible ampleur (référencés sous le meme numero).La zone est une ancienne gravière qui forme une cuvette sans exutoire hydrologique naturel.L'urbanisation de la zone débute en decembre 2009 (5 habitations construites et un dépot de materiel de chantier). les désordres apparissent 6 mois-1an plus tard.L'evacuation des eaux semblent avoir été mal conçue, l'evacuation des eaux pluviales s'effectue par puisards rapidement saturés (inondations des zones basses durant les pluies).Le sous sol est composé de 3 à 10 m de calcaire karstifié (Calcaire à Asteries de l'Oligocène) puis 67 m de marnes imperméables.Il est très probable que les puisards et la nouvelle urbanisation ont réactivés d'anciens boyaux karstiques colmatés qui sont apparues dans les jardins des habitations, les déblais étant ravinés par les écoulements karstiques horizontaux importants au contact calcaire/marnes.
Risque de Fontis";;"gironde@brgm.fr";"2011-07-26";"sbdbAdministrateur@brgm.fr";;"2011-08-22";;"sbdbAdministrateur@brgm.fr";"2";;
"125307";"AQIAW0017166";;;"orifice_naturel_vertical";"naturelle";"naturelle";"Confidentiel";"abandon";"confidentiel";"Proces en cours en 2011";"Sous Préfecture de Langon";"orifice visible";"précis";"precis";"GPS";"";"2011-02-15";;"2011-08-22";"";"";"";"";"";"";"33438";"Cavité effondrée et remblayée, phénomène évolutifCavités associées : AQIAW0017159 à AQIAW0017167Date de l'effondrement : 26 Décembre 2010Description : Orifice circulaire de 0,3 m pour 0,3 m de profondeur. Cavité associée à 7 autres fontis dans la meme zone survenue entre juin 2010 et janvier 2011(référencés séparement) et une dizaine de fontis à l'Est de faible ampleur (référencés sous le meme numero).La zone est une ancienne gravière qui forme une cuvette sans exutoire hydrologique naturel.L'urbanisation de la zone débute en decembre 2009 (5 habitations construites et un dépot de materiel de chantier). les désordres apparissent 6 mois-1an plus tard.L'evacuation des eaux semblent avoir été mal conçue, l'evacuation des eaux pluviales s'effectue par puisards rapidement saturés (inondations des zones basses durant les pluies).Le sous sol est composé de 3 à 10 m de calcaire karstifié (Calcaire à Asteries de l'Oligocène) puis 67 m de marnes imperméables.Il est très probable que les puisards et la nouvelle urbanisation ont réactivés d'anciens boyaux karstiques colmatés qui sont apparues dans les jardins des habitations, les déblais étant ravinés par les écoulements karstiques horizontaux importants au contact calcaire/marnes.
Risque de Fontis";;"gironde@brgm.fr";"2011-07-26";"sbdbAdministrateur@brgm.fr";;"2011-08-22";;"sbdbAdministrateur@brgm.fr";"2";;
"125309";"AQIAW0017167";;;"orifice_naturel_vertical";"naturelle";"naturelle";"Confidentiel";"abandon";"confidentiel";"Proces en cours en 2011";"Sous Préfecture de Langon";"orifice visible";"approché";"approche";"GPS";"";"2011-02-15";;"2011-08-22";"";"";"";"";"";"";"33438";"Cavité effondrée et remblayée, phénomène évolutifCavités associées : AQIAW0017159 à AQIAW0017167Date de l'effondrement : Juin 2010 à janvier 2011Enssemble d'une dizaine de fontis à l'Est de la gravière, de faible ampleur (référencés sous le meme numero).La zone est une ancienne gravière qui forme une cuvette sans exutoire hydrologique naturel.L'urbanisation de la zone débute en decembre 2009 (5 habitations construites et un dépot de materiel de chantier). les désordres apparissent 6 mois-1an plus tard.L'evacuation des eaux semblent avoir été mal conçue, l'evacuation des eaux pluviales s'effectue par puisards rapidement saturés (inondations des zones basses durant les pluies).Le sous sol est composé de 3 à 10 m de calcaire karstifié (Calcaire à Asteries de l'Oligocène) puis 67 m de marnes imperméables.Il est très probable que les puisards et la nouvelle urbanisation ont réactivés d'anciens boyaux karstiques colmatés qui sont apparues dans les jardins des habitations, les déblais étant ravinés par les écoulements karstiques horizontaux importants au contact calcaire/marnes.
Risques de Fontis";;"gironde@brgm.fr";"2011-07-26";"sbdbAdministrateur@brgm.fr";;"2011-08-22";;"sbdbAdministrateur@brgm.fr";"2";;
"5130";"AQIAW0017169";;;"orifice_naturel_vertical";"naturelle";"naturelle";"Lastouret";"abandon";"public";;;"orifice visible";"approché";"approche";"autre";"100";"2011-01-05";;"2011-07-26";"5";"393972.000000";"1955912.000000";"18";"393972";"1955912";"33438";"Fiche BDMVT n°203 00296Cavité effondrée et remblayée, caractère évolutif inconnueDate : 31/08/1991Description : 2 fontis karstiques";;"gironde@brgm.fr";"2011-07-26";"gironde@brgm.fr";;"2011-08-22";;"sbdbAdministrateur@brgm.fr";"2";;
"124765";"AQIAW0017170";;;"orifice_naturel_vertical";"naturelle";"naturelle";"Les_Noyers";"abandon";"public";;;"orifice visible";"approché";"approche";"autre";"100";"2011-01-05";;"2011-07-27";"5";"395312.000000";"1955219.000000";"20";"395312";"1955219";"33438";"Fiche BDMVT n°203 00295Cavité effondrée et remblayée, caractère évolutif inconnueDate : 31/08/1991Description : 7 fontis karstiques";;"gironde@brgm.fr";"2011-07-26";"gironde@brgm.fr";;"2011-08-22";;"sbdbAdministrateur@brgm.fr";"2";;
"124598";"AQIAW0017171";;;"orifice_naturel_vertical";"naturelle";"naturelle";"Lavison";"abandon";"public";;;"orifice visible";"approché";"approche";"autre";"100";"2011-01-05";;"2011-07-27";"5";"394976.000000";"1955407.000000";"20";"394976";"1955407";"33438";"Fiche BDMVT n°203 00294Cavité effondrée et remblayée, caractère évolutif inconnueDate : 31/08/1991Description : 5 fontis karstiques";;"gironde@brgm.fr";"2011-07-26";"gironde@brgm.fr";;"2011-08-22";;"sbdbAdministrateur@brgm.fr";"2";;
"123487";"AQIAW0017184";;;"orifice_naturel_vertical";"naturelle";"naturelle";"Rond_point_d_Aquitaine";"abandon";"public";;;"orifice visible";"approché";"approche";"carte au 1/25000";"100";"1995-11-09";;"2013-01-21";"7";"441784.000000";"6389502.000000";"20";"394233";"1954034";"33227";"Fiche BDMVT n°203 00179Cavité effondrée et remblayée, caractère évolutif inconnueDate : 10/08/1995Description : 1 fontis de 60 cm de diamètre pour 6 m de profondeur (Chaussée touchée)Diagnostic : Fontis karstique dans le calcaire à AsteriesD'après coupures d epresse Sud-Ouest: apparition  suite aux orages d'Août  1995, de 2 affaissements : le 1er s'est produit fin août  sur  le terre-plein du rond-point, le  second (3 m de profdondeur) une semaine plus tard sur le parc de stationnement  en face du magasin Europcar.  Un nouvel effondrement (2 m de profondeur) se serait produit le 03/10/1995 sous la chaussée de la RN562 sur la rocade entre les 2 rond-point s d'Aquitaine et de Guyenne. 
risque de fontis";;"gironde@brgm.fr";"2011-07-26";"gironde@brgm.fr";;"2013-08-07";;"e.vanoudheusden@brgm.fr";"2";;
"123865";"AQIAW0017188";;;"orifice_naturel_vertical";"naturelle";"naturelle";"Langon_bourg_01";"abandon";"public";;;"orifice visible";"approché";"approche";"autre";"10";"2007-01-06";;"2011-07-27";"5";"394148.000000";"1953932.000000";"20";"394148";"1953932";"33227";"Fiche BDMVT n°203 00221Cavité effondrée et remblayée, caractère évolutif inconnueDate : 1993Description : 1 fontis (Trotoir touchée)Diagnostic : Fontis karstique dans le calcaire à Asteries";;"gironde@brgm.fr";"2011-07-27";"gironde@brgm.fr";;"2011-08-22";;"sbdbAdministrateur@brgm.fr";"2";;
"123866";"AQIAW0017189";;;"orifice_naturel_vertical";"naturelle";"naturelle";"Langon_bourg_02";"abandon";"public";;;"orifice visible";"approché";"approche";"autre";"10";"2007-01-06";;"2011-07-27";"5";"394076.000000";"1953888.000000";"20";"394076";"1953888";"33227";"Fiche BDMVT n°203 00222Cavité effondrée et remblayée, caractère évolutif inconnueDate : 03/10/1995Description : 2 fontis (chausée et puits touchés)Diagnostic : Fontis karstique dans le calcaire à Asteries
Risque de Fontis";;"gironde@brgm.fr";"2011-07-27";"gironde@brgm.fr";;"2011-08-22";;"sbdbAdministrateur@brgm.fr";"2";;
"123914";"AQIAW0017206";;;"indéterminée";"indéterminé";"indetermine";"Le_Violet_01";"indéterminé";"public";;;"orifice visible";"approché";"approche";"autre";"100";"2007-01-06";;"2012-04-17";"7";"437751.000000";"6390987.000000";"17";"390184";"1955487";"33337";"Fiches BDMVT n°203 00222Cavité partiellement effondrée et remblayée1 evenement connu en 1985 d'une profondeur de 8 m (Carrière ?)1 autre événement est décrit à proximité en 1986 d'une profondeur de 2 m pour un diametre de 3 m (fiche AQIAW0017207)";;"gironde@brgm.fr";"2011-07-27";"gironde@brgm.fr";;"2012-09-10";;"e.vanoudheusden@brgm.fr";"2";;
"124809";"AQIAW0017207";;;"indéterminée";"indéterminé";"indetermine";"Le_Violet_02";"indéterminé";"public";;;"orifice visible";"approché";"approche";"autre";"100";"2007-01-06";;"2012-04-17";"7";"437703.000000";"6390939.000000";"17";"390136";"1955439";"33337";"Fiches BDMVT n°203 00218Cavité partiellement effondrée et remblayée1 evenement connu en 1986 d'une profondeur de 2 m pour un diametre de 3 m 1 Autre événement est décrit à proximité en 1985 d'une profondeur de 8 m (fiche AQIAW0017206)";;"gironde@brgm.fr";"2011-07-27";"gironde@brgm.fr";;"2012-09-10";;"e.vanoudheusden@brgm.fr";"2";;
"124811";"AQIAW0017209";;;"indéterminée";"indéterminé";"indetermine";"Boutoc";"indéterminé";"public";;;"orifice visible";"précis";"precis";"autre";"10";"2007-01-06";;"2012-04-17";"7";"435967.000000";"6389495.000000";"35";"388410";"1953979";"33337";"Fiches BDMVT n°633 00290Cavité partiellement effondrée et remblayée1 evenement connu en février 1988 - Dommages sur les biens de nature et géométrie inconnue";;"gironde@brgm.fr";"2011-07-27";"gironde@brgm.fr";;"2012-09-10";;"e.vanoudheusden@brgm.fr";"2";;
"123917";"AQIAW0017211";;;"indéterminée";"indéterminé";"indetermine";"Le_Haire_01";"indéterminé";"public";;;"orifice visible";"approché";"approche";"autre";"100";"2007-01-06";;"2012-04-17";"7";"436195.000000";"6390192.000000";"25";"388633";"1954679";"33337";"Fiches BDMVT n°633 00285Cavité partiellement effondrée et remblayée1 evenement connu en 1990 - Dommages sur les biens de nature et géométrie inconnue";;"gironde@brgm.fr";"2011-07-27";"gironde@brgm.fr";;"2012-09-10";;"e.vanoudheusden@brgm.fr";"2";;
"123919";"AQIAW0017212";;;"indéterminée";"indéterminé";"indetermine";"Le_Haire_02";"indéterminé";"public";;;"orifice visible";"approché";"approche";"autre";"100";"2007-01-06";;"2012-04-17";"7";"436466.000000";"6390294.000000";"25";"388903";"1954783";"33337";"Fiches BDMVT n°203 00221Cavité partiellement effondrée et remblayée1 evenement connu en octobre 1995 - Dommages sur les biens de nature inconnueFontis de 3 m de profondeur sur 2 m de diamètres";;"gironde@brgm.fr";"2011-07-27";"gironde@brgm.fr";;"2012-09-10";;"e.vanoudheusden@brgm.fr";"2";;
"6393";"AQIAW0020571";;;"chambres et piliers";"carrière";"carriere";"Le_Bourg";"abandon";"public";;;"centre cavité";"précis";"precis";"plan au 1/500";"10";"2011-10-05";;"2012-10-16";"5";"392349.700000";"1985744.600000";;"392350";"1985745";"33303";"Carrière découverte suite à une inspection par puits .Bon état général.";;"bcsgironde@cg33.fr";"2012-10-15";"e.vanoudheusden@brgm.fr";;;;;"2";;
"126719";"AQIAW0021126";;;"orifice naturel";"naturelle";"naturelle";"Effondrement de terrain  quartier Mourange n°1";"indéterminé";"public";;;"orifice supposé";"approché";"approche";"carte au 1/25000";"200";"2005-05-26";;"2013-01-21";"7";"431507.000000";"6401726.000000";;"383845";"1966185";"33552";"Fontis d'origine naturelle survenu en 1983 (pas plus de précision). Pas d'information sur les dimensions.";;"gironde@brgm.fr";"2013-01-21";"gironde@brgm.fr";;"2013-08-07";;"e.vanoudheusden@brgm.fr";"2";;
"139370";"AQIAW0021128";;;"orifice naturel";"naturelle";"naturelle";"Effondrement de terrain quartier Mourange n°2";"indéterminé";"public";;;"orifice supposé";"approché";"approche";"carte au 1/25000";"200";"2005-05-26";;"2013-01-21";"7";"431515.000000";"6401740.000000";;"383853";"1966199";"33552";"Effondrement de terrain d'origine naturelle survenu en 1992 (pas plus de précision sur la date), mentionné dans un courrier du Bureau des carrières. Pas d'indication sur les dimensions. ";;"gironde@brgm.fr";"2013-01-21";"gironde@brgm.fr";;"2013-08-07";;"e.vanoudheusden@brgm.fr";"2";;
"126907";"AQIAW0021132";;;"orifice naturel";"naturelle";"naturelle";"Fontis les Granges n°1";"indéterminé";"public";;;"orifice supposé";"précis";"precis";"plan au 1/2000";"10";"2009-08-28";;"2013-01-21";"7";"460350.000000";"6415903.000000";;"412599";"1980614";"33344";"Effondrement karstique signalé par la mairie de Pujols  sur la parcelle AI281. Dimensions  1,7 m de diamètre, 2,5 m de profondeur.";;"gironde@brgm.fr";"2013-01-21";"gironde@brgm.fr";;"2013-08-07";;"e.vanoudheusden@brgm.fr";"2";;
"126644";"AQIAW0021135";;;"orifice naturel";"naturelle";"naturelle";"Fontis les Granges n°2";"indéterminé";"public";;;"orifice supposé";"précis";"precis";"plan au 1/2000";"20";"2009-08-28";;"2013-01-21";"7";"460295.000000";"6415690.000000";;"412545";"1980400";"33344";"Effondrement signalé par la mairie, survenu sur la parcelle AI28.  1,40 m de diamètre, 1,20 de profondeur.";;"gironde@brgm.fr";"2013-01-21";"gironde@brgm.fr";;"2013-08-07";;"e.vanoudheusden@brgm.fr";"2";;
"9506";"AQIAW0021137";;;"orifice naturel";"naturelle";"naturelle";"Affaissement les Granges n°1";"indéterminé";"public";;;"orifice supposé";"précis";"precis";"plan au 1/2000";"20";"2009-08-28";;"2013-01-21";"7";"460308.000000";"6415935.000000";;"412556";"1980646";"33344";"Affaissement daté de 1948  dans la partie Est de la parcelle 271. ";;"gironde@brgm.fr";"2013-01-21";"gironde@brgm.fr";;"2013-08-07";;"e.vanoudheusden@brgm.fr";"2";;
"139342";"AQIAW0021146";;;"orifice naturel";"naturelle";"naturelle";"Affaissement Les Granges n°2";"indéterminé";"public";;;"orifice supposé";"précis";"precis";"plan au 1/2000";"20";"2009-08-25";;"2013-01-21";"7";"460359.000000";"6415908.000000";;"412608";"1980619";"33344";"Affaissement signalé par la mairie le 08/01/1998, survenu récemment, sur la parcelle AI281. Dimensions  18 m par 14 m. ";;"gironde@brgm.fr";"2013-01-21";"gironde@brgm.fr";;"2013-08-07";;"e.vanoudheusden@brgm.fr";"2";;
"140034";"AQIAW0021147";;;"orifice naturel";"naturelle";"naturelle";"Affaissement les Granges n°3";"indéterminé";"public";;;"orifice supposé";"précis";"precis";"plan au 1/2000";"20";"2009-08-28";;"2013-01-21";"7";"460263.000000";"6415668.000000";;"412514";"1980378";"33344";"Affaissement survenu sur la parcelle AI28, ""ayant déjà été comblé dans les années 1975-80"".";;"gironde@brgm.fr";"2013-01-21";"gironde@brgm.fr";;"2013-08-07";;"e.vanoudheusden@brgm.fr";"2";;
"140159";"AQIAW0021264";;;"orifice naturel";"naturelle";"naturelle";"Cavité naturelle 2 lieu-dit L'Hopital ";"indéterminé";"public";;;"orifice supposé";"précis";"precis";"GPS";"5";"2006-09-28";;"2013-01-24";"7";"380106.000000";"6487955.000000";;"331687";"2052072";"33193";"Fontis survenu en même temps (28/09/2006) que l'effondrement ayant causé un mort et deux blessés au droit d'un lot du lotissement ""la Pinède de l'Océan"" (fiche AQIAA0021344).";;"gironde@brgm.fr";"2013-01-24";"gironde@brgm.fr";;"2013-08-07";;"e.vanoudheusden@brgm.fr";"2";;
"140035";"AQIAW0021266";;;"orifice naturel";"naturelle";"naturelle";"cavité naturelle 1";"indéterminé";"public";;;"orifice visible";"précis";"precis";"GPS";"5";"2010-03-18";;"2013-01-24";"7";"434094.000000";"6396955.000000";;"386474";"1961431";"33120";"Fontise découvert par le Bureau des carrières le 18/03/10  sur l'accotement de la route devant le site Arcilor., mais probablement existant depuis pluieurs semaines. Dimensions 3 x 1,5 m, profondeur 1,5 m. ";;"gironde@brgm.fr";"2013-01-24";"gironde@brgm.fr";;"2013-08-07";;"e.vanoudheusden@brgm.fr";"2";;
"139112";"AQIAW0021267";;;"orifice naturel";"naturelle";"naturelle";"cavité naturelle 2";"indéterminé";"public";;;"orifice visible";"précis";"precis";"GPS";"10";"1998-04-15";;"2013-01-24";"7";"434011.000000";"6396820.000000";;"386392";"1961295";"33120";"Fontis de 8 m de diamètre découvert mi-avril 1998, au PR1+507 de la RD117. Existence étude CETE, dossier ""le sable"".";;"gironde@brgm.fr";"2013-01-24";"gironde@brgm.fr";;"2013-08-07";;"e.vanoudheusden@brgm.fr";"2";;
"140050";"AQIAW0021268";;;"orifice naturel";"naturelle";"naturelle";"cavité naturelle 3";"indéterminé";"public";;;"orifice supposé";"précis";"precis";"GPS";"10";"2010-03-23";;"2013-01-24";"7";"434700.000000";"6397608.000000";;"387075";"1962089";"33120";"Indication suivante 'fontis sur bassin d'orage' apparaissant sur un plan du Bureau des carrières. Pas d'autre précision.";;"gironde@brgm.fr";"2013-01-24";"gironde@brgm.fr";;"2013-08-07";;"e.vanoudheusden@brgm.fr";"2";;
"126645";"AQIAW0021269";;;"orifice naturel";"naturelle";"naturelle";"cavité naturelle 4";"indéterminé";"public";;;"orifice visible";"précis";"precis";"GPS";"10";"2010-03-23";;"2013-01-24";"7";"434459.000000";"6397646.000000";;"386834";"1962126";"33120";"Mention ""affaissement sous limite garage (7 brouettes)"" apparaissant sur un plan du Biureau des carrières.  Pas d'autre précision.";;"gironde@brgm.fr";"2013-01-24";"gironde@brgm.fr";;"2013-08-07";;"e.vanoudheusden@brgm.fr";"2";;
"126584";"AQIAW0021278";;;"chambres et piliers";"carrière";"carriere";"Fontis au droit de la carrière Colas";"abandon";"public";;;"orifice visible";"précis";"precis";"GPS";"5";"2012-01-12";;"2013-01-24";"7";"434805.000000";"6391458.000000";;"387231";"1955934";"33343";"Fontis apparu dans l'accotement du chemin rural n°30. Débourrage dans la carrière de matériaux meubles remplissant un conduit karstique. ";;"gironde@brgm.fr";"2013-01-24";"gironde@brgm.fr";;"2013-08-07";;"e.vanoudheusden@brgm.fr";"2";;
"139720";"AQIAW0021281";;;"orifice naturel";"naturelle";"naturelle";"Cavité naturelle  1";"indéterminé";"public";;;"orifice visible";"précis";"precis";"GPS";"10";"2012-05-15";;"2013-01-24";"7";"437004.000000";"6391338.000000";;"389433";"1955832";"33337";"Fontis apparu vers la mi-mai 2012 sur la parcelle E661 (vignes).  Diamètre 1,5 m pour une profondeur visible de l'ordre de 1 m.  Pas de dégâts particuliers. ";;"gironde@brgm.fr";"2013-01-24";"gironde@brgm.fr";;"2013-08-07";;"e.vanoudheusden@brgm.fr";"2";;
"140036";"AQIAW0021283";;;"orifice naturel";"naturelle";"naturelle";"cavité naturelle 2";"indéterminé";"public";;;"orifice supposé";"approché";"approche";"GPS";"50";"2012-08-02";;"2013-01-24";"7";"436926.000000";"6391315.000000";;"389355";"1955809";"33337";"Fontis de plusieurs mètres de diamètre survenu selon le propriétaire de la parcelle en 1975.  Parcelle agricole (vignes ), pas de dégât. ";;"gironde@brgm.fr";"2013-01-24";"gironde@brgm.fr";;"2013-08-07";;"e.vanoudheusden@brgm.fr";"2";;
"140149";"AQIAW0021317";;;"orifice naturel";"naturelle";"naturelle";"Cavité naturelle lieu-dit Bout de Côte";"indéterminé";"public";;;"orifice visible";"précis";"precis";"GPS";"5";"2011-10-14";;"2013-01-24";"7";"449481.000000";"6389872.000000";;"401934";"1954468";"33106";"Apparition de deux fontis d'une quarantaine de centimètres de diamètre, distants de moins de 1 m, suite aux fortes pluies de Juillet 2011.  Profondeur visible environ 1 m.  Un troisième fontis de dimensions comparables s'est également formé quelques mètres plus au  Nord, dans le même alignement.  Désordres réapparus quelques semaines après le remblaiement opéré par  la commune.";;"gironde@brgm.fr";"2013-01-24";"gironde@brgm.fr";;"2013-08-07";;"e.vanoudheusden@brgm.fr";"2";;
"187882";"AQIAW0039314";;;"orifice naturel";"naturelle";"naturelle";"Grottes";"indéterminé";"public";;;"orifice visible";"approché";"approche";"carte au 1/10000";"25";"2021-03-31";;"2025-10-01";"6";"-0.597319";"44.728547";;;;"33238";"Les agents de la Communauté de communes de Montesquieu ont découvert deux grottes lors de l’entretien des rives de l’Eau Blanche, au niveau des services techniques municipaux.";"";"a.fondin@brgm.fr";;"S.Yart@brgm.fr";"2022-09-20";;"A.Vallet@brgm.fr";;"2";;
"186307";"AQIAW0039325";;;"puits-galeries";"ouvrage civil";"ouvrage civil";"Puits";"abandon";"public";;;"orifice visible";"précis";"precis";"plan au 1/200";"10";"2023-04-13";;"2025-03-24";"5";"390603.000000";"1990696.000000";"25";"390603";"1990696";"33539";"identifiant correspondant : BSS004HGGK";"";"a.fondin@brgm.fr";;"S.Yart@brgm.fr";"2023-04-18";;"c.garnier@brgm.fr";;"2";;
"187896";"AQIAW0039326";;;"orifice naturel";"naturelle";"naturelle";"Effondrement Nodris";"indéterminé";"public";;;"orifice visible";"précis";"precis";"plan au 1/200";"5";"2023-11-14";;"2025-10-09";"7";"394881.687000";"6467962.190000";"22";"346640";"2032183";"33545";"En bordure du giratoire et proche d'un bassin de rétention des eaux.";"";"a.fondin@brgm.fr";;"S.Yart@brgm.fr";"2023-11-15";;"c.garnier@brgm.fr";;"2";"2";
"187895";"AQIAW0039327";;;"galeries filantes";"carrière";"carriere";"Effondrement Le Clos Saint-Aubin";"abandon";"public";;;"orifice visible";"précis";"precis";"plan au 1/200";"2";"2023-03-15";;"2025-10-09";"5";"388399.000000";"1981605.000000";"66";"388399";"1981605";"33145";"Il est attesté que c'est une carrière souterraine, du fait des parois rectilignes marquées de traces d’outils, avec des clous sur la paroi.";"";"a.fondin@brgm.fr";;"S.Yart@brgm.fr";;;;;"2";"1"